artist_id,genre
41MozSoPIsD1dJM0CLPjZF,k-pop
41MozSoPIsD1dJM0CLPjZF,k-pop girl group
41MozSoPIsD1dJM0CLPjZF,pop
3Gm5F95VdRxW3mqCn8RPBJ,pop rap
3Gm5F95VdRxW3mqCn8RPBJ,portland hip hop
3Gm5F95VdRxW3mqCn8RPBJ,rap
3Gm5F95VdRxW3mqCn8RPBJ,underground hip hop
6qgnBH6iDM91ipVXv28OMu,alternative r&b
6qgnBH6iDM91ipVXv28OMu,escape room
6qgnBH6iDM91ipVXv28OMu,indie soul
6qgnBH6iDM91ipVXv28OMu,lgbtq+ hip hop
2RdwBSPQiwcmiDo9kixcl8,dance pop
2RdwBSPQiwcmiDo9kixcl8,pop
5YGY8feqx7naU7z4HrwZM6,pop
1U1el3k54VvEUzo3ybLPlM,colombian pop
4Gso3d4CscCijv0lmajZWs,rap
08GQAI4eElDnROBrJRGE0X,album rock
08GQAI4eElDnROBrJRGE0X,classic rock
08GQAI4eElDnROBrJRGE0X,rock
08GQAI4eElDnROBrJRGE0X,soft rock
08GQAI4eElDnROBrJRGE0X,yacht rock
1zJBFCev9UwOMcrZsLi2od,classic soul
1zJBFCev9UwOMcrZsLi2od,disco
1zJBFCev9UwOMcrZsLi2od,motown
1zJBFCev9UwOMcrZsLi2od,philly soul
1zJBFCev9UwOMcrZsLi2od,quiet storm
1zJBFCev9UwOMcrZsLi2od,soul
1zJBFCev9UwOMcrZsLi2od,soul blues
4frXpPxQQZwbCu3eTGnZEw,afrofuturism
4frXpPxQQZwbCu3eTGnZEw,indie soul
6vWDO969PvNqNYHIOW5v0m,pop
6vWDO969PvNqNYHIOW5v0m,r&b
5INjqkS1o8h1imAzPqGZBb,australian psych
5INjqkS1o8h1imAzPqGZBb,modern rock
5INjqkS1o8h1imAzPqGZBb,neo-psychedelic
5INjqkS1o8h1imAzPqGZBb,rock
4iHNK0tOyZPYnBU7nGAgpQ,dance pop
4iHNK0tOyZPYnBU7nGAgpQ,pop
4iHNK0tOyZPYnBU7nGAgpQ,urban contemporary
1dIdBZaaHRW2bDTkHNfWln,australian pop
1dIdBZaaHRW2bDTkHNfWln,candy pop
1dIdBZaaHRW2bDTkHNfWln,dance pop
1dIdBZaaHRW2bDTkHNfWln,girl group
1dIdBZaaHRW2bDTkHNfWln,post-teen pop
2pKRCZKuL3p3PDWMNCLAH8,modern indie pop
5Mq7iqCWBzofK39FBqblNc,british soul
5Mq7iqCWBzofK39FBqblNc,electropop
5Mq7iqCWBzofK39FBqblNc,neo soul
5Mq7iqCWBzofK39FBqblNc,pop soul
5Mq7iqCWBzofK39FBqblNc,uk pop
4E2rKHVDssGJm2SCDOMMJB,alternative r&b
6ueGR6SWhUJfvEhqkvMsVs,afrofuturism
6ueGR6SWhUJfvEhqkvMsVs,alternative r&b
6ueGR6SWhUJfvEhqkvMsVs,atl hip hop
6ueGR6SWhUJfvEhqkvMsVs,neo soul
6ueGR6SWhUJfvEhqkvMsVs,r&b
63XBtGSEZINSyXylZxEUbv,alternative r&b
5Vuvs6Py2JRU7WiFDVsI7J,alternative r&b
5Vuvs6Py2JRU7WiFDVsI7J,r&b
0GG2cWaonE4JPrjcCCQ1EG,indie soul
0GG2cWaonE4JPrjcCCQ1EG,uk dance
0GG2cWaonE4JPrjcCCQ1EG,vapor soul
7c0XG5cIJTrrAgEC3ULPiq,hip hop
7c0XG5cIJTrrAgEC3ULPiq,pop rap
7c0XG5cIJTrrAgEC3ULPiq,r&b
7c0XG5cIJTrrAgEC3ULPiq,southern hip hop
7c0XG5cIJTrrAgEC3ULPiq,trap
7c0XG5cIJTrrAgEC3ULPiq,trap soul
0ldU0QJm31y0d6f57R1G2A,bebop
0ldU0QJm31y0d6f57R1G2A,contemporary post-bop
0ldU0QJm31y0d6f57R1G2A,jazz
0ldU0QJm31y0d6f57R1G2A,jazz trio
3DtSOCXYU6o4EV0K1NgIKq,bebop
3DtSOCXYU6o4EV0K1NgIKq,contemporary post-bop
3DtSOCXYU6o4EV0K1NgIKq,jazz
3DtSOCXYU6o4EV0K1NgIKq,jazz piano
3DtSOCXYU6o4EV0K1NgIKq,stride
3DtSOCXYU6o4EV0K1NgIKq,vintage jazz
5V0MlUE1Bft0mbLlND7FJz,adult standards
5V0MlUE1Bft0mbLlND7FJz,jazz
5V0MlUE1Bft0mbLlND7FJz,jazz blues
5V0MlUE1Bft0mbLlND7FJz,soul
5V0MlUE1Bft0mbLlND7FJz,swing
5V0MlUE1Bft0mbLlND7FJz,vocal jazz
0NB5HROxc8dDBXpkIi1v3d,indie pop
0NB5HROxc8dDBXpkIi1v3d,modern alternative pop
1l8Fu6IkuTP0U5QetQJ5Xt,girl group
1l8Fu6IkuTP0U5QetQJ5Xt,pop
1l8Fu6IkuTP0U5QetQJ5Xt,talent show
7v4imS0moSyGdXyLgVTIV7,adult standards
7v4imS0moSyGdXyLgVTIV7,lounge
7v4imS0moSyGdXyLgVTIV7,soul
7v4imS0moSyGdXyLgVTIV7,swing
7v4imS0moSyGdXyLgVTIV7,vocal jazz
1eEfMU2AhEo7XnKgL7c304,adult standards
1eEfMU2AhEo7XnKgL7c304,mellow gold
1eEfMU2AhEo7XnKgL7c304,soft rock
6Ff53KvcvAj5U7Z1vojB5o,boy band
6Ff53KvcvAj5U7Z1vojB5o,dance pop
6Ff53KvcvAj5U7Z1vojB5o,pop
6XpaIBNiVzIetEPCWDvAFP,dance pop
1AwO9pWEBSBoWdEZu28XDC,torch song
1AwO9pWEBSBoWdEZu28XDC,vocal jazz
6Q192DXotxtaysaqNPy5yR,british soul
6Q192DXotxtaysaqNPy5yR,neo soul
4cPHsZM98sKzmV26wlwD2W,adult standards
4cPHsZM98sKzmV26wlwD2W,easy listening
4cPHsZM98sKzmV26wlwD2W,lounge
4cPHsZM98sKzmV26wlwD2W,rockabilly
6JL8zeS1NmiOftqZTRgdTz,hip pop
6JL8zeS1NmiOftqZTRgdTz,pop
32vWCbZh0xZ4o9gkz4PsEU,classic country pop
32vWCbZh0xZ4o9gkz4PsEU,country
32vWCbZh0xZ4o9gkz4PsEU,country dawn
5W5bDNCqJ1jbCgTxDD0Cb3,classic country pop
5W5bDNCqJ1jbCgTxDD0Cb3,classic texas country
5W5bDNCqJ1jbCgTxDD0Cb3,country
5W5bDNCqJ1jbCgTxDD0Cb3,country rock
5W5bDNCqJ1jbCgTxDD0Cb3,nashville sound
5W5bDNCqJ1jbCgTxDD0Cb3,outlaw country
5W5bDNCqJ1jbCgTxDD0Cb3,singer-songwriter
6VUdDU44uo3KwSHc9lAEFE,gospel
5NDMothbpdpq2xHqSjrrWn,contemporary r&b
5NDMothbpdpq2xHqSjrrWn,hip pop
5NDMothbpdpq2xHqSjrrWn,r&b
5NDMothbpdpq2xHqSjrrWn,urban contemporary
6O74knDqdv3XaWtkII7Xjp,boy band
6O74knDqdv3XaWtkII7Xjp,contemporary r&b
6O74knDqdv3XaWtkII7Xjp,new jack swing
6O74knDqdv3XaWtkII7Xjp,r&b
6O74knDqdv3XaWtkII7Xjp,urban contemporary
0urTpYCsixqZwgNTkPJOJ4,contemporary r&b
0urTpYCsixqZwgNTkPJOJ4,dance pop
0urTpYCsixqZwgNTkPJOJ4,hip pop
0urTpYCsixqZwgNTkPJOJ4,r&b
0urTpYCsixqZwgNTkPJOJ4,urban contemporary
246dkjvS1zLTtiykXe5h60,dfw rap
246dkjvS1zLTtiykXe5h60,melodic rap
246dkjvS1zLTtiykXe5h60,pop
246dkjvS1zLTtiykXe5h60,rap
5cj0lLjcoR7YOSnhnX0Po5,dance pop
5cj0lLjcoR7YOSnhnX0Po5,pop
7CajNmpbOovFoOoasH2HaY,dance pop
7CajNmpbOovFoOoasH2HaY,edm
7CajNmpbOovFoOoasH2HaY,electro house
7CajNmpbOovFoOoasH2HaY,house
7CajNmpbOovFoOoasH2HaY,pop
7CajNmpbOovFoOoasH2HaY,progressive house
7CajNmpbOovFoOoasH2HaY,uk dance
6M2wZ9GZgrQXHCFfjv46we,dance pop
6M2wZ9GZgrQXHCFfjv46we,pop
6M2wZ9GZgrQXHCFfjv46we,uk pop
50co4Is1HCEo8bhOyUWKpn,atl hip hop
50co4Is1HCEo8bhOyUWKpn,atl trap
50co4Is1HCEo8bhOyUWKpn,gangster rap
50co4Is1HCEo8bhOyUWKpn,melodic rap
50co4Is1HCEo8bhOyUWKpn,rap
50co4Is1HCEo8bhOyUWKpn,trap
0DbBBj0ScPumRqKXswGQH1,alternative r&b
0DbBBj0ScPumRqKXswGQH1,viral rap
6KImCVD70vtIoJWnq6nGn3,pop
2CuzDPkRD6BJBvdWqCrt2I,uk reggae
3wcj11K77LjEY1PkEazffa,afrobeats
3wcj11K77LjEY1PkEazffa,dancehall
3wcj11K77LjEY1PkEazffa,nigerian hip hop
3wcj11K77LjEY1PkEazffa,nigerian pop
5CXdWANGwYYRPClH6hhC0P,indie pop
5CXdWANGwYYRPClH6hhC0P,pov: indie
4QQgXkCYTt3BlENzhyNETg,disco
4QQgXkCYTt3BlENzhyNETg,funk
4QQgXkCYTt3BlENzhyNETg,jazz funk
4QQgXkCYTt3BlENzhyNETg,soul
3TVXtAsR1Inumwj472S9r4,canadian hip hop
3TVXtAsR1Inumwj472S9r4,canadian pop
3TVXtAsR1Inumwj472S9r4,hip hop
3TVXtAsR1Inumwj472S9r4,rap
3TVXtAsR1Inumwj472S9r4,toronto rap
4q3ewBCX7sLwd24euuV69X,reggaeton
4q3ewBCX7sLwd24euuV69X,trap latino
4q3ewBCX7sLwd24euuV69X,urbano latino
5n9bMYfz9qss2VOW89EVs2,cumbia
5n9bMYfz9qss2VOW89EVs2,latin alternative
5n9bMYfz9qss2VOW89EVs2,latin rock
5n9bMYfz9qss2VOW89EVs2,pop electronico
5n9bMYfz9qss2VOW89EVs2,tropical alternativo
1kMPdZQVdUhMDKDWOJM5iK,alternative r&b
1kMPdZQVdUhMDKDWOJM5iK,australian hip hop
5qfkUSH3ip5dD2eEPhjkT3,alternative r&b
3xPCFC8f7U3raEXOXQ3MrE,transpop
1XkoF8ryArs86LZvFOkbyr,dance pop
1XkoF8ryArs86LZvFOkbyr,neo soul
1XkoF8ryArs86LZvFOkbyr,r&b
1XkoF8ryArs86LZvFOkbyr,urban contemporary
3AuMNF8rQAKOzjYppFNAoB,atl hip hop
3AuMNF8rQAKOzjYppFNAoB,dance pop
3AuMNF8rQAKOzjYppFNAoB,hip pop
3AuMNF8rQAKOzjYppFNAoB,r&b
3AuMNF8rQAKOzjYppFNAoB,urban contemporary
0tbeZu9lv8YEKSQ9tZSslu,alternative r&b
0tbeZu9lv8YEKSQ9tZSslu,indie soul
0tbeZu9lv8YEKSQ9tZSslu,nyc pop
74KM79TiuVKeVCqs8QtB0B,pop
7tYKF4w9nC0nq9CsPZTHyP,pop
7tYKF4w9nC0nq9CsPZTHyP,r&b
7tYKF4w9nC0nq9CsPZTHyP,rap
6sFIWsNpZYqfjUpaCgueju,canadian pop
6sFIWsNpZYqfjUpaCgueju,dance pop
6sFIWsNpZYqfjUpaCgueju,pop
3fmMaLC5jjf2N4EC2kTx0u,australian dance
3fmMaLC5jjf2N4EC2kTx0u,australian indie
3fmMaLC5jjf2N4EC2kTx0u,downtempo
3fmMaLC5jjf2N4EC2kTx0u,escape room
6PDLwWvgYNMfBRLqC1h5cJ,alternative r&b
6PDLwWvgYNMfBRLqC1h5cJ,cali rap
07d5etnpjriczFBB8pxmRe,alternative r&b
07d5etnpjriczFBB8pxmRe,chicago rap
4LXBFNxqvOcdBVpbgKn6op,alternative r&b
4LXBFNxqvOcdBVpbgKn6op,pop soul
1URnnhqYAYcrqrcwql10ft,atl hip hop
1URnnhqYAYcrqrcwql10ft,hip hop
1URnnhqYAYcrqrcwql10ft,rap
1URnnhqYAYcrqrcwql10ft,trap
181bsRPaVXVlUKXrxwZfHK,houston rap
181bsRPaVXVlUKXrxwZfHK,pop
181bsRPaVXVlUKXrxwZfHK,rap
181bsRPaVXVlUKXrxwZfHK,trap queen
78rUTD7y6Cy67W1RVzYs7t,bedroom pop
07UJz804RJxqNvxFXC3h9H,future bass
07UJz804RJxqNvxFXC3h9H,scottish electronic
07UJz804RJxqNvxFXC3h9H,vapor twitch
2MPHBxznH1fj59jbOWY38u,afrofuturism
2MPHBxznH1fj59jbOWY38u,alternative r&b
2MPHBxznH1fj59jbOWY38u,experimental r&b
2MPHBxznH1fj59jbOWY38u,indie soul
2MPHBxznH1fj59jbOWY38u,la pop
2JfVCMa3FlvQRlLT5uH9zb,vocal jazz
61677A13kBwbTfqECI65p8,indie r&b
0NIIxcxNHmOoyBx03SfTCD,alternative r&b
0NIIxcxNHmOoyBx03SfTCD,dance pop
0NIIxcxNHmOoyBx03SfTCD,metropopolis
0NIIxcxNHmOoyBx03SfTCD,pop
0NIIxcxNHmOoyBx03SfTCD,r&b
0NIIxcxNHmOoyBx03SfTCD,urban contemporary
4fpTMHe34LC5t3h5ztK8qu,r&b
7GN9PivdemQRKjDt4z5Zv8,alternative r&b
7GN9PivdemQRKjDt4z5Zv8,lgbtq+ hip hop
3jk39CGeaaSO3FPKNx1RUx,alternative r&b
3jk39CGeaaSO3FPKNx1RUx,lgbtq+ hip hop
7gSjFKpVmDgC2MMsnN8CYq,neo soul
7gSjFKpVmDgC2MMsnN8CYq,r&b
7gSjFKpVmDgC2MMsnN8CYq,urban contemporary
3jK9MiCrA42lLAdMGUZpwa,escape room
3jK9MiCrA42lLAdMGUZpwa,hip hop
3jK9MiCrA42lLAdMGUZpwa,indie soul
3jK9MiCrA42lLAdMGUZpwa,neo soul
1ooV8YZC1KbpEcrmI8WH0F,pop soul
5FxD8fkQZ6KcsSYupDVoSO,bedroom pop
5FxD8fkQZ6KcsSYupDVoSO,bedroom soul
4wXchxfTTggLtzkoUhO86Q,art pop
4wXchxfTTggLtzkoUhO86Q,bubblegrunge
4wXchxfTTggLtzkoUhO86Q,indie pop
4wXchxfTTggLtzkoUhO86Q,indie rock
4wXchxfTTggLtzkoUhO86Q,small room
7MoIc5s9KXolCBH1fy9kkw,art pop
7MoIc5s9KXolCBH1fy9kkw,eugene indie
7MoIc5s9KXolCBH1fy9kkw,indie pop
7MoIc5s9KXolCBH1fy9kkw,indie rock
7MoIc5s9KXolCBH1fy9kkw,philly indie
0cGUm45nv7Z6M6qdXYQGTX,pop
0cGUm45nv7Z6M6qdXYQGTX,r&b
0Ek89uaJyo6NfWK22awFvI,alternative r&b
7aFTOGFDEqDtJUCziLVsVC,alternative r&b
7aFTOGFDEqDtJUCziLVsVC,uk contemporary r&b
4ClziihVpBeFXNyDH83Lde,alternative r&b
4ClziihVpBeFXNyDH83Lde,bedroom soul
0HthCchcL0kVLHTr113Vk1,alt z
0HthCchcL0kVLHTr113Vk1,bedroom pop
0HthCchcL0kVLHTr113Vk1,indie pop
0HthCchcL0kVLHTr113Vk1,pov: indie
4rljPSpCHQzUJMNOvmw1DL,la pop
06Iig2bqY8mv98B1c9Iyo8,dreamgaze
06Iig2bqY8mv98B1c9Iyo8,swedish indie rock
6tpaMMCs8X6o8j9H5OmWmT,alternative r&b
6tpaMMCs8X6o8j9H5OmWmT,experimental r&b
6l7R1jntPahGxwJt7Tky8h,experimental r&b
6O5k8LLRfDK8v9jj1GazAQ,british jazz
1vaQ6v3pOFxAIrFoPrAcom,alternative r&b
57LYzLEk2LcFghVwuWbcuS,r&b
4596e2d3KmYzAeVenjCxfj,alternative r&b
4596e2d3KmYzAeVenjCxfj,indie soul
2oZcMYiKpjaA2Et5mU3RPP,dancehall
2oZcMYiKpjaA2Et5mU3RPP,modern reggae
74CcYmmNeHKe5PrZaISk8e,alternative r&b
7ltDVBr6mKbRvohxheJ9h1,pop
7ltDVBr6mKbRvohxheJ9h1,r&b en espanol
1Xyo4u8uXC1ZmMpatF05PJ,canadian contemporary r&b
1Xyo4u8uXC1ZmMpatF05PJ,canadian pop
1Xyo4u8uXC1ZmMpatF05PJ,pop
3wws8s15DuuQWiG2xct414,boom bap
6TqQLejnHXMGr7KcegxUND,classic soul
6TqQLejnHXMGr7KcegxUND,motown
6TqQLejnHXMGr7KcegxUND,quiet storm
6TqQLejnHXMGr7KcegxUND,rhythm and blues
6TqQLejnHXMGr7KcegxUND,soul
3sGyf3EDcvQ4PB9AGIg84M,afrofuturism
3sGyf3EDcvQ4PB9AGIg84M,alternative r&b
3sGyf3EDcvQ4PB9AGIg84M,psychedelic hip hop
6atGQM99IrRfUefJFore1B,alternative r&b
6atGQM99IrRfUefJFore1B,escape room
6atGQM99IrRfUefJFore1B,trap queen
3sHS70DMNgPxRqx2fUNrRA,indie r&b
6YJmIS23jxjp6Edi2zTPzn,samba-jazz
6nB0iY1cjSY1KyhYyuIIKH,afrofuturism
6nB0iY1cjSY1KyhYyuIIKH,alternative r&b
6nB0iY1cjSY1KyhYyuIIKH,art pop
6nB0iY1cjSY1KyhYyuIIKH,escape room
6nB0iY1cjSY1KyhYyuIIKH,experimental r&b
6nB0iY1cjSY1KyhYyuIIKH,trip hop
1anAI9P9iSzc9qzLv6AtHZ,la indie
1JspXUvEv3D9ddMeLNqYWj,modern indie pop
2wIVse2owClT7go1WT98tk,dance pop
2wIVse2owClT7go1WT98tk,hip hop
2wIVse2owClT7go1WT98tk,hip pop
2wIVse2owClT7go1WT98tk,neo soul
2wIVse2owClT7go1WT98tk,pop rap
2wIVse2owClT7go1WT98tk,r&b
2wIVse2owClT7go1WT98tk,rap
2wIVse2owClT7go1WT98tk,urban contemporary
2wIVse2owClT7go1WT98tk,virginia hip hop
581C5Qwl87TskfBEzuoisu,brooklyn indie
581C5Qwl87TskfBEzuoisu,sped up
6HvZYsbFfjnjFrWF950C9d,k-pop
6HvZYsbFfjnjFrWF950C9d,k-pop girl group
3M3wTTCDwicRubwMyHyEDy,alternative r&b
3M3wTTCDwicRubwMyHyEDy,art pop
3M3wTTCDwicRubwMyHyEDy,electra
3M3wTTCDwicRubwMyHyEDy,escape room
3M3wTTCDwicRubwMyHyEDy,grimewave
3M3wTTCDwicRubwMyHyEDy,hyperpop
2RqrWplViWHSGLzlhmDcbt,alternative r&b
2RqrWplViWHSGLzlhmDcbt,art pop
2RqrWplViWHSGLzlhmDcbt,escape room
2RqrWplViWHSGLzlhmDcbt,experimental house
3J0BpFVUc9LeOIVeN5uNhU,r&b
3MM3uKNdJbvefUael12dl3,alternative r&b
2kQnsbKnIiMahOetwlfcaS,alternative r&b
2kQnsbKnIiMahOetwlfcaS,indie soul
4cUkGQyhLFqKHBtL58HYVp,indie soul
4cUkGQyhLFqKHBtL58HYVp,la pop
0DtXHIvJ8NWBg5pGvsgWnR,alternative r&b
0DtXHIvJ8NWBg5pGvsgWnR,escape room
0DtXHIvJ8NWBg5pGvsgWnR,trap queen
3ycxRkcZ67ALN3GQJ57Vig,alternative r&b
3ycxRkcZ67ALN3GQJ57Vig,indie soul
1A9o3Ljt67pFZ89YtPPL5X,alternative r&b
1A9o3Ljt67pFZ89YtPPL5X,scandinavian r&b
1A9o3Ljt67pFZ89YtPPL5X,swedish soul
4V8LLVI7PbaPR0K2TGSxFF,hip hop
4V8LLVI7PbaPR0K2TGSxFF,rap
4VA3EAvncrTucjTmrvd4GE,alternative r&b
4VA3EAvncrTucjTmrvd4GE,indie soul
21C9Dbg9CD3Dv8NaD7iW8e,alternative r&b
21C9Dbg9CD3Dv8NaD7iW8e,tennessee hip hop
21C9Dbg9CD3Dv8NaD7iW8e,trap queen
5ITI6SEoUZMIXXkzCfr4oE,dance pop
0dUYLC7DLjeS8gIh8cz2Pq,alternative r&b
1ewyVtTZBqFYWIcepopRhp,chicago rap
1ewyVtTZBqFYWIcepopRhp,indie hip hop
1ewyVtTZBqFYWIcepopRhp,underground hip hop
58hqTaCiqGrMsNmmm3qL7w,alternative r&b
0Adbm5kzcPUxFybf9fhjgG,soulful house
5d6YpWfrSRRZBTgfLt0xcz,indie electropop
6I3MElirhT5t6Kf7p0hGk9,alternative r&b
5Q81rlcTFh3k6DQJXPdsot,channel islands indie
5Q81rlcTFh3k6DQJXPdsot,hyperpop
5Q81rlcTFh3k6DQJXPdsot,indie soul
5Q81rlcTFh3k6DQJXPdsot,vapor soul
2fOvE1l01YyORhYzwoaLCM,alternative r&b
2fOvE1l01YyORhYzwoaLCM,uk contemporary r&b
7bcjgJLky9kVQ4GcrQTibn,straight-ahead jazz
5RTLRtXjbXI2lSXc6jxlAz,alternative r&b
5RTLRtXjbXI2lSXc6jxlAz,indie soul
25uiPmTg16RbhZWAqwLBy5,art pop
25uiPmTg16RbhZWAqwLBy5,candy pop
25uiPmTg16RbhZWAqwLBy5,metropopolis
25uiPmTg16RbhZWAqwLBy5,pop
25uiPmTg16RbhZWAqwLBy5,uk pop
2KEqzdPS7M5YwGmiuPTdr5,art pop
2KEqzdPS7M5YwGmiuPTdr5,electropop
2KEqzdPS7M5YwGmiuPTdr5,indie pop
4fd3n8zcAmsG2up1QWDNj5,south african alternative
4fd3n8zcAmsG2up1QWDNj5,south african electronic
6HwxMgE895sejjGFin9Gvm,afro soul
6HwxMgE895sejjGFin9Gvm,south african pop
6HwxMgE895sejjGFin9Gvm,south african pop dance
22KyrgRdE2K6aB5wtZls3c,indie hip hop
68kEuyFKyqrdQQLLsmiatm,conscious hip hop
68kEuyFKyqrdQQLLsmiatm,hip hop
68kEuyFKyqrdQQLLsmiatm,rap
68kEuyFKyqrdQQLLsmiatm,underground hip hop
4kIwETcbpuFgRukE8o7Opx,indie soul
4kIwETcbpuFgRukE8o7Opx,uk contemporary r&b
1ybINI1qPiFbwDXamRtwxD,alternative r&b
0Wwji82sLA0Hcvtuak3omb,alternative r&b
0Wwji82sLA0Hcvtuak3omb,modern indie pop
2LIk90788K0zvyj2JJVwkJ,deep underground hip hop
2LIk90788K0zvyj2JJVwkJ,kentucky hip hop
2LIk90788K0zvyj2JJVwkJ,pop rap
2LIk90788K0zvyj2JJVwkJ,rap
7Hjbimq43OgxaBRpFXic4x,alternative r&b
7Hjbimq43OgxaBRpFXic4x,chicago rap
4lPl9gqgox3JDiaJ1yklKh,alternative r&b
1YfEcTuGvBQ8xSD1f53UnK,east coast hip hop
1YfEcTuGvBQ8xSD1f53UnK,hardcore hip hop
1YfEcTuGvBQ8xSD1f53UnK,hip hop
1YfEcTuGvBQ8xSD1f53UnK,pop rap
1YfEcTuGvBQ8xSD1f53UnK,rap
6cK3NBO6uP7hh0oyuVELFl,cali rap
6cK3NBO6uP7hh0oyuVELFl,trap queen
3Y7RZ31TRPVadSFVy1o8os,r&b
3Y7RZ31TRPVadSFVy1o8os,rap
64H8UqGLbJFHwKtGxiV8OP,modern alternative pop
3rWZHrfrsPBxVy692yAIxF,afrofuturism
3rWZHrfrsPBxVy692yAIxF,pop
3rWZHrfrsPBxVy692yAIxF,post-teen pop
3rWZHrfrsPBxVy692yAIxF,pov: indie
1xoxekeb8jUVHKJB7m6bfg,bedroom soul
6XS2GPyMwHEgAn0VspnhMf,indian jazz
0Eee47Sroig9UczLZGtyVn,experimental r&b
4c2ighP1wj8E5dVGJDCOiB,alternative r&b
4c2ighP1wj8E5dVGJDCOiB,arkansas hip hop
4c2ighP1wj8E5dVGJDCOiB,multidisciplinary
4c2ighP1wj8E5dVGJDCOiB,trap queen
4kYSro6naA4h99UJvo89HB,pop
4kYSro6naA4h99UJvo89HB,rap
7rXMvXRnWHaSwnVvPeUUfw,funk carioca
7rXMvXRnWHaSwnVvPeUUfw,pop lgbtq+ brasileira
3aQeKQSyrW4qWr35idm0cy,dance pop
3aQeKQSyrW4qWr35idm0cy,gangster rap
3aQeKQSyrW4qWr35idm0cy,hip hop
3aQeKQSyrW4qWr35idm0cy,pop rap
3aQeKQSyrW4qWr35idm0cy,r&b
3aQeKQSyrW4qWr35idm0cy,rap
3aQeKQSyrW4qWr35idm0cy,southern hip hop
3aQeKQSyrW4qWr35idm0cy,trap
3aQeKQSyrW4qWr35idm0cy,urban contemporary
6veh5zbFpm31XsPdjBgPER,rap latina
6veh5zbFpm31XsPdjBgPER,trap queen
3EaMWS6JZsJwBICEFUsWPR,experimental r&b
1cWyN6TA0n4j9JtqI0sOpt,alternative r&b
1cWyN6TA0n4j9JtqI0sOpt,boston hip hop
1OzwSkNJ5OCaMAgdnBFguj,alte
1OzwSkNJ5OCaMAgdnBFguj,nigerian pop
0IF46mUS8NXjgHabxk2MCM,dance pop
0IF46mUS8NXjgHabxk2MCM,hip pop
0IF46mUS8NXjgHabxk2MCM,neo soul
0IF46mUS8NXjgHabxk2MCM,urban contemporary
6RIJu05yhEIYskbVgxmk3R,afroswing
1Naqgo0HMRoumRP0e2MXD9,alternative r&b
1Naqgo0HMRoumRP0e2MXD9,uk contemporary r&b
1LFKKuzn302wp15dYH28id,country
1LFKKuzn302wp15dYH28id,country dawn
1LFKKuzn302wp15dYH28id,nashville sound
1FE0rls8gfQT3laAeRYNgl,classic country pop
1FE0rls8gfQT3laAeRYNgl,country
1FE0rls8gfQT3laAeRYNgl,nashville sound
7dNsHhGeGU5MV01r06O8gK,nashville sound
5cMVRrisBpDkXCVG48epED,chamber pop
5cMVRrisBpDkXCVG48epED,indie pop
5cMVRrisBpDkXCVG48epED,new americana
6kACVPfCOnqzgfEF5ryl0x,arkansas country
6kACVPfCOnqzgfEF5ryl0x,outlaw country
6kACVPfCOnqzgfEF5ryl0x,rock
1sXbwvCQLGZnaH0Jp2HTVc,country rock
1sXbwvCQLGZnaH0Jp2HTVc,folk
1sXbwvCQLGZnaH0Jp2HTVc,folk rock
1sXbwvCQLGZnaH0Jp2HTVc,heartland rock
1sXbwvCQLGZnaH0Jp2HTVc,mellow gold
1sXbwvCQLGZnaH0Jp2HTVc,singer-songwriter
1sXbwvCQLGZnaH0Jp2HTVc,soft rock
5s6TJEuHTr9GR894wc6VfP,country rock
5s6TJEuHTr9GR894wc6VfP,folk
5s6TJEuHTr9GR894wc6VfP,lilith
5s6TJEuHTr9GR894wc6VfP,melancholia
5s6TJEuHTr9GR894wc6VfP,singer-songwriter
0XKOBt59crntr7HQXXO8Yz,contemporary country
0XKOBt59crntr7HQXXO8Yz,country
0XKOBt59crntr7HQXXO8Yz,country road
70kkdajctXSbqSMJbQO424,classic texas country
70kkdajctXSbqSMJbQO424,contemporary country
70kkdajctXSbqSMJbQO424,country dawn
7emRV8AluG3d4e5T0DZiK9,classic rock
7emRV8AluG3d4e5T0DZiK9,country rock
7emRV8AluG3d4e5T0DZiK9,folk
7emRV8AluG3d4e5T0DZiK9,folk rock
7emRV8AluG3d4e5T0DZiK9,heartland rock
7emRV8AluG3d4e5T0DZiK9,mellow gold
7emRV8AluG3d4e5T0DZiK9,soft rock
25IG9fa7cbdmCIy3OnuH57,contemporary country
25IG9fa7cbdmCIy3OnuH57,country
25IG9fa7cbdmCIy3OnuH57,country dawn
5e4Dhzv426EvQe3aDb64jL,canadian country
5e4Dhzv426EvQe3aDb64jL,canadian pop
5e4Dhzv426EvQe3aDb64jL,contemporary country
5e4Dhzv426EvQe3aDb64jL,country
5e4Dhzv426EvQe3aDb64jL,country dawn
6LqNN22kT3074XbTVUrhzX,dance pop
6LqNN22kT3074XbTVUrhzX,pop
6xvpfMjWTougrRRtK7iikz,contemporary country
6xvpfMjWTougrRRtK7iikz,country
5J6L7N6B4nI1M5cwa29mQG,bluegrass
5J6L7N6B4nI1M5cwa29mQG,folk
5J6L7N6B4nI1M5cwa29mQG,progressive bluegrass
7EK1bQADBoqbYXnT4Cqv9w,classic country pop
7EK1bQADBoqbYXnT4Cqv9w,folk
7EK1bQADBoqbYXnT4Cqv9w,folk rock
7EK1bQADBoqbYXnT4Cqv9w,mellow gold
7EK1bQADBoqbYXnT4Cqv9w,singer-songwriter
7EK1bQADBoqbYXnT4Cqv9w,soft rock
7dmeVSH4lJqxXU7C87dKIB,country
7dmeVSH4lJqxXU7C87dKIB,country dawn
7dmeVSH4lJqxXU7C87dKIB,country road
7dmeVSH4lJqxXU7C87dKIB,outlaw country
36KsCCwgI0Dep97yVJWmkK,colombian pop
36KsCCwgI0Dep97yVJWmkK,gypsy jazz
36KsCCwgI0Dep97yVJWmkK,latin alternative
2Otnykd696YidQYfEGVmNq,bachata
2Otnykd696YidQYfEGVmNq,dominican pop
2Otnykd696YidQYfEGVmNq,reggae en espanol
4IVAbR2w4JJNJDDRFP3E83,atl hip hop
4IVAbR2w4JJNJDDRFP3E83,melodic rap
4IVAbR2w4JJNJDDRFP3E83,r&b
4IVAbR2w4JJNJDDRFP3E83,rap
4IVAbR2w4JJNJDDRFP3E83,trap
5xuNBZoM7z1Vv8IQ6uM0p6,dance pop
5xuNBZoM7z1Vv8IQ6uM0p6,pop
5xuNBZoM7z1Vv8IQ6uM0p6,post-teen pop
04vj3iPUiVh5melWr0w3xT,art pop
04vj3iPUiVh5melWr0w3xT,electro-pop francais
04vj3iPUiVh5melWr0w3xT,metropopolis
04vj3iPUiVh5melWr0w3xT,shimmer pop
4Ge8xMJNwt6EEXOzVXju9a,art pop
4Ge8xMJNwt6EEXOzVXju9a,escape room
4Ge8xMJNwt6EEXOzVXju9a,indie pop
4Ge8xMJNwt6EEXOzVXju9a,indietronica
4dpARuHxo51G3z768sgnrY,british soul
4dpARuHxo51G3z768sgnrY,pop
4dpARuHxo51G3z768sgnrY,pop soul
4dpARuHxo51G3z768sgnrY,uk pop
3PhoLpVuITZKcymswpck5b,glam rock
3PhoLpVuITZKcymswpck5b,mellow gold
3PhoLpVuITZKcymswpck5b,piano rock
3PhoLpVuITZKcymswpck5b,rock
6n28c9qs9hNGriNa72b26u,alternative dance
6n28c9qs9hNGriNa72b26u,aussietronica
6n28c9qs9hNGriNa72b26u,australian dance
6n28c9qs9hNGriNa72b26u,australian electropop
0du5cEVh5yTK9QJze8zA0C,dance pop
0du5cEVh5yTK9QJze8zA0C,pop
6PvvGcCY2XtUcSRld1Wilr,neo soul
6xdRb2GypJ7DqnWAI2mHGn,indie pop
6xdRb2GypJ7DqnWAI2mHGn,indie poptimism
6xdRb2GypJ7DqnWAI2mHGn,la pop
6xdRb2GypJ7DqnWAI2mHGn,metropopolis
2AmfMGi3WZMxqFDHissIAe,alt z
2AmfMGi3WZMxqFDHissIAe,indie pop
2AmfMGi3WZMxqFDHissIAe,uk pop
42TFhl7WlMRXiNqzSrnzPL,classic rock
42TFhl7WlMRXiNqzSrnzPL,glam rock
42TFhl7WlMRXiNqzSrnzPL,permanent wave
42TFhl7WlMRXiNqzSrnzPL,rock
42TFhl7WlMRXiNqzSrnzPL,singer-songwriter
3nuc29fYGlQbIrwh4yrNWd,boston rock
3nuc29fYGlQbIrwh4yrNWd,indie folk
3nuc29fYGlQbIrwh4yrNWd,new americana
3e7awlrlDSwF3iM0WBjGMp,girl group
3e7awlrlDSwF3iM0WBjGMp,pop
3e7awlrlDSwF3iM0WBjGMp,talent show
3e7awlrlDSwF3iM0WBjGMp,uk pop
23KIrX6iPiVOkx60F4bjNq,indie hip hop
23KIrX6iPiVOkx60F4bjNq,indie r&b
4SqTiwOEdYrNayaGMkc7ia,indie poptimism
4SqTiwOEdYrNayaGMkc7ia,metropopolis
34A8vV1MCxGpA14KspqQuC,gen z singer-songwriter
3Nrfpe0tUJi4K4DXYWgMUX,k-pop
3Nrfpe0tUJi4K4DXYWgMUX,k-pop boy group
3Nrfpe0tUJi4K4DXYWgMUX,pop
66CXWjxzNUsdJxJ2JdwvnR,pop
7jVv8c5Fj3E9VhNjxT4snq,lgbtq+ hip hop
6S2OmqARrzebs0tKUEyXyp,pop
6S2OmqARrzebs0tKUEyXyp,post-teen pop
0I5HubncQ8E1MFZOlPDY4J,atl hip hop
0I5HubncQ8E1MFZOlPDY4J,dirty south rap
0I5HubncQ8E1MFZOlPDY4J,trap
3Xt3RrJMFv5SZkCfUE8C1J,alt z
3Xt3RrJMFv5SZkCfUE8C1J,pop
3Xt3RrJMFv5SZkCfUE8C1J,transpop
4XDi67ZENZcbfKnvMnTYsI,k-pop
4XDi67ZENZcbfKnvMnTYsI,k-rap
4XDi67ZENZcbfKnvMnTYsI,korean r&b
4QM5QCHicznALtX885CnZC,escape room
4QM5QCHicznALtX885CnZC,hyperpop
4QM5QCHicznALtX885CnZC,pink noise
4QM5QCHicznALtX885CnZC,proto-hyperpop
0AsThoR4KZSVktALiNcQwW,r&b
6niigcazB2JPcpasZfZvq1,korean dream pop
3tlXnStJ1fFhdScmQeLpuG,r&b
3tlXnStJ1fFhdScmQeLpuG,rap
4yJHrytMK7mqtKsXVGaBNg,alternative r&b
4yJHrytMK7mqtKsXVGaBNg,indie r&b
2cWZOOzeOm4WmBJRnD5R7I,pop
2cWZOOzeOm4WmBJRnD5R7I,r&b
6nVcHLIgY5pE2YCl8ubca1,reggaeton
6nVcHLIgY5pE2YCl8ubca1,trap latino
6nVcHLIgY5pE2YCl8ubca1,urbano latino
4wrzxtBZw20ufDstKyTnnP,uk pop
15GGbJKqC6w0VYyAJtjej6,nyc rap
4mErKO4g29SXtBwj4S80aB,alternative r&b
4mErKO4g29SXtBwj4S80aB,indie r&b
4UodukR17NIQfNu5uaqm9B,afrofuturism
4UodukR17NIQfNu5uaqm9B,alternative r&b
5oOhM2DFWab8XhSdQiITry,downtempo
5oOhM2DFWab8XhSdQiITry,electronica
5oOhM2DFWab8XhSdQiITry,indietronica
5oOhM2DFWab8XhSdQiITry,intelligent dance music
2RP4pPHTXlQpDnO9LvR7Yt,alternative r&b
2RP4pPHTXlQpDnO9LvR7Yt,british soul
2RP4pPHTXlQpDnO9LvR7Yt,indie soul
2RP4pPHTXlQpDnO9LvR7Yt,neo soul
2RP4pPHTXlQpDnO9LvR7Yt,pop soul
2RP4pPHTXlQpDnO9LvR7Yt,soul
5YZ5AExR68U3ZblH6HcO6B,alternative r&b
0oBsnAC3fzYkTHF3bkfNx6,alternative r&b
0oBsnAC3fzYkTHF3bkfNx6,indie soul
6d6ts87Fxm1EdULf4CaLw4,indie pop
0iqCNJHozJhcjPDoX1EJ6a,modern indie pop
3Vl9fyKMIdLMswk8ai3mm9,teen pop
2AfU5LYBVCiCtuCCfM7uVX,underground hip hop
2AcUPzkVWo81vumdzeLLRN,art pop
2AcUPzkVWo81vumdzeLLRN,downtempo
2AcUPzkVWo81vumdzeLLRN,indie soul
2AcUPzkVWo81vumdzeLLRN,indietronica
2AcUPzkVWo81vumdzeLLRN,shimmer pop
3NKVm2Jedcf6ibJr6pMUVx,canadian electronic
5pKCCKE2ajJHZ9KAiaK11H,barbadian pop
5pKCCKE2ajJHZ9KAiaK11H,pop
5pKCCKE2ajJHZ9KAiaK11H,urban contemporary
4CmXLOB2gQfewLf8iTbNVp,boston folk
4CmXLOB2gQfewLf8iTbNVp,boston indie
5HdEsw8d1ZGm49Aw7GWTuD,weirdcore
1LeVJ5GPeYDOVUjxx1y7Rp,art pop
1LeVJ5GPeYDOVUjxx1y7Rp,indie rock
1LeVJ5GPeYDOVUjxx1y7Rp,indie soul
1LeVJ5GPeYDOVUjxx1y7Rp,indietronica
1LeVJ5GPeYDOVUjxx1y7Rp,kiwi rock
1LeVJ5GPeYDOVUjxx1y7Rp,neo-psychedelic
1LeVJ5GPeYDOVUjxx1y7Rp,portland hip hop
1LeVJ5GPeYDOVUjxx1y7Rp,psychedelic pop
17czHqI0Lwj2V3htvm8afG,pop soul
5XenQ7XfcvQdfIbpLEFaKQ,alternative r&b
08PvCOlef4xdOr20jFSTPd,viral rap
4JqpJeNOhP6bAkolNMLwFg,alternative r&b
65dGLGjkw3UbddUg2GKQoZ,canadian modern jazz
65dGLGjkw3UbddUg2GKQoZ,indie soul
2DGBzoOLcKLK3eWxFyugdB,alternative r&b
2DGBzoOLcKLK3eWxFyugdB,minnesota hip hop
2DGBzoOLcKLK3eWxFyugdB,sudanese pop
62DmErcU7dqZbJaDqwsqzR,dancehall
62DmErcU7dqZbJaDqwsqzR,jamaican hip hop
62DmErcU7dqZbJaDqwsqzR,reggae fusion
62DmErcU7dqZbJaDqwsqzR,traphall
6fI10k7bFVFS76bHXdBof6,la pop
60b7IDlGflg5lgyfEGf9yB,chillhop
42gnrsSSKKNNmfAJ0o3oyN,chillhop
1kh0AypxF3CxMMzmQyif2S,alternative r&b
4yYvor6Rq4fG82J1L47DYp,bedroom pop
43JlwunhXm1oqdKyOa2Z9Y,alternative r&b
43JlwunhXm1oqdKyOa2Z9Y,australian r&b
43JlwunhXm1oqdKyOa2Z9Y,indie soul
43JlwunhXm1oqdKyOa2Z9Y,shiver pop
1tP3R35TdPW8BMwmTPOoVZ,brazilian jazz
1tP3R35TdPW8BMwmTPOoVZ,jazz funk
1tP3R35TdPW8BMwmTPOoVZ,psicodelia brasileira
5KtUig38eqxK2rOtHZnz0k,funky house
7ypgj95aGInvJMJbMv78wB,contemporary r&b
7ypgj95aGInvJMJbMv78wB,girl group
5Ljgq0b8I3YkUwp3gtB1wm,dallas indie
100sLnojEpcadRx4edEBA6,alt z
100sLnojEpcadRx4edEBA6,electropop
100sLnojEpcadRx4edEBA6,gauze pop
100sLnojEpcadRx4edEBA6,indie poptimism
76bAuLD5jMIT1YDJ84KB8l,indie hip hop
76bAuLD5jMIT1YDJ84KB8l,new jersey rap
12trz2INGglrKMzLmg0y2C,indie r&b
6OqhFYFJDnBBHas02HopPT,escape room
6OqhFYFJDnBBHas02HopPT,japanese electropop
1xcMOgFUM1IYZE22YjCvsL,alternative r&b
1xcMOgFUM1IYZE22YjCvsL,art pop
1xcMOgFUM1IYZE22YjCvsL,escape room
1xcMOgFUM1IYZE22YjCvsL,gauze pop
1xcMOgFUM1IYZE22YjCvsL,shimmer psych
1xcMOgFUM1IYZE22YjCvsL,spectra
1xcMOgFUM1IYZE22YjCvsL,vapor pop
6LEeAFiJF8OuPx747e1wxR,alternative r&b
6LEeAFiJF8OuPx747e1wxR,art pop
6LEeAFiJF8OuPx747e1wxR,indie soul
6LEeAFiJF8OuPx747e1wxR,indietronica
6LEeAFiJF8OuPx747e1wxR,metropopolis
2HPiMwJktBXqakN0hnON2R,belgian pop
6PfSUFtkMVoDkx4MQkzOi3,hyperpop
6PfSUFtkMVoDkx4MQkzOi3,proto-hyperpop
6PfSUFtkMVoDkx4MQkzOi3,scenecore
2OaHYHb2XcFPvqL3VsyPzU,alternative r&b
2OaHYHb2XcFPvqL3VsyPzU,trap queen
5rw6jWzcS6bQimR39VPBXu,alt z
5rw6jWzcS6bQimR39VPBXu,modern indie pop
1l7ZsJRRS8wlW3WfJfPfNS,dance pop
1l7ZsJRRS8wlW3WfJfPfNS,pop
3IZrrNonYELubLPJmqOci2,lounge
3IZrrNonYELubLPJmqOci2,sunshine pop
4GoD5FJCgC0lbzde7ly44M,indie soul
4GoD5FJCgC0lbzde7ly44M,modern alternative pop
4SdIXLzfabqU61iK7SnKAU,australian alternative pop
4SdIXLzfabqU61iK7SnKAU,australian pop
006j2rer9tZJCYniu7SaWS,alt z
54KTsBl98buzGkELjGlnuU,chillwave
54KTsBl98buzGkELjGlnuU,metropopolis
4iMO20EPodreIaEl8qW66y,bedroom pop
4iMO20EPodreIaEl8qW66y,oakland indie
4iMO20EPodreIaEl8qW66y,pov: indie
7IfculRW2WXyzNQ8djX8WX,afrofuturism
7IfculRW2WXyzNQ8djX8WX,alternative r&b
7IfculRW2WXyzNQ8djX8WX,neo soul
7IfculRW2WXyzNQ8djX8WX,r&b
7IfculRW2WXyzNQ8djX8WX,soul
4Ui2kfOqGujY81UcPrb5KE,indietronica
4Ui2kfOqGujY81UcPrb5KE,metropopolis
2YZyLoL8N0Wb9xBt1NhZWg,conscious hip hop
2YZyLoL8N0Wb9xBt1NhZWg,hip hop
2YZyLoL8N0Wb9xBt1NhZWg,rap
2YZyLoL8N0Wb9xBt1NhZWg,west coast rap
4d53BMrRlQkrQMz5d59f2O,funk
4d53BMrRlQkrQMz5d59f2O,pop soul
7Gf3LSwa5hh8Cjo60WhVjC,neo soul
7Gf3LSwa5hh8Cjo60WhVjC,r&b
7Gf3LSwa5hh8Cjo60WhVjC,urban contemporary
6TvjXbopXg71XRM9OZWqUc,alternative r&b
7jZMxhsB8djyIbYmoiJSTs,r&b
23zg3TcAtWQy7J6upgbUnj,atl hip hop
23zg3TcAtWQy7J6upgbUnj,contemporary r&b
23zg3TcAtWQy7J6upgbUnj,dance pop
23zg3TcAtWQy7J6upgbUnj,pop
23zg3TcAtWQy7J6upgbUnj,r&b
23zg3TcAtWQy7J6upgbUnj,rap
23zg3TcAtWQy7J6upgbUnj,south carolina hip hop
23zg3TcAtWQy7J6upgbUnj,urban contemporary
6LuN9FCkKOj5PcnpouEgny,pop
6LuN9FCkKOj5PcnpouEgny,pop r&b
0wnYgCeP013HkKoOyC5V32,alt z
0wnYgCeP013HkKoOyC5V32,canadian electropop
0wnYgCeP013HkKoOyC5V32,canadian pop
0wnYgCeP013HkKoOyC5V32,dark pop
0wnYgCeP013HkKoOyC5V32,electropop
0wnYgCeP013HkKoOyC5V32,metropopolis
2uYWxilOVlUdk4oV9DvwqK,brooklyn indie
2uYWxilOVlUdk4oV9DvwqK,pov: indie
2h93pZq0e7k5yf4dywlkpM,lgbtq+ hip hop
2h93pZq0e7k5yf4dywlkpM,neo soul
3mIj9lX2MWuHmhNCA7LSCW,modern alternative rock
3mIj9lX2MWuHmhNCA7LSCW,modern rock
3mIj9lX2MWuHmhNCA7LSCW,pop
3mIj9lX2MWuHmhNCA7LSCW,pov: indie
3mIj9lX2MWuHmhNCA7LSCW,rock
0GM7qgcRCORpGnfcN2tCiB,pop reggaeton
0GM7qgcRCORpGnfcN2tCiB,reggaeton
0GM7qgcRCORpGnfcN2tCiB,trap latino
0GM7qgcRCORpGnfcN2tCiB,urbano latino
4mwXUEKaW4ftbncf9Hi58l,r&b
1ybAN3utgdoUL1MUCtH4QM,art pop
1ybAN3utgdoUL1MUCtH4QM,chamber pop
1ybAN3utgdoUL1MUCtH4QM,chillwave
1ybAN3utgdoUL1MUCtH4QM,denver indie
1ybAN3utgdoUL1MUCtH4QM,indie pop
1ybAN3utgdoUL1MUCtH4QM,indie rock
1ybAN3utgdoUL1MUCtH4QM,indie surf
1ybAN3utgdoUL1MUCtH4QM,shimmer pop
6zvul52xwTWzilBZl6BUbT,alternative rock
6zvul52xwTWzilBZl6BUbT,boston rock
6zvul52xwTWzilBZl6BUbT,permanent wave
6zvul52xwTWzilBZl6BUbT,rock
5uuqghaOBgtv92jDyDveQl,bedroom pop
5uuqghaOBgtv92jDyDveQl,indie pop
0t3QQl52F463sxGXb1ckhB,australian dance
0t3QQl52F463sxGXb1ckhB,dance pop
0t3QQl52F463sxGXb1ckhB,electropop
0t3QQl52F463sxGXb1ckhB,metropopolis
4ULO7IGI3M2bo0Ap7B9h8a,alternative r&b
4ULO7IGI3M2bo0Ap7B9h8a,hip pop
4ULO7IGI3M2bo0Ap7B9h8a,r&b
4ULO7IGI3M2bo0Ap7B9h8a,urban contemporary
1UH80jhsYsFztK0anu2FNS,chill abstract hip hop
1UH80jhsYsFztK0anu2FNS,indie hip hop
1UH80jhsYsFztK0anu2FNS,meme rap
1UH80jhsYsFztK0anu2FNS,social media pop
1CoZyIx7UvdxT5c8UkMzHd,r&b
1CoZyIx7UvdxT5c8UkMzHd,uk contemporary r&b
6jJ0s89eD6GaHleKKya26X,pop
7hJcb9fa4alzcOq3EaNPoG,g funk
7hJcb9fa4alzcOq3EaNPoG,gangster rap
7hJcb9fa4alzcOq3EaNPoG,hip hop
7hJcb9fa4alzcOq3EaNPoG,pop rap
7hJcb9fa4alzcOq3EaNPoG,rap
7hJcb9fa4alzcOq3EaNPoG,west coast rap
26dSoYclwsYLMAKD3tpOr4,dance pop
26dSoYclwsYLMAKD3tpOr4,pop
6wPhSqRtPu1UhRCDX5yaDJ,dance pop
6wPhSqRtPu1UhRCDX5yaDJ,girl group
6wPhSqRtPu1UhRCDX5yaDJ,pop
5TYxZTjIPqKM8K8NuP9woO,urbano espanol
1HY2Jd0NmPuamShAr6KMms,art pop
1HY2Jd0NmPuamShAr6KMms,dance pop
1HY2Jd0NmPuamShAr6KMms,pop
3r17AfJCCUqC9Lf0OAc73G,dance pop
3r17AfJCCUqC9Lf0OAc73G,pop
085pc2PYOi8bGKj0PNjekA,dance pop
085pc2PYOi8bGKj0PNjekA,pop
2NdeV5rLm47xAvogXrYhJX,dance pop
2NdeV5rLm47xAvogXrYhJX,hip pop
2NdeV5rLm47xAvogXrYhJX,pop
2NdeV5rLm47xAvogXrYhJX,r&b
2NdeV5rLm47xAvogXrYhJX,urban contemporary
0hCNtLu0JehylgoiP8L4Gh,hip pop
0hCNtLu0JehylgoiP8L4Gh,pop
0hCNtLu0JehylgoiP8L4Gh,queens hip hop
0hCNtLu0JehylgoiP8L4Gh,rap
55Aa2cqylxrFIXC767Z865,hip hop
55Aa2cqylxrFIXC767Z865,new orleans rap
55Aa2cqylxrFIXC767Z865,pop rap
55Aa2cqylxrFIXC767Z865,rap
55Aa2cqylxrFIXC767Z865,trap
7bXgB6jMjp9ATFy66eO08Z,r&b
7bXgB6jMjp9ATFy66eO08Z,rap
5K4W6rqBFWDnAN6FQUkS6x,chicago rap
5K4W6rqBFWDnAN6FQUkS6x,hip hop
5K4W6rqBFWDnAN6FQUkS6x,rap
56oDRnqbIiwx4mymNEv7dS,escape room
56oDRnqbIiwx4mymNEv7dS,minnesota hip hop
56oDRnqbIiwx4mymNEv7dS,pop
56oDRnqbIiwx4mymNEv7dS,trap queen
4mPrHfhtQUBoHgTxkBieLY,bounce
3nFkdlSjzX9mRTtwJOzDYB,east coast hip hop
3nFkdlSjzX9mRTtwJOzDYB,gangster rap
3nFkdlSjzX9mRTtwJOzDYB,hip hop
3nFkdlSjzX9mRTtwJOzDYB,pop rap
3nFkdlSjzX9mRTtwJOzDYB,rap
13y7CgLHjMVRMDqxdx0Xdo,atl hip hop
13y7CgLHjMVRMDqxdx0Xdo,dirty south rap
13y7CgLHjMVRMDqxdx0Xdo,hip hop
13y7CgLHjMVRMDqxdx0Xdo,rap
13y7CgLHjMVRMDqxdx0Xdo,southern hip hop
13y7CgLHjMVRMDqxdx0Xdo,trap
3TQ9JTBI2n2hfo7aRONEYV,old school hip hop
0c173mlxpT3dSFRgMO8XPh,detroit hip hop
0c173mlxpT3dSFRgMO8XPh,hip hop
0c173mlxpT3dSFRgMO8XPh,pop rap
0c173mlxpT3dSFRgMO8XPh,r&b
0c173mlxpT3dSFRgMO8XPh,rap
0c173mlxpT3dSFRgMO8XPh,southern hip hop
0c173mlxpT3dSFRgMO8XPh,trap
6oMuImdp5ZcFhWP0ESe6mG,atl hip hop
6oMuImdp5ZcFhWP0ESe6mG,hip hop
6oMuImdp5ZcFhWP0ESe6mG,rap
6oMuImdp5ZcFhWP0ESe6mG,trap
4O15NlyKLIASxsJ0PrXPfz,melodic rap
4O15NlyKLIASxsJ0PrXPfz,philly rap
4O15NlyKLIASxsJ0PrXPfz,rage rap
4O15NlyKLIASxsJ0PrXPfz,rap
3WSK3JppX3N41XHVwQp7Gt,pop edm
3WSK3JppX3N41XHVwQp7Gt,slap house
7gRhy3MIPHQo5CXYfWaw9I,escape room
7gRhy3MIPHQo5CXYfWaw9I,hip house
7gRhy3MIPHQo5CXYfWaw9I,lgbtq+ hip hop
7gRhy3MIPHQo5CXYfWaw9I,trap queen
4vUAD0POkGvO6J9c9hv6qR,belgian edm
73sIBHcqh3Z3NyqHKZ7FOL,atl hip hop
73sIBHcqh3Z3NyqHKZ7FOL,hip hop
73sIBHcqh3Z3NyqHKZ7FOL,rap
65CKKZilbcSKkAPC9a5Mvh,afropop
65CKKZilbcSKkAPC9a5Mvh,malian blues
65CKKZilbcSKkAPC9a5Mvh,mande pop
65CKKZilbcSKkAPC9a5Mvh,wassoulou
65CKKZilbcSKkAPC9a5Mvh,world
1sBkRIssrMs1AbVkOJbc7a,dirty south rap
1sBkRIssrMs1AbVkOJbc7a,gangster rap
1sBkRIssrMs1AbVkOJbc7a,hip hop
1sBkRIssrMs1AbVkOJbc7a,rap
1sBkRIssrMs1AbVkOJbc7a,southern hip hop
1sBkRIssrMs1AbVkOJbc7a,trap
4LEiUm1SRbFMgfqnQTwUbQ,chamber pop
4LEiUm1SRbFMgfqnQTwUbQ,eau claire indie
4LEiUm1SRbFMgfqnQTwUbQ,indie folk
4LEiUm1SRbFMgfqnQTwUbQ,melancholia
4LEiUm1SRbFMgfqnQTwUbQ,modern rock
1bqxdqvUtPWZri43cKHac8,viral pop
3ApUX1o6oSz321MMECyIYd,indie pop rap
4WFtYn5RyU8VGPpPyW9Pxw,house
4WFtYn5RyU8VGPpPyW9Pxw,pop dance
7wzaSKTsjE9HnuDuZTX452,uk pop
3hcs9uc56yIGFCSy9leWe7,chicago drill
3hcs9uc56yIGFCSy9leWe7,chicago rap
3hcs9uc56yIGFCSy9leWe7,drill
3hcs9uc56yIGFCSy9leWe7,hip hop
3hcs9uc56yIGFCSy9leWe7,rap
3hcs9uc56yIGFCSy9leWe7,trap
1pPmIToKXyGdsCF6LmqLmI,atl hip hop
1pPmIToKXyGdsCF6LmqLmI,melodic rap
1pPmIToKXyGdsCF6LmqLmI,plugg
1pPmIToKXyGdsCF6LmqLmI,rap
1pPmIToKXyGdsCF6LmqLmI,trap
37hAfseJWi0G3Scife12Il,scam rap
37hAfseJWi0G3Scife12Il,trap queen
0FtsMKmZEq8fBWqdSOWtqp,cali rap
0FtsMKmZEq8fBWqdSOWtqp,melodic rap
4d3yvTptO48nOYTPBcPFZC,contemporary r&b
4d3yvTptO48nOYTPBcPFZC,dance pop
4d3yvTptO48nOYTPBcPFZC,hip pop
4d3yvTptO48nOYTPBcPFZC,philly rap
4d3yvTptO48nOYTPBcPFZC,r&b
4d3yvTptO48nOYTPBcPFZC,urban contemporary
1vfezMIyCr4XUdYRaKIKi3,hip pop
1vfezMIyCr4XUdYRaKIKi3,r&b
1vfezMIyCr4XUdYRaKIKi3,urban contemporary
1RyvyyTE3xzB2ZywiAwp0i,atl hip hop
1RyvyyTE3xzB2ZywiAwp0i,hip hop
1RyvyyTE3xzB2ZywiAwp0i,rap
1RyvyyTE3xzB2ZywiAwp0i,southern hip hop
1RyvyyTE3xzB2ZywiAwp0i,trap
0C8ZW7ezQVs4URX5aX7Kqx,pop
0C8ZW7ezQVs4URX5aX7Kqx,post-teen pop
6PvScqSJuICxvoA3UDYPmu,canadian contemporary r&b
6PvScqSJuICxvoA3UDYPmu,indie r&b
1iNqsUDUraNWrj00bqssQG,hip hop
1iNqsUDUraNWrj00bqssQG,pop rap
1iNqsUDUraNWrj00bqssQG,rap
1iNqsUDUraNWrj00bqssQG,underground hip hop
6HCkJzbswOIc7Qc5TJ1n5l,indie soul
6HCkJzbswOIc7Qc5TJ1n5l,neo r&b
0YrtvWJMgSdVrk3SfNjTbx,alternative rock
0YrtvWJMgSdVrk3SfNjTbx,chamber pop
0YrtvWJMgSdVrk3SfNjTbx,indie rock
0YrtvWJMgSdVrk3SfNjTbx,indietronica
0YrtvWJMgSdVrk3SfNjTbx,modern rock
0YrtvWJMgSdVrk3SfNjTbx,seattle indie
0YrtvWJMgSdVrk3SfNjTbx,washington indie
1btWGBz4Uu1HozTwb2Lm8A,minneapolis indie
1btWGBz4Uu1HozTwb2Lm8A,modern rock
1btWGBz4Uu1HozTwb2Lm8A,pov: indie
757aE44tKEUQEqRuT6GnEB,melodic rap
757aE44tKEUQEqRuT6GnEB,rap
757aE44tKEUQEqRuT6GnEB,trap
0YinUQ50QDB7ZxSCLyQ40k,cali rap
0YinUQ50QDB7ZxSCLyQ40k,pop rap
0YinUQ50QDB7ZxSCLyQ40k,rap
0YinUQ50QDB7ZxSCLyQ40k,southern hip hop
0YinUQ50QDB7ZxSCLyQ40k,trap
1i8SpTcr7yvPOmcqrbnVXY,puerto rican pop
1i8SpTcr7yvPOmcqrbnVXY,reggaeton
1i8SpTcr7yvPOmcqrbnVXY,trap latino
1i8SpTcr7yvPOmcqrbnVXY,urbano latino
6beUvFUlKliUYJdLOXNj9C,alt z
6beUvFUlKliUYJdLOXNj9C,indie pop
6beUvFUlKliUYJdLOXNj9C,nyc pop
2JyWXPbkqI5ZJa3gwqVa0c,british soul
1W7FNibLa0O0b572tB2w7t,bedroom soul
6tbjWDEIzxoDsBA1FuhfPW,dance pop
6tbjWDEIzxoDsBA1FuhfPW,pop
2X97ZAqRKRMYFIDqtvGgGc,edm
5fMUXHkw8R8eOP2RNVYEZX,edm
5fMUXHkw8R8eOP2RNVYEZX,electro house
5fMUXHkw8R8eOP2RNVYEZX,moombahton
5fMUXHkw8R8eOP2RNVYEZX,pop dance
3hv9jJF3adDNsBSIQDqcjp,pop soul
6Z4puj0KYgtcxJrVXKmvBX,jersey club
6Z4puj0KYgtcxJrVXKmvBX,new jersey rap
3Uh1hwQUVJLK5Srk4PosCK,vancouver indie
1U0sIzpRtDkvu1hXXzxh60,afrofuturism
1U0sIzpRtDkvu1hXXzxh60,alternative r&b
1U0sIzpRtDkvu1hXXzxh60,escape room
1U0sIzpRtDkvu1hXXzxh60,experimental r&b
76SlrtEaq2oViRXulxjfuM,chicago rap
76SlrtEaq2oViRXulxjfuM,trap queen
6lay1nwbE6hTx1jivysUAL,alternative r&b
6lay1nwbE6hTx1jivysUAL,escape room
6lay1nwbE6hTx1jivysUAL,lgbtq+ hip hop
6lay1nwbE6hTx1jivysUAL,trap queen
0huGjMyP507tBCARyzSkrv,hip hop
0huGjMyP507tBCARyzSkrv,pop rap
0huGjMyP507tBCARyzSkrv,rap
0huGjMyP507tBCARyzSkrv,trap
0huGjMyP507tBCARyzSkrv,underground hip hop
05oH07COxkXKIMt6mIPRee,contemporary r&b
05oH07COxkXKIMt6mIPRee,dance pop
05oH07COxkXKIMt6mIPRee,hip pop
05oH07COxkXKIMt6mIPRee,r&b
05oH07COxkXKIMt6mIPRee,urban contemporary
7GaxyUddsPok8BuhxN6OUW,funk
7GaxyUddsPok8BuhxN6OUW,soul
2uE66NiUti6Wpz90SD4eam,jazz trombone
2uE66NiUti6Wpz90SD4eam,p funk
4lJHGi5dlJmWwFH0JKF6di,funk
4lJHGi5dlJmWwFH0JKF6di,jazz funk
4lJHGi5dlJmWwFH0JKF6di,p funk
4lJHGi5dlJmWwFH0JKF6di,soul
6eUKZXaKkcviH0Ku9w2n3V,pop
6eUKZXaKkcviH0Ku9w2n3V,uk pop
2qxJFvFYMEDqd7ui6kSAcq,complextro
2qxJFvFYMEDqd7ui6kSAcq,edm
2qxJFvFYMEDqd7ui6kSAcq,german techno
2qxJFvFYMEDqd7ui6kSAcq,pop
2qxJFvFYMEDqd7ui6kSAcq,pop dance
2org0PubBAxTvjVvLo9PJ0,la pop
7HO5fOXE4gh3lzZn64tX2E,alternative r&b
57vWImR43h4CaDao012Ofp,afrofuturism
3KedxarmBCyFBevnqQHy3P,canadian contemporary r&b
3KedxarmBCyFBevnqQHy3P,canadian pop
6Ad91Jof8Niiw0lGLLi3NW,british indie rock
6Ad91Jof8Niiw0lGLLi3NW,modern rock
6Ad91Jof8Niiw0lGLLi3NW,pov: indie
6Ad91Jof8Niiw0lGLLi3NW,rock
72tBkpT8Pj55CE2vdmPuzB,escape room
1y6hiqeSWkQrJYXkU5PvUk,escape room
1y6hiqeSWkQrJYXkU5PvUk,lgbtq+ hip hop
1y6hiqeSWkQrJYXkU5PvUk,trap queen
0pCNk4D3E2xtszsm6hMsWr,escape room
0pCNk4D3E2xtszsm6hMsWr,hip pop
0pCNk4D3E2xtszsm6hMsWr,modern alternative rock
2nTjd2lNo1GVEfXM3bCnsh,australian americana
0h9smro0z3HqUbD94jotU8,classic soul
0h9smro0z3HqUbD94jotU8,disco
0h9smro0z3HqUbD94jotU8,funk
0h9smro0z3HqUbD94jotU8,motown
0h9smro0z3HqUbD94jotU8,quiet storm
0h9smro0z3HqUbD94jotU8,soul
2gyv1akuIB9fQvXoGSPaJr,bounce
2gyv1akuIB9fQvXoGSPaJr,escape room
2gyv1akuIB9fQvXoGSPaJr,lgbtq+ hip hop
2gyv1akuIB9fQvXoGSPaJr,new orleans rap
2gyv1akuIB9fQvXoGSPaJr,trap queen
0A0FS04o6zMoto8OKPsDwY,cali rap
0A0FS04o6zMoto8OKPsDwY,hip hop
0A0FS04o6zMoto8OKPsDwY,pop rap
0A0FS04o6zMoto8OKPsDwY,rap
0A0FS04o6zMoto8OKPsDwY,southern hip hop
0A0FS04o6zMoto8OKPsDwY,trap
4nDoRrQiYLoBzwC5BhVJzF,dance pop
4nDoRrQiYLoBzwC5BhVJzF,pop
3kHVioJpVxlazAAKQ64pC1,malaysian pop
6eXZu6O7nAUA5z6vLV8NKI,alternative r&b
6eXZu6O7nAUA5z6vLV8NKI,escape room
6eXZu6O7nAUA5z6vLV8NKI,trap queen
5BhFZpE8kUGZJiKOsYjLQM,hyperpop
5BhFZpE8kUGZJiKOsYjLQM,indie hip hop
1Q2mS59tFYLm2KGFoCgWN4,british soul
1Q2mS59tFYLm2KGFoCgWN4,uk contemporary r&b
5kJ3NDWOOVjlS2HFSYzjay,nyc pop
6vfR5QRc3xca0KvpG8KZBE,neo soul
0CkbPVBpOwwz9NPPglFKyq,alternative r&b
0CkbPVBpOwwz9NPPglFKyq,electra
0CkbPVBpOwwz9NPPglFKyq,uk contemporary r&b
2auiVi8sUZo17dLy1HwrTU,afrofuturism
2auiVi8sUZo17dLy1HwrTU,alternative r&b
2auiVi8sUZo17dLy1HwrTU,r&b
2auiVi8sUZo17dLy1HwrTU,urban contemporary
4j5EnP4t2lSKolLuQh1xvn,alternative r&b
5rDXcEIODl8TgGTgrntnjX,cali rap
2eam0iDomRHGBypaDQLwWI,double drumming
2eam0iDomRHGBypaDQLwWI,indie pop
2eam0iDomRHGBypaDQLwWI,modern rock
2eam0iDomRHGBypaDQLwWI,pov: indie
0Cp8WN4V8Tu4QJQwCN5Md4,alt z
0Cp8WN4V8Tu4QJQwCN5Md4,nz pop
494OPqLjjEhjKil1G6MWho,uk contemporary r&b
0JeTRYMH7FoBiMcLXg1n8g,armenian hip hop
0JeTRYMH7FoBiMcLXg1n8g,dutch r&b
0JeTRYMH7FoBiMcLXg1n8g,indie r&b
6TfJcKCr5hFsYZkq2k1Pac,canadian contemporary r&b
5tth2a3v0sWwV1C7bApBdX,dance pop
5tth2a3v0sWwV1C7bApBdX,east coast hip hop
5tth2a3v0sWwV1C7bApBdX,gangster rap
5tth2a3v0sWwV1C7bApBdX,hip hop
5tth2a3v0sWwV1C7bApBdX,hip pop
5tth2a3v0sWwV1C7bApBdX,pop rap
5tth2a3v0sWwV1C7bApBdX,r&b
5tth2a3v0sWwV1C7bApBdX,rap
5tth2a3v0sWwV1C7bApBdX,southern hip hop
5tth2a3v0sWwV1C7bApBdX,trap queen
5tth2a3v0sWwV1C7bApBdX,urban contemporary
3DvdryKH4O95ZnsUZJKXpt,funk
3DvdryKH4O95ZnsUZJKXpt,neo soul
3DvdryKH4O95ZnsUZJKXpt,quiet storm
3DvdryKH4O95ZnsUZJKXpt,soul
3DvdryKH4O95ZnsUZJKXpt,urban contemporary
6rXycobs8wkWicUGLtmB0n,quiet storm
5m7wCUhYhBh7A3A3YMxrbt,conscious hip hop
5m7wCUhYhBh7A3A3YMxrbt,east coast hip hop
5m7wCUhYhBh7A3A3YMxrbt,golden age hip hop
5m7wCUhYhBh7A3A3YMxrbt,hip hop
5m7wCUhYhBh7A3A3YMxrbt,new jersey rap
06HL4z0CvFAxyc27GXpf02,pop
1Y8cdNmUJH7yBTd9yOvr5i,dance pop
1Y8cdNmUJH7yBTd9yOvr5i,girl group
1Y8cdNmUJH7yBTd9yOvr5i,pop
1Y8cdNmUJH7yBTd9yOvr5i,r&b
1Y8cdNmUJH7yBTd9yOvr5i,urban contemporary
41I5xI04kixwmonDBl0Sda,cali rap
4r63FhuTkUYltbVAg5TQnk,hip hop
4r63FhuTkUYltbVAg5TQnk,north carolina hip hop
4r63FhuTkUYltbVAg5TQnk,rap
67nwj3Y5sZQLl72VNUHEYE,pop rap
67nwj3Y5sZQLl72VNUHEYE,r&b
67nwj3Y5sZQLl72VNUHEYE,rap
67nwj3Y5sZQLl72VNUHEYE,southern hip hop
67nwj3Y5sZQLl72VNUHEYE,trap
3KV3p5EY4AvKxOlhGHORLg,chicago rap
3KV3p5EY4AvKxOlhGHORLg,pop rap
3KV3p5EY4AvKxOlhGHORLg,r&b
3KV3p5EY4AvKxOlhGHORLg,southern hip hop
3KV3p5EY4AvKxOlhGHORLg,trap
3KV3p5EY4AvKxOlhGHORLg,urban contemporary
5KKpBU5eC2tJDzf0wmlRp2,uk contemporary r&b
5KKpBU5eC2tJDzf0wmlRp2,uk pop
520qA5VGL9iI0SbmEnTVNg,afrobeats
520qA5VGL9iI0SbmEnTVNg,afropop
520qA5VGL9iI0SbmEnTVNg,azontobeats
520qA5VGL9iI0SbmEnTVNg,nigerian pop
520qA5VGL9iI0SbmEnTVNg,swedish dancehall
520qA5VGL9iI0SbmEnTVNg,uk dancehall
24HNTbd7Y2qVOCyzIosYi9,uk hip hop
7oMRcCu0OYSCtCyS3P37iC,afrobeats
7oMRcCu0OYSCtCyS3P37iC,afroswing
7oMRcCu0OYSCtCyS3P37iC,dancehall
7oMRcCu0OYSCtCyS3P37iC,uk dancehall
7oMRcCu0OYSCtCyS3P37iC,uk hip hop
360IAlyVv4PCEVjgyMZrxK,r&b
2Mu5NfyYm8n5iTomuKAEHl,alternative r&b
2Mu5NfyYm8n5iTomuKAEHl,conscious hip hop
2Mu5NfyYm8n5iTomuKAEHl,hip hop
2Mu5NfyYm8n5iTomuKAEHl,neo soul
2Mu5NfyYm8n5iTomuKAEHl,new jersey rap
2Mu5NfyYm8n5iTomuKAEHl,r&b
2Mu5NfyYm8n5iTomuKAEHl,soul
2ZRQcIgzPCVaT9XKhXZIzh,edm
2ZRQcIgzPCVaT9XKhXZIzh,pop dance
2wY79sveU1sp5g7SokKOiI,pop
2wY79sveU1sp5g7SokKOiI,uk pop
4o4tLTIJ3eWMFerz73atcT,trap queen
08v1r0jqDyvSo2LtSqHxcy,canadian hip hop
08v1r0jqDyvSo2LtSqHxcy,trap soul
30DhU7BDmF4PH0JVhu8ZRg,r&b
0PgYKqH7ohfAm9LFgWjpl8,alternative r&b
0PgYKqH7ohfAm9LFgWjpl8,uk contemporary r&b
00FQb4jTyendYWaN8pK0wa,art pop
00FQb4jTyendYWaN8pK0wa,pop
16rCzZOMQX7P8Kmn5YKexI,alternative r&b
16rCzZOMQX7P8Kmn5YKexI,indie anthem-folk
16rCzZOMQX7P8Kmn5YKexI,uk contemporary r&b
6zFYqv1mOsgBRQbae3JJ9e,album rock
6zFYqv1mOsgBRQbae3JJ9e,classic rock
6zFYqv1mOsgBRQbae3JJ9e,heartland rock
6zFYqv1mOsgBRQbae3JJ9e,mellow gold
6zFYqv1mOsgBRQbae3JJ9e,piano rock
6zFYqv1mOsgBRQbae3JJ9e,rock
6zFYqv1mOsgBRQbae3JJ9e,singer-songwriter
6zFYqv1mOsgBRQbae3JJ9e,soft rock
29lbSb4ujaVH5pHnQjFT0G,21st century classical
29lbSb4ujaVH5pHnQjFT0G,nordic contemporary classical
2gsggkzM5R49q6jpPvazou,dance pop
2gsggkzM5R49q6jpPvazou,pop
6qqNVTkY8uBg9cP3Jd7DAH,art pop
6qqNVTkY8uBg9cP3Jd7DAH,electropop
6qqNVTkY8uBg9cP3Jd7DAH,pop
7fw0E8WHdG3r9SuPBcGmWk,alternative r&b
7fw0E8WHdG3r9SuPBcGmWk,australian hip hop
7fw0E8WHdG3r9SuPBcGmWk,conscious hip hop
7fw0E8WHdG3r9SuPBcGmWk,escape room
7fw0E8WHdG3r9SuPBcGmWk,zambian hip hop
5AYOUKvm3ZfyNiAFeWrBcN,australian r&b
6QJmT08NkUDNTNQ1C01Hag,melbourne hip hop
4LLpKhyESsyAXpc4laK94U,hip hop
4LLpKhyESsyAXpc4laK94U,pittsburgh rap
4LLpKhyESsyAXpc4laK94U,rap
4eArh1v6UwBbKkjdgHCned,charlottesville indie
68tR0TsEKX89ID4fyBMgch,uk contemporary r&b
6tUJpYN2aYiXbzAcg0pIOo,alternative r&b
6tUJpYN2aYiXbzAcg0pIOo,gauze pop
6tUJpYN2aYiXbzAcg0pIOo,uk contemporary r&b
6UtYvUtXnmg5EtllDFlWp8,alabama rap
6UtYvUtXnmg5EtllDFlWp8,alternative r&b
2vm8GdHyrJh2O2MfbQFYG0,acoustic pop
2vm8GdHyrJh2O2MfbQFYG0,ectofolk
2vm8GdHyrJh2O2MfbQFYG0,lilith
2vm8GdHyrJh2O2MfbQFYG0,neo mellow
6jpOOrGFSWdHx6leHfU54n,portland hip hop
5X0dCi2aVnYEV27S8wgQdF,alternative r&b
5X0dCi2aVnYEV27S8wgQdF,indie soul
5DD5GZd4ElmQTy9NleMvKJ,alt z
5DD5GZd4ElmQTy9NleMvKJ,indie pop
5DD5GZd4ElmQTy9NleMvKJ,pov: indie
59KQTERLpPa7M0F25fRH6V,post-teen pop
7sgWBYtJpblXpJl2lU5WVs,indietronica
7sgWBYtJpblXpJl2lU5WVs,la indie
3LVPGE5jPPwtbGslx07YR0,chamber pop
3LVPGE5jPPwtbGslx07YR0,metropopolis
3LVPGE5jPPwtbGslx07YR0,shimmer pop
3LVPGE5jPPwtbGslx07YR0,stomp and whittle
0ZxZlO7oWCSYMXhehpyMvE,pov: indie
303SwmjLibkh8OJH5xxZOM,icelandic pop
6CwfuxIqcltXDGjfZsMd9A,metropopolis
6CwfuxIqcltXDGjfZsMd9A,pop
6CwfuxIqcltXDGjfZsMd9A,pov: indie
6CwfuxIqcltXDGjfZsMd9A,uk alternative pop
1MIVXf74SZHmTIp4V4paH4,pop
1MIVXf74SZHmTIp4V4paH4,uk pop
0lEssBAxQl2In4RpaB1C2Y,conscious hip hop
0lEssBAxQl2In4RpaB1C2Y,east coast hip hop
0lEssBAxQl2In4RpaB1C2Y,hip hop
3WrFJ7ztbogyGnTHbHJFl2,beatlesque
3WrFJ7ztbogyGnTHbHJFl2,british invasion
3WrFJ7ztbogyGnTHbHJFl2,classic rock
3WrFJ7ztbogyGnTHbHJFl2,merseybeat
3WrFJ7ztbogyGnTHbHJFl2,psychedelic rock
3WrFJ7ztbogyGnTHbHJFl2,rock
6f96znq79wvlknKHHHhtTW,dutch r&b
6f96znq79wvlknKHHHhtTW,indie soul
6f96znq79wvlknKHHHhtTW,neo r&b
4NHQUGzhtTLFvgF5SZesLK,metropopolis
4NHQUGzhtTLFvgF5SZesLK,pop
4NHQUGzhtTLFvgF5SZesLK,swedish electropop
4NHQUGzhtTLFvgF5SZesLK,swedish pop
4NHQUGzhtTLFvgF5SZesLK,swedish synthpop
17lzZA2AlOHwCwFALHttmp,atl hip hop
17lzZA2AlOHwCwFALHttmp,hip hop
17lzZA2AlOHwCwFALHttmp,pop rap
17lzZA2AlOHwCwFALHttmp,rap
17lzZA2AlOHwCwFALHttmp,southern hip hop
17lzZA2AlOHwCwFALHttmp,trap
1lE6SEy8f84Zhjvp7r8yTD,contemporary r&b
1lE6SEy8f84Zhjvp7r8yTD,neo soul
1lE6SEy8f84Zhjvp7r8yTD,r&b
1lE6SEy8f84Zhjvp7r8yTD,urban contemporary
053q0ukIDRgzwTr4vNSwab,art pop
053q0ukIDRgzwTr4vNSwab,canadian electropop
053q0ukIDRgzwTr4vNSwab,grave wave
053q0ukIDRgzwTr4vNSwab,indietronica
053q0ukIDRgzwTr4vNSwab,metropopolis
053q0ukIDRgzwTr4vNSwab,neo-synthpop
3Ayl7mCk0nScecqOzvNp6s,alternative metal
3Ayl7mCk0nScecqOzvNp6s,emo
3Ayl7mCk0nScecqOzvNp6s,modern power pop
3Ayl7mCk0nScecqOzvNp6s,modern rock
3Ayl7mCk0nScecqOzvNp6s,neon pop punk
3Ayl7mCk0nScecqOzvNp6s,pop punk
3Ayl7mCk0nScecqOzvNp6s,pop rock
3Ayl7mCk0nScecqOzvNp6s,post-grunge
3Ayl7mCk0nScecqOzvNp6s,punk
3Ayl7mCk0nScecqOzvNp6s,rock
7xkAwz0bQTGDSbkofyQt3U,new romantic
7xkAwz0bQTGDSbkofyQt3U,new wave pop
7xkAwz0bQTGDSbkofyQt3U,soft rock
7xkAwz0bQTGDSbkofyQt3U,synthpop
5WId4o5jdGVhptNU0uqKxu,indietronica
5WId4o5jdGVhptNU0uqKxu,metropopolis
5WId4o5jdGVhptNU0uqKxu,neo-synthpop
5WId4o5jdGVhptNU0uqKxu,nyc pop
5WId4o5jdGVhptNU0uqKxu,shimmer pop
2ExGrw6XpbtUAJHTLtUXUD,dancehall
2ExGrw6XpbtUAJHTLtUXUD,dancehall queen
2ExGrw6XpbtUAJHTLtUXUD,uk dancehall
2ExGrw6XpbtUAJHTLtUXUD,uk hip hop
7HkdQ0gt53LP4zmHsL0nap,r&b
7HkdQ0gt53LP4zmHsL0nap,rap
7HkdQ0gt53LP4zmHsL0nap,uk contemporary r&b
4QJrAwNc5j17E5N2PxpqGj,uk contemporary r&b
7n2wHs1TKAczGzO7Dd2rGr,canadian pop
7n2wHs1TKAczGzO7Dd2rGr,pop
7n2wHs1TKAczGzO7Dd2rGr,viral pop
2FXC3k01G6Gw61bmprjgqS,irish singer-songwriter
2FXC3k01G6Gw61bmprjgqS,modern rock
2FXC3k01G6Gw61bmprjgqS,pop
2FXC3k01G6Gw61bmprjgqS,pov: indie
3qnGvpP8Yth1AqSBMqON5x,modern blues
3qnGvpP8Yth1AqSBMqON5x,neo soul
3qnGvpP8Yth1AqSBMqON5x,soul
74XFHRwlV6OrjEM0A2NCMF,candy pop
74XFHRwlV6OrjEM0A2NCMF,modern rock
74XFHRwlV6OrjEM0A2NCMF,pixie
74XFHRwlV6OrjEM0A2NCMF,pop
74XFHRwlV6OrjEM0A2NCMF,pop emo
74XFHRwlV6OrjEM0A2NCMF,pop punk
74XFHRwlV6OrjEM0A2NCMF,rock
1dfeR4HaWDbWqFHLkxsg1d,classic rock
1dfeR4HaWDbWqFHLkxsg1d,glam rock
1dfeR4HaWDbWqFHLkxsg1d,rock
4IvS1ZZ5nyiNMheybfx3Hf,alternative hip hop
4IvS1ZZ5nyiNMheybfx3Hf,conscious hip hop
4IvS1ZZ5nyiNMheybfx3Hf,oakland hip hop
4IvS1ZZ5nyiNMheybfx3Hf,political hip hop
4y6J8jwRAwO4dssiSmN91R,blues
4y6J8jwRAwO4dssiSmN91R,blues rock
4y6J8jwRAwO4dssiSmN91R,chicago blues
4y6J8jwRAwO4dssiSmN91R,classic rock
4y6J8jwRAwO4dssiSmN91R,electric blues
4y6J8jwRAwO4dssiSmN91R,soul
4y6J8jwRAwO4dssiSmN91R,traditional blues
1uR7zoLrSRI8bSL43OZ0GY,alternative pop
1uR7zoLrSRI8bSL43OZ0GY,transpop
5r1bdqzhgRoHC3YcCV6N5a,glam metal
5r1bdqzhgRoHC3YcCV6N5a,hard rock
0kObWap02DEg9EAJ3PBxzf,album rock
0kObWap02DEg9EAJ3PBxzf,classic rock
0kObWap02DEg9EAJ3PBxzf,heartland rock
0kObWap02DEg9EAJ3PBxzf,mellow gold
0kObWap02DEg9EAJ3PBxzf,new romantic
0kObWap02DEg9EAJ3PBxzf,new wave pop
0kObWap02DEg9EAJ3PBxzf,soft rock
0kObWap02DEg9EAJ3PBxzf,synthpop
6jlWj6y00bMQt8XoKuCjyZ,nyc pop
6jlWj6y00bMQt8XoKuCjyZ,pop soul
4hTL3jOgvZwOqegEZTOrCc,alternative r&b
4hTL3jOgvZwOqegEZTOrCc,uk contemporary r&b
5me0Irg2ANcsgc93uaYrpb,east coast hip hop
5me0Irg2ANcsgc93uaYrpb,gangster rap
5me0Irg2ANcsgc93uaYrpb,hardcore hip hop
5me0Irg2ANcsgc93uaYrpb,hip hop
5me0Irg2ANcsgc93uaYrpb,rap
6nS5roXSAGhTGr34W6n7Et,edm
6nS5roXSAGhTGr34W6n7Et,house
6nS5roXSAGhTGr34W6n7Et,indietronica
6nS5roXSAGhTGr34W6n7Et,uk dance
6mcrZQmgzFGRWf7C0SObou,adult standards
6mcrZQmgzFGRWf7C0SObou,bubblegum pop
6mcrZQmgzFGRWf7C0SObou,doo-wop
6mcrZQmgzFGRWf7C0SObou,lounge
6mcrZQmgzFGRWf7C0SObou,northern soul
6mcrZQmgzFGRWf7C0SObou,rock-and-roll
6mcrZQmgzFGRWf7C0SObou,rockabilly
5LuLeXlnT2jFxbx7Cg7j88,uk contemporary r&b
0EF0xdjRZNktbZ8Aoqf4Di,vapor soul
7JFinw4LobpCUjapyKvsjo,uk contemporary r&b
2hPgGN4uhvXAxiXQBIXOmE,rap
52lBOxCxbJg0ttXEW9CQpW,adult standards
52lBOxCxbJg0ttXEW9CQpW,jump blues
52lBOxCxbJg0ttXEW9CQpW,lounge
52lBOxCxbJg0ttXEW9CQpW,swing
52lBOxCxbJg0ttXEW9CQpW,tin pan alley
1Bl6wpkWCQ4KVgnASpvzzA,boy band
1Bl6wpkWCQ4KVgnASpvzzA,rap
1anyVhU62p31KFi8MEzkbf,chicago rap
1anyVhU62p31KFi8MEzkbf,conscious hip hop
1anyVhU62p31KFi8MEzkbf,hip hop
1anyVhU62p31KFi8MEzkbf,pop rap
1anyVhU62p31KFi8MEzkbf,rap
5xI4mPixKfrCCspATqbpy3,alternative r&b
5xI4mPixKfrCCspATqbpy3,neo soul
5gsyao2Qm21EKylbVIuRQ3,canadian contemporary r&b
5gsyao2Qm21EKylbVIuRQ3,trap soul
6hfwwpXqZPRC9CsKI7qtv1,etherpop
4QkSD9TRUnMtI8Fq1jXJJe,art pop
4QkSD9TRUnMtI8Fq1jXJJe,baltimore indie
4QkSD9TRUnMtI8Fq1jXJJe,bubblegrunge
4QkSD9TRUnMtI8Fq1jXJJe,indie pop
4QkSD9TRUnMtI8Fq1jXJJe,indie rock
09kXLeOXRyfNQMXRaDO4qA,art pop
09kXLeOXRyfNQMXRaDO4qA,uk alternative pop
0utS63XytOEVN1EtzWhJpG,dream pop
0utS63XytOEVN1EtzWhJpG,lund indie
0utS63XytOEVN1EtzWhJpG,metropopolis
0utS63XytOEVN1EtzWhJpG,modern dream pop
0utS63XytOEVN1EtzWhJpG,nordic shoegaze
0utS63XytOEVN1EtzWhJpG,nu gaze
0utS63XytOEVN1EtzWhJpG,shoegaze
0utS63XytOEVN1EtzWhJpG,swedish indie pop
4CvTDPKA6W06DRfBnZKrau,alternative rock
4CvTDPKA6W06DRfBnZKrau,art pop
4CvTDPKA6W06DRfBnZKrau,art rock
4CvTDPKA6W06DRfBnZKrau,electronica
4CvTDPKA6W06DRfBnZKrau,glitch pop
4CvTDPKA6W06DRfBnZKrau,indie rock
4CvTDPKA6W06DRfBnZKrau,oxford indie
0EmUT6i9rTu9ZHy1Tl1iuX,rva indie
3UjPnt2nRmw10N58bBeNOg,alternative r&b
0WjtdWS6su0f3jrW9aqEHl,alternative r&b
2tAqnHDAgnGtjnlzyoa38L,alternative r&b
2tAqnHDAgnGtjnlzyoa38L,uk contemporary r&b
24Cf1irKt7kcewb9OOkPum,alternative r&b
24EY6rZFOruUXOcoqxUW21,minnesota hip hop
7e1ICztHM2Sc4JNLxeMXYl,canadian contemporary r&b
7e1ICztHM2Sc4JNLxeMXYl,r&b
5M0lbkGluOPXLeFjApw8r8,trap
5M0lbkGluOPXLeFjApw8r8,underground hip hop
5M0lbkGluOPXLeFjApw8r8,viral trap
5M0lbkGluOPXLeFjApw8r8,virginia hip hop
44drVL4jbdo6T6llD5cMgx,indie r&b
44drVL4jbdo6T6llD5cMgx,indie soul
44drVL4jbdo6T6llD5cMgx,neo r&b
1EpyA68dKpjf7jXmQL88Hy,alternative r&b
1EpyA68dKpjf7jXmQL88Hy,chicago rap
2PU4qFehXQF7WnlFsJpBiJ,psychedelic hip hop
4TrraAsitQKl821DQY42cZ,norwegian pop
6mQfAAqZGBzIfrmlZCeaYT,disco
6mQfAAqZGBzIfrmlZCeaYT,funk
6mQfAAqZGBzIfrmlZCeaYT,neo soul
6mQfAAqZGBzIfrmlZCeaYT,quiet storm
6mQfAAqZGBzIfrmlZCeaYT,soul
1lEBJGJgdoevi1Clv9CqLT,moombahton
7e3FtKBIPLrIVm8g1FJMVg,alternative r&b
7e3FtKBIPLrIVm8g1FJMVg,indie soul
3UVRliakQfa1pMWIsNuiZ8,contemporary r&b
3UVRliakQfa1pMWIsNuiZ8,neo soul
3UVRliakQfa1pMWIsNuiZ8,new jack swing
3UVRliakQfa1pMWIsNuiZ8,r&b
3UVRliakQfa1pMWIsNuiZ8,urban contemporary
4ScCswdRlyA23odg9thgIO,pop
4ScCswdRlyA23odg9thgIO,uk pop
1tc4LrAlQ8EmlauDoAvpBa,afrofuturism
1tc4LrAlQ8EmlauDoAvpBa,escape room
0N41KJ4H6bkPAm2tx7VS8C,alternative r&b
3WGpXCj9YhhfX11TToZcXP,australian pop
3WGpXCj9YhhfX11TToZcXP,pop
3WGpXCj9YhhfX11TToZcXP,viral pop
1Ss8sy3C3XXQgxYRwjDln8,metropopolis
49tQo2QULno7gxHutgccqF,la pop
1mSJCvDX0W7Dn7S9C6vmvI,vapor pop
6MDME20pz9RveH9rEXvrOM,pop
6MDME20pz9RveH9rEXvrOM,uk dance
6MDME20pz9RveH9rEXvrOM,uk funky
14rP13jdQNgQvuPA2AkBgm,electropop
14rP13jdQNgQvuPA2AkBgm,indie electropop
14rP13jdQNgQvuPA2AkBgm,indie poptimism
14rP13jdQNgQvuPA2AkBgm,metropopolis
5WUlDfRSoLAfcVSX1WnrxN,australian dance
5WUlDfRSoLAfcVSX1WnrxN,australian pop
5WUlDfRSoLAfcVSX1WnrxN,pop
1Cs0zKBU1kc0i8ypK3B9ai,big room
1Cs0zKBU1kc0i8ypK3B9ai,dance pop
1Cs0zKBU1kc0i8ypK3B9ai,edm
1Cs0zKBU1kc0i8ypK3B9ai,pop
1Cs0zKBU1kc0i8ypK3B9ai,pop dance
4D75GcNG95ebPtNvoNVXhz,big room
4D75GcNG95ebPtNvoNVXhz,dance pop
4D75GcNG95ebPtNvoNVXhz,dutch house
4D75GcNG95ebPtNvoNVXhz,edm
4D75GcNG95ebPtNvoNVXhz,electro house
4D75GcNG95ebPtNvoNVXhz,pop dance
4D75GcNG95ebPtNvoNVXhz,progressive electro house
0kqRUwSJCCooeI3hNRsghY,trap soul
4fJsnm9CeDAPrwO4MAEToj,alternative r&b
2FovgCfOwN9iqbkCBlKFdT,alt z
2FovgCfOwN9iqbkCBlKFdT,electropop
2QSPrJfYeRXaltEEiriXN9,electropop
2QSPrJfYeRXaltEEiriXN9,swedish electropop
2QSPrJfYeRXaltEEiriXN9,swedish pop
2QSPrJfYeRXaltEEiriXN9,swedish synthpop
20JZFwl6HVl6yg8a4H3ZqK,pop
3tVQdUvClmAT7URs9V3rsp,afrobeats
3tVQdUvClmAT7URs9V3rsp,afropop
3tVQdUvClmAT7URs9V3rsp,azonto
3tVQdUvClmAT7URs9V3rsp,azontobeats
3tVQdUvClmAT7URs9V3rsp,nigerian hip hop
3tVQdUvClmAT7URs9V3rsp,nigerian pop
0ce3UlXwNzZPkj78XYLE7V,trap queen
0bdfiayQAKewqEvaU6rXCv,danish pop
0bdfiayQAKewqEvaU6rXCv,electropop
0bdfiayQAKewqEvaU6rXCv,pop
0bdfiayQAKewqEvaU6rXCv,pop dance
5QuBVnBPEzwYvFrgBbwpmU,art pop
5QuBVnBPEzwYvFrgBbwpmU,electropop
5QuBVnBPEzwYvFrgBbwpmU,escape room
5QuBVnBPEzwYvFrgBbwpmU,etherpop
5QuBVnBPEzwYvFrgBbwpmU,shiver pop
1vCT7fzQTHTmNNccy97dMp,uk contemporary r&b
7guDJrEfX3qb6FEbdPA5qi,motown
7guDJrEfX3qb6FEbdPA5qi,soul
2MuFzH1J5I6gGFYo2qhZmX,electropop
2MuFzH1J5I6gGFYo2qhZmX,indie poptimism
5QSx2vpiSchSeCwc0qmfNI,indie poptimism
5cKlE8f6b26h61Ml7m052Q,idol
1zNqQNIdeOUZHb8zbZRFMX,melodic rap
1zNqQNIdeOUZHb8zbZRFMX,rap
1zNqQNIdeOUZHb8zbZRFMX,trap
0pghUohLPptZWBasy2wmUx,trap soul
3GeZ2hxlimcfZ7v3qxf5UT,atl trap
0XSz7OqyhKBKRq4ZU8WpAo,uk contemporary r&b
6mK0vAO13gT8jWYANyoXAl,aussietronica
3JmGsgVoGUN1Ro1jLfi7k1,grime
1MXZ0hsGic96dWRDKwAwdr,cali rap
1MXZ0hsGic96dWRDKwAwdr,melodic rap
0jUQSUOcM7lxVn5eVGTkzQ,pop r&b
0jUQSUOcM7lxVn5eVGTkzQ,r&b
5Nf5yishRW9Ye174sJISkg,atl hip hop
02kJSzxNuaWGqwubyUba0Z,indie pop rap
02kJSzxNuaWGqwubyUba0Z,oakland hip hop
02kJSzxNuaWGqwubyUba0Z,pop rap
02kJSzxNuaWGqwubyUba0Z,rap
2IEnjZsVDEPKUTxNinyqba,neo r&b
6icQOAFXDZKsumw3YXyusw,atl hip hop
6icQOAFXDZKsumw3YXyusw,melodic rap
6icQOAFXDZKsumw3YXyusw,rap
6icQOAFXDZKsumw3YXyusw,trap
1ShZZUjkbXCjhwrb18BA8I,indie pop rap
3tQx1LPXbsYjE9VwN1Peaa,indie pop rap
3QTDHixorJelOLxoxcjqGx,alternative r&b
3QTDHixorJelOLxoxcjqGx,la pop
2NqeFgy0ual6Abk5hd0xxi,uk pop
6cdcTRFv0nFBQZPmTLWhRh,rap dominicano
6cdcTRFv0nFBQZPmTLWhRh,trap queen
2retT7MFwHDVTeGKDdybEx,hip pop
2retT7MFwHDVTeGKDdybEx,r&b
2retT7MFwHDVTeGKDdybEx,urban contemporary
0VRj0yCOv2FXJNP47XQnx5,atl hip hop
0VRj0yCOv2FXJNP47XQnx5,melodic rap
0VRj0yCOv2FXJNP47XQnx5,rap
0VRj0yCOv2FXJNP47XQnx5,trap
0Y3agQaa6g2r0YmHPOO9rh,afrobeats
0Y3agQaa6g2r0YmHPOO9rh,afropop
0Y3agQaa6g2r0YmHPOO9rh,azontobeats
0Y3agQaa6g2r0YmHPOO9rh,ghanaian hip hop
0Y3agQaa6g2r0YmHPOO9rh,nigerian pop
5Y8eJDj37KhaEeqbVO7Ag1,boy band
5Y8eJDj37KhaEeqbVO7Ag1,pop
3nViOFa3kZW8OMSNOzwr98,r&b
2Sqr0DXoaYABbjBo9HaMkM,acoustic pop
2Sqr0DXoaYABbjBo9HaMkM,lilith
2Sqr0DXoaYABbjBo9HaMkM,neo mellow
2Sqr0DXoaYABbjBo9HaMkM,pop rock
2Sqr0DXoaYABbjBo9HaMkM,post-teen pop
1mKtlPrXjWK6oIdk9cSOjs,alternative r&b
7nwUJBm0HE4ZxD3f5cy5ok,classic soul
7nwUJBm0HE4ZxD3f5cy5ok,jazz blues
7nwUJBm0HE4ZxD3f5cy5ok,memphis soul
7nwUJBm0HE4ZxD3f5cy5ok,soul
7nwUJBm0HE4ZxD3f5cy5ok,southern soul
7nwUJBm0HE4ZxD3f5cy5ok,vocal jazz
4AA8eXtzqh5ykxtafLaPOi,aussietronica
4AA8eXtzqh5ykxtafLaPOi,brostep
4AA8eXtzqh5ykxtafLaPOi,edm
4AA8eXtzqh5ykxtafLaPOi,electro house
4AA8eXtzqh5ykxtafLaPOi,electronic trap
4AA8eXtzqh5ykxtafLaPOi,escape room
4AA8eXtzqh5ykxtafLaPOi,vapor twitch
5sWHDYs0csV6RS48xBl0tH,indie poptimism
5sWHDYs0csV6RS48xBl0tH,modern rock
2Rf4X6m0oayCJhaJ5K63GQ,post-teen pop
2Rf4X6m0oayCJhaJ5K63GQ,talent show
2Rf4X6m0oayCJhaJ5K63GQ,teen pop
21TinSsF5ytwsfdyz5VSVS,alt z
21TinSsF5ytwsfdyz5VSVS,indie pop
21TinSsF5ytwsfdyz5VSVS,pov: indie
7z2avKuuiMAT4XZJFv8Rvh,indie anthem-folk
7z2avKuuiMAT4XZJFv8Rvh,uk pop
1cZQSpDsxgKIX2yW5OR9Ot,alt z
1cZQSpDsxgKIX2yW5OR9Ot,canadian pop
1cZQSpDsxgKIX2yW5OR9Ot,uk pop
1o2NpYGqHiCq7FoiYdyd1x,alt z
1o2NpYGqHiCq7FoiYdyd1x,pop
1o2NpYGqHiCq7FoiYdyd1x,talent show
0ZED1XzwlLHW4ZaG4lOT6m,pop
6Xgp2XMz1fhVYe7i6yNAax,melodic rap
6Xgp2XMz1fhVYe7i6yNAax,rap
48nwxUvPJZkm8uPa7xMzmj,soul blues
48nwxUvPJZkm8uPa7xMzmj,southern soul
4ylR3zwA0zaapAu94fktwa,neo soul
6Z4JcgqrqgysyHIPRtDIHo,alternative r&b
4vZBqD3QXrKiE3mZ6zHr22,bedroom soul
3dkbV4qihUeMsqN4vBGg93,classic soul
3dkbV4qihUeMsqN4vBGg93,funk
3dkbV4qihUeMsqN4vBGg93,memphis soul
3dkbV4qihUeMsqN4vBGg93,soul
3dkbV4qihUeMsqN4vBGg93,soul blues
3dkbV4qihUeMsqN4vBGg93,southern soul
77SW9BnxLY8rJ0RciFqkHh,modern alternative rock
77SW9BnxLY8rJ0RciFqkHh,modern rock
77SW9BnxLY8rJ0RciFqkHh,pop
77SW9BnxLY8rJ0RciFqkHh,pov: indie
2joIhhX3Feq47H4QXVDOr3,australian r&b
2joIhhX3Feq47H4QXVDOr3,bedroom soul
6t2Rja6dihuxH6Mrgyynp6,escape room
6t2Rja6dihuxH6Mrgyynp6,hyperpop
6t2Rja6dihuxH6Mrgyynp6,pink noise
6t2Rja6dihuxH6Mrgyynp6,proto-hyperpop
5a2w2tgpLwv26BYJf2qYwu,art pop
5a2w2tgpLwv26BYJf2qYwu,deconstructed club
5a2w2tgpLwv26BYJf2qYwu,escape room
5a2w2tgpLwv26BYJf2qYwu,hyperpop
5a2w2tgpLwv26BYJf2qYwu,proto-hyperpop
5a2w2tgpLwv26BYJf2qYwu,transpop
4oJsWKOJCNMfUbIpR2jk8Z,alternative r&b
7G1GBhoKtEPnP86X2PvEYO,jazz blues
7G1GBhoKtEPnP86X2PvEYO,neo soul
7G1GBhoKtEPnP86X2PvEYO,soul
7G1GBhoKtEPnP86X2PvEYO,soul jazz
7G1GBhoKtEPnP86X2PvEYO,torch song
7G1GBhoKtEPnP86X2PvEYO,vocal jazz
3Z9b1MnVKbJw8LpgQclsls,bubblegrunge
3Z9b1MnVKbJw8LpgQclsls,new hampshire indie
3lDpdwM8KILepMHqBWUhIA,glam rock
3lDpdwM8KILepMHqBWUhIA,modern alternative rock
07YZf4WDAMNwqr4jfgOZ8y,dance pop
07YZf4WDAMNwqr4jfgOZ8y,pop
2FMOHE79X98yptp4RpPrt7,neo r&b
35GL8Cu2GKTcHzKGi75xl5,dance pop
35GL8Cu2GKTcHzKGi75xl5,r&b
35GL8Cu2GKTcHzKGi75xl5,urban contemporary
2kxP07DLgs4xlWz8YHlvfh,indonesian r&b
1zNqDE7qDGCsyzJwohVaoX,pop
2M3vnW1p5w4uPRkLYTbvdB,jam band
2M3vnW1p5w4uPRkLYTbvdB,pittsburgh rock
5WRElKaZsn1tGnrgmJVAeO,contemporary country
5WRElKaZsn1tGnrgmJVAeO,modern country rock
0u2FHSq3ln94y5Q57xazwf,australian country
0u2FHSq3ln94y5Q57xazwf,australian pop
0u2FHSq3ln94y5Q57xazwf,contemporary country
0u2FHSq3ln94y5Q57xazwf,country
0u2FHSq3ln94y5Q57xazwf,country road
0ojcq9LJQWMawQdFDw3M0L,pop soul
5rSXSAkZ67PYJSvpUpkOr7,boy band
5rSXSAkZ67PYJSvpUpkOr7,dance pop
5rSXSAkZ67PYJSvpUpkOr7,pop
4STHEaNw4mPZ2tzheohgXB,beatlesque
4STHEaNw4mPZ2tzheohgXB,classic rock
4STHEaNw4mPZ2tzheohgXB,rock
2feDdbD5araYcm6JhFHHw7,indie poptimism
2feDdbD5araYcm6JhFHHw7,pop
7dGJo4pcD2V6oG8kP0tJRR,detroit hip hop
7dGJo4pcD2V6oG8kP0tJRR,hip hop
7dGJo4pcD2V6oG8kP0tJRR,rap
6ly2Z6h9dOerORbK1l2N8D,nordic house
3ijd7T9kkzgvfx1az6Z3wj,afroswing
3ijd7T9kkzgvfx1az6Z3wj,grime
3ijd7T9kkzgvfx1az6Z3wj,london rap
3ijd7T9kkzgvfx1az6Z3wj,uk hip hop
60W5voThnCKW5p1iH3KjQZ,riddim
1OFOShsIbhy1l5x73yuVyB,dancehall
1OFOShsIbhy1l5x73yuVyB,dancehall queen
4qBgvVog0wzW75IQ48mU7v,deep underground hip hop
4qBgvVog0wzW75IQ48mU7v,indie pop rap
4qBgvVog0wzW75IQ48mU7v,pop rap
4qBgvVog0wzW75IQ48mU7v,viral trap
6vXTefBL93Dj5IqAWq6OTv,hip hop
6vXTefBL93Dj5IqAWq6OTv,pop rap
6vXTefBL93Dj5IqAWq6OTv,rap
6vXTefBL93Dj5IqAWq6OTv,southern hip hop
6vXTefBL93Dj5IqAWq6OTv,trap
1CgbNAF3Stnz1Tpipu3xdO,alternative r&b
1CgbNAF3Stnz1Tpipu3xdO,cali rap
1CgbNAF3Stnz1Tpipu3xdO,indie r&b
2TLYSzGyVYkxAgYSCqUnQj,underground hip hop
30AzZL0valZQ62OIQiFWvk,british soul
30AzZL0valZQ62OIQiFWvk,neo soul
66rDbD3tWR3M1uNuIaDAGx,alternative r&b
66rDbD3tWR3M1uNuIaDAGx,uk contemporary r&b
6fLrPFLWLSCrp7gcTZXcKb,indietronica
6fLrPFLWLSCrp7gcTZXcKb,metropopolis
6fLrPFLWLSCrp7gcTZXcKb,neo-synthpop
5jAMCwdNHWr7JThxtMuEyy,electropop
5jAMCwdNHWr7JThxtMuEyy,pop dance
5jAMCwdNHWr7JThxtMuEyy,pop edm
3LjhVl7GzYsza1biQjTpaN,alt z
3LjhVl7GzYsza1biQjTpaN,indie poptimism
3LjhVl7GzYsza1biQjTpaN,pop
5ZsFI1h6hIdQRw2ti0hz81,pop
5ZsFI1h6hIdQRw2ti0hz81,uk pop
0UWZUmn7sybxMCqrw9tGa7,colombian pop
0UWZUmn7sybxMCqrw9tGa7,latin pop
0UWZUmn7sybxMCqrw9tGa7,mexican pop
0UWZUmn7sybxMCqrw9tGa7,rock en espanol
2jw70GZXlAI8QzWeY2bgRc,canadian latin
2jw70GZXlAI8QzWeY2bgRc,canadian pop
2jw70GZXlAI8QzWeY2bgRc,dance pop
2jw70GZXlAI8QzWeY2bgRc,pop
21E3waRsmPlU7jZsS13rcj,dance pop
21E3waRsmPlU7jZsS13rcj,pop
21E3waRsmPlU7jZsS13rcj,r&b
21E3waRsmPlU7jZsS13rcj,urban contemporary
6PCMMSSuTf9iCVVxYru5XI,hip pop
0QHgL1lAIqAw0HtD7YldmP,hip hop
0QHgL1lAIqAw0HtD7YldmP,miami hip hop
0QHgL1lAIqAw0HtD7YldmP,pop rap
0QHgL1lAIqAw0HtD7YldmP,rap
5ZS223C6JyBfXasXxrRqOk,r&b
1WgXqy2Dd70QQOU7Ay074N,art pop
1WgXqy2Dd70QQOU7Ay074N,norwegian pop
