track_id,artist_id
7u5fFWlc7P46XWECmhyqNo,4E2rKHVDssGJm2SCDOMMJB
3QKKtAgmUkgt4uKpX5Hmlf,4E2rKHVDssGJm2SCDOMMJB
5FOHBhUtWl2x5Z6qflA8nd,526q7RxT5KA1VGeQ5GMSHO
5FOHBhUtWl2x5Z6qflA8nd,5V7l2e1oLF7oSzpvdaDenk
5FOHBhUtWl2x5Z6qflA8nd,0MvSBMGRQJY3mRwIbJsqF1
3MJhPqL2IgGs7gHEB2M35q,41MozSoPIsD1dJM0CLPjZF
3CblJq8QQQ0bb7vwJu8c3v,5oifjQw72WO7Jut07fVWMy
3CblJq8QQQ0bb7vwJu8c3v,3Gm5F95VdRxW3mqCn8RPBJ
3CblJq8QQQ0bb7vwJu8c3v,6qgnBH6iDM91ipVXv28OMu
3CblJq8QQQ0bb7vwJu8c3v,2RdwBSPQiwcmiDo9kixcl8
3AAY8YicetRPlDAkibHLiS,5YGY8feqx7naU7z4HrwZM6
1dvqHhLNccePPBHq11TW7v,1U1el3k54VvEUzo3ybLPlM
1dvqHhLNccePPBHq11TW7v,4Gso3d4CscCijv0lmajZWs
0ofHAoxe9vBkTCp2UQIavz,08GQAI4eElDnROBrJRGE0X
6OylYIXrIH2E3hgg7Dqz5M,1zJBFCev9UwOMcrZsLi2od
6EidGY4S6hkU6fwNdSSabg,4frXpPxQQZwbCu3eTGnZEw
04CqLjewJiSAqM210vZAmT,5YGY8feqx7naU7z4HrwZM6
0Fl4eWzVaMUOdXcOrj6F1q,6vWDO969PvNqNYHIOW5v0m
4DByEumlGTZKSzuVEZ35eo,6vWDO969PvNqNYHIOW5v0m
62tGzw9OJOwDcjPBnMPCuj,4frXpPxQQZwbCu3eTGnZEw
62tGzw9OJOwDcjPBnMPCuj,5INjqkS1o8h1imAzPqGZBb
6xkryXuiZU360Lngd4sx13,4iHNK0tOyZPYnBU7nGAgpQ
0KlahhzNb98zyN83Vwae0l,1dIdBZaaHRW2bDTkHNfWln
6ekoBPfdfnWhQ8oJveaZSk,2pKRCZKuL3p3PDWMNCLAH8
5EAbUR2kkfDOCWEcWcb7YG,5Mq7iqCWBzofK39FBqblNc
40bgBzGrYBURVjiQ4itEkh,5Mq7iqCWBzofK39FBqblNc
73RbfOTJIjHzi2pcVHjeHM,4E2rKHVDssGJm2SCDOMMJB
5KZVbtDMFcurkynWsncKtr,0s4kXsjYeH0S1xRyVGN4NO
6IhkXHtj7tJg5waF4utfX0,6ueGR6SWhUJfvEhqkvMsVs
3unpulZnIiKRZ4MCymHfXx,63XBtGSEZINSyXylZxEUbv
3unpulZnIiKRZ4MCymHfXx,5Vuvs6Py2JRU7WiFDVsI7J
3HIdbLmJpg6aPULSgCBmNn,0GG2cWaonE4JPrjcCCQ1EG
3HIdbLmJpg6aPULSgCBmNn,7c0XG5cIJTrrAgEC3ULPiq
3HIdbLmJpg6aPULSgCBmNn,5Vuvs6Py2JRU7WiFDVsI7J
5iDrSIUAbuajDctFTGRRiR,6ueGR6SWhUJfvEhqkvMsVs
5iDrSIUAbuajDctFTGRRiR,4E2rKHVDssGJm2SCDOMMJB
6Alp15t6urC4opjJiyOqZu,74KM79TiuVKeVCqs8QtB0B
1RAeuvRyRzCweAK3jUT0ZW,74KM79TiuVKeVCqs8QtB0B
6n05BgVkxxz2k5ICZYa2PH,74KM79TiuVKeVCqs8QtB0B
6kIgzGx7gH0qAKTFTF5GsU,6ueGR6SWhUJfvEhqkvMsVs
6UqXG0iFfc35rB5asEAwLC,2RP4pPHTXlQpDnO9LvR7Yt
6dET51TwAJPrKV5wmA5Vhr,7GN9PivdemQRKjDt4z5Zv8
3k79jB4aGmMDUQzEwa46Rz,1McMsnEElThX1knmY4oliG
7KA4W4McWYRpgf0fWsJZWB,4V8LLVI7PbaPR0K2TGSxFF
7KA4W4McWYRpgf0fWsJZWB,1U1el3k54VvEUzo3ybLPlM
5sdQOyqq2IDhvmx2lHOpwd,6HvZYsbFfjnjFrWF950C9d
6vz3Fyhj6smbuYuaIZHksu,28ExwzUQsvgJooOI0X1mr3
6vz3Fyhj6smbuYuaIZHksu,3jK9MiCrA42lLAdMGUZpwa
6vz3Fyhj6smbuYuaIZHksu,3MdXrJWsbVzdn6fe5JYkSQ
1GPrL6feCYodRiYlZkXs5I,4Ui2kfOqGujY81UcPrb5KE
3fzgNtmdpVhHM6r3cnJOt5,3zpSQnEEaXrh1gnzKbyDfX
3fzgNtmdpVhHM6r3cnJOt5,5cMVRrisBpDkXCVG48epED
7msV2z3y899aSVTithAkFn,6vWDO969PvNqNYHIOW5v0m
7bJ4wMXkbT60VEjYUQKzYz,63XBtGSEZINSyXylZxEUbv
7bJ4wMXkbT60VEjYUQKzYz,4wLAjfeqAsV66AocWNcowA
7p6ZeiNtEHJKmc4YWBZELG,0ldU0QJm31y0d6f57R1G2A
0afr1dMXHf6ItlpIfjx9ne,0ldU0QJm31y0d6f57R1G2A
7kzag1RHJUYeY8i3KRrQKw,3DtSOCXYU6o4EV0K1NgIKq
4a7SbqcOes5LFRYYSUuh4f,3DtSOCXYU6o4EV0K1NgIKq
0gE63HwMeWgK30ONO4witM,5V0MlUE1Bft0mbLlND7FJz
4uR2dgTCiFQUfL9iIM4YQa,0NB5HROxc8dDBXpkIi1v3d
6lIob2DRkcnjrymZN1QqU7,1l8Fu6IkuTP0U5QetQJ5Xt
0bYg9bo50gSsH3LtXe2SQn,4iHNK0tOyZPYnBU7nGAgpQ
2C4YYe2aqRXKdKmb2nbUVr,0NB5HROxc8dDBXpkIi1v3d
4PS1e8f2LvuTFgUs1Cn3ON,7v4imS0moSyGdXyLgVTIV7
177bLiZAvMp5FSLQwb4iCm,1eEfMU2AhEo7XnKgL7c304
4v9WbaxW8HdjqfUiWYWsII,6Ff53KvcvAj5U7Z1vojB5o
6W65jVdn0JtttcvFN1KppC,1eEfMU2AhEo7XnKgL7c304
7enVhl0fuHvQ4ErXvAXYIH,5YGY8feqx7naU7z4HrwZM6
5umJVEAPT2SocCoB99ZoaH,6XpaIBNiVzIetEPCWDvAFP
4ukUoXLuFzMixyZyabSGc4,5V0MlUE1Bft0mbLlND7FJz
1vZKP9XURuqMp1SpXGnoyb,1AwO9pWEBSBoWdEZu28XDC
4lcOoKiLjBddCcg9FkeIJL,6Q192DXotxtaysaqNPy5yR
28fuXrmmF9dYWx25dMW9dP,4cPHsZM98sKzmV26wlwD2W
71azyw4EJDlGru5Uw6DGzT,6JL8zeS1NmiOftqZTRgdTz
65IJQ0yXkKcS6zh5ZCJoPe,32vWCbZh0xZ4o9gkz4PsEU
65IJQ0yXkKcS6zh5ZCJoPe,5W5bDNCqJ1jbCgTxDD0Cb3
2FRnf9qhLbvw8fu4IBXx78,5lpH0xAS4fVfLkACg9DAuM
0lizgQ7Qw35od7CYaoMBZb,66CXWjxzNUsdJxJ2JdwvnR
1LmkdWSxjCV7wKTPsCvYWN,7gW0r5CkdEUMm42w9XpyZO
012mGdSYIBEmERuScm2iOl,2iE18Oxc8YSumAU232n4rW
3YZE5qDV7u1ZD1gZc47ZeR,3BmGtnKgCSGYIUhmivXKWX
20emy72iC2fMojujwCI6MN,6ZjFtWeHP9XN7FeKSUe80S
20emy72iC2fMojujwCI6MN,2NCGI6dLTxLdI9XHdv7QfM
6ZgigeSB0XUMqc0jjzaq6d,5Gejwv3xz2DpLcxVpMD6hL
0rzY0whyLE68ENX7mvoHAN,2GEW6nJjHKAFyqnsE3TdWx
0rzY0whyLE68ENX7mvoHAN,7hYKC5uBED0V5rpKQkqgQ5
0oPdaY4dXtc3ZsaG17V972,7K78lVZ8XzkjfRSI7570FF
7yogx3TwxGwSxO2QITsT2q,74KM79TiuVKeVCqs8QtB0B
2O3MQ6H3gjrIWDcpeTrikT,3BmGtnKgCSGYIUhmivXKWX
2O3MQ6H3gjrIWDcpeTrikT,66CXWjxzNUsdJxJ2JdwvnR
0WbhjZjAX5jD3PXWz7FGL8,6VUdDU44uo3KwSHc9lAEFE
7MQywXGHEev7JmwwIzMcao,5NDMothbpdpq2xHqSjrrWn
5ldINBZXmoh6qoAzwXl5wX,6O74knDqdv3XaWtkII7Xjp
6gdhHMWUv1pvkOHqCUGvCp,0urTpYCsixqZwgNTkPJOJ4
2vXgyN14LX2zl7JEASw242,2cWZOOzeOm4WmBJRnD5R7I
2vXgyN14LX2zl7JEASw242,4kYSro6naA4h99UJvo89HB
3XKIUb7HzIF1Vu9usunMzc,6GI52t8N5F02MxU0g5U69P
3XKIUb7HzIF1Vu9usunMzc,782IpIScTpnDhYb9hyxOu1
45XhKYRRkyeqoW3teSOkCM,0QHgL1lAIqAw0HtD7YldmP
45XhKYRRkyeqoW3teSOkCM,5pKCCKE2ajJHZ9KAiaK11H
45XhKYRRkyeqoW3teSOkCM,2EMAnMvWE2eb56ToJVfCWs
31Tc7yXfBJkxQZIsHgMELq,5wLCYIHgd7kXSFEf1oOh8R
6UBQONiLH8kNmmB8UrV2Ef,1m24736Bdew1oQVxTePOCo
6xkryXuiZU360Lngd4sx13,4iHNK0tOyZPYnBU7nGAgpQ
2SXRFmLvNjOTuL9eCYWsrx,57AKOY1SF1062tuVzgAPv8
2mqTtvbKxH7SoEQ2oGAnsA,6vWDO969PvNqNYHIOW5v0m
2R0zbd80CqwoB0ORDCqDoK,6gYjIUFuKIBVJfxXnmrd5P
6j8rjIqqZkKnc0VzLjIN3J,08PvCOlef4xdOr20jFSTPd
0O6u0VJ46W86TxN9wgyqDj,246dkjvS1zLTtiykXe5h60
0O6u0VJ46W86TxN9wgyqDj,5cj0lLjcoR7YOSnhnX0Po5
7fYRg3CEbk6rNCuzNzMT06,7CajNmpbOovFoOoasH2HaY
7fYRg3CEbk6rNCuzNzMT06,6M2wZ9GZgrQXHCFfjv46we
7fYRg3CEbk6rNCuzNzMT06,50co4Is1HCEo8bhOyUWKpn
2eAcey7KS6TmHulCNjxABW,0DbBBj0ScPumRqKXswGQH1
6eVM9lCmIqwGTUOoeH61Lu,2RdwBSPQiwcmiDo9kixcl8
6eVM9lCmIqwGTUOoeH61Lu,0NnoRcD3WkqC9aouHyE8YY
79nkN1EmB1B03uZi9DcS4w,0NB5HROxc8dDBXpkIi1v3d
1qEmFfgcLObUfQm0j1W2CK,6KImCVD70vtIoJWnq6nGn3
1BkY0N8ChFk2mdLbAUu8ZK,2CuzDPkRD6BJBvdWqCrt2I
2PDgArI0p7UkeYgXWuqpmh,3wcj11K77LjEY1PkEazffa
2KukL7UlQ8TdvpaA7bY3ZJ,6vWDO969PvNqNYHIOW5v0m
4efHJDBcmhJYs8n9hJcVC8,5CXdWANGwYYRPClH6hhC0P
6a44RET0b0enJMb5PVQlr8,4QQgXkCYTt3BlENzhyNETg
28JBD8p18xNuOfyV7Cotdn,3TVXtAsR1Inumwj472S9r4
3k3NWokhRRkEPhCzPmV8TW,4q3ewBCX7sLwd24euuV69X
3k3NWokhRRkEPhCzPmV8TW,5n9bMYfz9qss2VOW89EVs2
0F2gXzgbzLvK9LrS7yKS8Q,1kMPdZQVdUhMDKDWOJM5iK
6zlIN2RRLiNzitagYR44m0,5qfkUSH3ip5dD2eEPhjkT3
6zlIN2RRLiNzitagYR44m0,1kMPdZQVdUhMDKDWOJM5iK
0whGWOBySGYL6ef1GZAnVy,3xPCFC8f7U3raEXOXQ3MrE
3aw9iWUQ3VrPQltgwvN9Xu,1XkoF8ryArs86LZvFOkbyr
1nmypDEMIhxlgvZViMUmoZ,3AuMNF8rQAKOzjYppFNAoB
1tyGqOo8VRLDVQETLtMyDS,0tbeZu9lv8YEKSQ9tZSslu
1RAeuvRyRzCweAK3jUT0ZW,74KM79TiuVKeVCqs8QtB0B
0kE7VDZD71YhnuxjtSHmah,4UYsrMSqpG1Sgj2TFesI41
67v2UHujFruxWrDmjPYxD6,4E2rKHVDssGJm2SCDOMMJB
67v2UHujFruxWrDmjPYxD6,7tYKF4w9nC0nq9CsPZTHyP
7cWLl1E5iMvqIVhpmtUp6k,6sFIWsNpZYqfjUpaCgueju
1Ox4v6gCBk0iOVtvshkXR3,3fmMaLC5jjf2N4EC2kTx0u
1Ox4v6gCBk0iOVtvshkXR3,6PDLwWvgYNMfBRLqC1h5cJ
1Ox4v6gCBk0iOVtvshkXR3,07d5etnpjriczFBB8pxmRe
2wG9CUSBZaF15R2ohLAnoe,4LXBFNxqvOcdBVpbgKn6op
561ANIxwuIDp8n8teVXQiJ,7CajNmpbOovFoOoasH2HaY
561ANIxwuIDp8n8teVXQiJ,1URnnhqYAYcrqrcwql10ft
0WuKc8V6cB4LmTRiNcfkun,4E2rKHVDssGJm2SCDOMMJB
1DIFFX5zpjyxaJvA8YFEji,181bsRPaVXVlUKXrxwZfHK
5hHvFrMnwic82WwRLr4WY0,181bsRPaVXVlUKXrxwZfHK
1xzi1Jcr7mEi9K2RfzLOqS,6vWDO969PvNqNYHIOW5v0m
0z3YYobsavHguLTgqg5GC1,78rUTD7y6Cy67W1RVzYs7t
0z3YYobsavHguLTgqg5GC1,07UJz804RJxqNvxFXC3h9H
6Ve9MNsl8OFg6rHd227bYh,181bsRPaVXVlUKXrxwZfHK
1w7cgGZR86yWz1pA2puVJD,6vWDO969PvNqNYHIOW5v0m
3ceTUPvI4JAuSwFWfeB7Ym,2MPHBxznH1fj59jbOWY38u
1CcorUngVSo7k2GX8GLB53,0s4kXsjYeH0S1xRyVGN4NO
4YkN3JlceD5n2aMqL1kFnH,2JfVCMa3FlvQRlLT5uH9zb
1Fwppfa2qKDAETKveNFsHR,5Vuvs6Py2JRU7WiFDVsI7J
36NukHQiatLeLFXI5eTP1L,61677A13kBwbTfqECI65p8
36NukHQiatLeLFXI5eTP1L,0NIIxcxNHmOoyBx03SfTCD
4imKIkVUzP2Qmf4QeMGrPQ,4fpTMHe34LC5t3h5ztK8qu
2hPNuVVSV1tqiD2uPlfehz,7GN9PivdemQRKjDt4z5Zv8
2qEyhtx20tSCSubM3JXhxu,3jk39CGeaaSO3FPKNx1RUx
2qEyhtx20tSCSubM3JXhxu,5Vuvs6Py2JRU7WiFDVsI7J
3ci2NK0t5iNzLw2u3F4MbM,7gSjFKpVmDgC2MMsnN8CYq
3ci2NK0t5iNzLw2u3F4MbM,3jK9MiCrA42lLAdMGUZpwa
5SFssNXGjeOxdAnECfgttm,5Vuvs6Py2JRU7WiFDVsI7J
5SFssNXGjeOxdAnECfgttm,1ooV8YZC1KbpEcrmI8WH0F
6TSe2k1OyUiNLEl5IBNrd7,5FxD8fkQZ6KcsSYupDVoSO
35PUhhwZL4HhmuqgOeFcfg,4wXchxfTTggLtzkoUhO86Q
5ksM8r8u4AjMwvtqUif9W1,7MoIc5s9KXolCBH1fy9kkw
501mFwKeLnybf8JO3XL66O,0cGUm45nv7Z6M6qdXYQGTX
4Jsqi44IrfUjdigUfZiaqr,0Ek89uaJyo6NfWK22awFvI
6TvFFmzVIM7dnKH07qUyQy,7aFTOGFDEqDtJUCziLVsVC
4tv72g5KnIy4XbyDBhEFgA,4ClziihVpBeFXNyDH83Lde
1IjeGPU5hqHlJpm00zObN7,63XBtGSEZINSyXylZxEUbv
6tJOpzHYBF6Ym2gmmQy9mE,0HthCchcL0kVLHTr113Vk1
0X9mvqR44xcw6oLo89kn92,4rljPSpCHQzUJMNOvmw1DL
1n0LyQMSyzATuosIp7n1JF,06Iig2bqY8mv98B1c9Iyo8
549pFmf9vrgy1GwASWySLM,0NB5HROxc8dDBXpkIi1v3d
3Fo54IlOlnwzMwGjjEqCzN,4UpA1KitN1RgIZVyWDbZ0U
3Fo54IlOlnwzMwGjjEqCzN,3jK9MiCrA42lLAdMGUZpwa
1Krmuryy2a0MG3SQDlxM0T,6tpaMMCs8X6o8j9H5OmWmT
4kntTTVtSIfsTl1dEak3X7,6l7R1jntPahGxwJt7Tky8h
4kntTTVtSIfsTl1dEak3X7,6O5k8LLRfDK8v9jj1GazAQ
6EsOT4Yq4BavQSJ4sEe9dw,0Ek89uaJyo6NfWK22awFvI
6EsOT4Yq4BavQSJ4sEe9dw,5Vuvs6Py2JRU7WiFDVsI7J
254M0egb4N2rQHwJSzVZxR,3PRli833wyTmzJrKQGNOKj
7er6txk9aoO2u9WNy1zke1,1vaQ6v3pOFxAIrFoPrAcom
7er6txk9aoO2u9WNy1zke1,57LYzLEk2LcFghVwuWbcuS
1CbxG199T0fzfUV5EO7aPV,4596e2d3KmYzAeVenjCxfj
1CbxG199T0fzfUV5EO7aPV,2oZcMYiKpjaA2Et5mU3RPP
4dzbGvxqQ1DsF6m6RUlPwg,1vaQ6v3pOFxAIrFoPrAcom
24CY4TWscXoyZRrmsQdiq1,4E2rKHVDssGJm2SCDOMMJB
24CY4TWscXoyZRrmsQdiq1,4A2ptrgQSJtQrbfltEpoCR
30ae9cv36eD4Q6Zc8PVF8v,74CcYmmNeHKe5PrZaISk8e
6Y46tOTRhkBamosyuWa6YX,7ltDVBr6mKbRvohxheJ9h1
6Y46tOTRhkBamosyuWa6YX,1Xyo4u8uXC1ZmMpatF05PJ
3ubMIzyq9JX8V931EW6Rms,3wws8s15DuuQWiG2xct414
1gp2oWZSi4ucFCvJU763Uq,6sFIWsNpZYqfjUpaCgueju
3G74znHq1U8CqX67NaWEKk,3sGyf3EDcvQ4PB9AGIg84M
1q61CgKSbNYxkKbkOYKblr,6atGQM99IrRfUefJFore1B
1q61CgKSbNYxkKbkOYKblr,3sHS70DMNgPxRqx2fUNrRA
428Xi4otOjv9TwhVqxbB41,6qQANHDxlpq5OEz47UBzMJ
3fcX3E9l1gVnfKeWaEzHHv,7tYKF4w9nC0nq9CsPZTHyP
0OUoJ1BbBrgU6rR4M32Nje,6YJmIS23jxjp6Edi2zTPzn
28H3wOEKsaEa8NBEYCLl4j,08GQAI4eElDnROBrJRGE0X
15TXFTdwGEEL4jH9erTRnK,6nB0iY1cjSY1KyhYyuIIKH
5dEJc0rHuTVxtl1xljDbRv,6nB0iY1cjSY1KyhYyuIIKH
7wLFR87wmkMR4OnwrJ77Z0,0tbeZu9lv8YEKSQ9tZSslu
0VWDJgtqJZSxP6hDvBRZUa,5FxD8fkQZ6KcsSYupDVoSO
7dW6aiHZG0A8xApW0Xg40G,1anAI9P9iSzc9qzLv6AtHZ
2RHDabM5M1Anxs2H8tmspQ,1JspXUvEv3D9ddMeLNqYWj
3goUufQotOykzA3zLkPNyb,6vWDO969PvNqNYHIOW5v0m
3goUufQotOykzA3zLkPNyb,2wIVse2owClT7go1WT98tk
751srcHf5tUqcEa9pRCQwP,581C5Qwl87TskfBEzuoisu
5expoVGQPvXuwBBFuNGqBd,6HvZYsbFfjnjFrWF950C9d
5702raF31K9rvD6KZ6sCTo,6HvZYsbFfjnjFrWF950C9d
2Xrc2SOmcCHi9Fx5PynXVe,4E2rKHVDssGJm2SCDOMMJB
2DocffKfDso8efpWPOYTvI,3M3wTTCDwicRubwMyHyEDy
2DocffKfDso8efpWPOYTvI,0NIIxcxNHmOoyBx03SfTCD
61h5rJ790Vov9ks2Vut5mo,2RqrWplViWHSGLzlhmDcbt
3jtSXngSQ7DvjavyA8Z64x,3J0BpFVUc9LeOIVeN5uNhU
5NBJHzOmBMLehn0zLgo6FT,3J0BpFVUc9LeOIVeN5uNhU
0CpfO9VNiW0OGIaZO6zO3n,78rUTD7y6Cy67W1RVzYs7t
3p84R45PM75ngq8XRoe45o,5SHgclK1ZpTdfdAmXW7J6s
525BSr4N8jG8MpWbFTd6A9,7MoIc5s9KXolCBH1fy9kkw
799NMsaFBhEbMBqcKNiGJF,6PgkNi6EyAfgiKtFwAwvbH
60ai2HTUjTEQQgw2vCseLt,3uX1tstdmFJyxW9b5mSNlU
5hjhaH0vwtpftiLtF3veZp,78rUTD7y6Cy67W1RVzYs7t
5D7AFGloFpXtdT2PiKTEC3,2qnpHrOzdmOo1S4ox3j17x
5D7AFGloFpXtdT2PiKTEC3,65dGLGjkw3UbddUg2GKQoZ
5D7AFGloFpXtdT2PiKTEC3,6LEeAFiJF8OuPx747e1wxR
69j9dsNUQQPBab9vCBu99r,6xKRT9Uw0XOxNsmWX2vNBr
69j9dsNUQQPBab9vCBu99r,7nv9u1rH0xrKytpgKfDKfz
41qpL4RAfuPkkQ4bbf7gSu,6vcPgFOkMWBoY6Ks6eMEWj
41qpL4RAfuPkkQ4bbf7gSu,6sFIWsNpZYqfjUpaCgueju
4EGz4rN8kpKF5mx5i0HHm1,3MM3uKNdJbvefUael12dl3
3oSsklj0Q1zDzJbV8iXtDL,2kQnsbKnIiMahOetwlfcaS
2Kb5Sy93AE70esO90eJgdQ,0NIIxcxNHmOoyBx03SfTCD
2Kb5Sy93AE70esO90eJgdQ,4cUkGQyhLFqKHBtL58HYVp
7MGPr84RIWHL9Zz9xLHe93,0DtXHIvJ8NWBg5pGvsgWnR
4vNOj7chCamVcOTe1MjAAN,0Ek89uaJyo6NfWK22awFvI
4vNOj7chCamVcOTe1MjAAN,3ycxRkcZ67ALN3GQJ57Vig
2eAcey7KS6TmHulCNjxABW,0DbBBj0ScPumRqKXswGQH1
5PF2WtSZV4EtmGx4oER1zt,1A9o3Ljt67pFZ89YtPPL5X
5PF2WtSZV4EtmGx4oER1zt,4V8LLVI7PbaPR0K2TGSxFF
4efHJDBcmhJYs8n9hJcVC8,5CXdWANGwYYRPClH6hhC0P
7fYRg3CEbk6rNCuzNzMT06,7CajNmpbOovFoOoasH2HaY
7fYRg3CEbk6rNCuzNzMT06,6M2wZ9GZgrQXHCFfjv46we
7fYRg3CEbk6rNCuzNzMT06,50co4Is1HCEo8bhOyUWKpn
5wjbycoA8X9C0HKphtnSZC,4VA3EAvncrTucjTmrvd4GE
5wjbycoA8X9C0HKphtnSZC,21C9Dbg9CD3Dv8NaD7iW8e
5MA0iU2dyAFwWUzfyrk2di,4E2rKHVDssGJm2SCDOMMJB
5Dz6wdHlI45KAOBAfMSJRS,43UmVQp9qZILibJ5vHq21k
5Dz6wdHlI45KAOBAfMSJRS,5ITI6SEoUZMIXXkzCfr4oE
1UlkeNTAI6j9xon4RcEVT2,0dUYLC7DLjeS8gIh8cz2Pq
1UlkeNTAI6j9xon4RcEVT2,2HVYZvpEGdadr91TCxyPW2
67v2UHujFruxWrDmjPYxD6,4E2rKHVDssGJm2SCDOMMJB
67v2UHujFruxWrDmjPYxD6,7tYKF4w9nC0nq9CsPZTHyP
4MAADpR6MjelkaZqe3Mgnv,1ewyVtTZBqFYWIcepopRhp
4pdGqhW6HzzsFP8Gi3vMn8,58hqTaCiqGrMsNmmm3qL7w
0lolsWqQe1StrLfvEtlLlt,1MaWvJ5Y0Na24KMG79WxDU
1dHiSGzb9WFtDKnBFJs4KO,0Adbm5kzcPUxFybf9fhjgG
1dHiSGzb9WFtDKnBFJs4KO,5d6YpWfrSRRZBTgfLt0xcz
4wMdqBMvVKpNPpRFiBRiXO,6I3MElirhT5t6Kf7p0hGk9
4k0VOhFzawpzyopWO1B9bF,6I3MElirhT5t6Kf7p0hGk9
4k0VOhFzawpzyopWO1B9bF,6GaWtlUT3oavD9SEzhZrA1
601A8voGjkcqINtX6PFIts,5Q81rlcTFh3k6DQJXPdsot
601A8voGjkcqINtX6PFIts,4dHH0sPGUjJcRXffp9nr1e
3QBbRbF51EwVKeECZ1Hwy0,58hqTaCiqGrMsNmmm3qL7w
1Wu9EjGPifgj9Mzm1P8C03,0SVz62vUjHKkbVOgoTK4Ze
1Wu9EjGPifgj9Mzm1P8C03,2fOvE1l01YyORhYzwoaLCM
1MMywhwJKpbVZeDlBAzOAH,7bcjgJLky9kVQ4GcrQTibn
0MOFpFNTB8immc0cXindTo,58hqTaCiqGrMsNmmm3qL7w
1dvqHhLNccePPBHq11TW7v,1U1el3k54VvEUzo3ybLPlM
1dvqHhLNccePPBHq11TW7v,4Gso3d4CscCijv0lmajZWs
610faOY46uYOBi3KXazpSj,5RTLRtXjbXI2lSXc6jxlAz
610faOY46uYOBi3KXazpSj,4E2rKHVDssGJm2SCDOMMJB
5y1x8b3CwmHGFo9wKiO5gl,0DbBBj0ScPumRqKXswGQH1
31MNHKE86sEXzIglbGQ6mu,3WGpXCj9YhhfX11TToZcXP
0jqJNqmrdryU1nnctIzu9n,5RTLRtXjbXI2lSXc6jxlAz
5xNpOm8Dn0utyeFaW1FJqe,1HxfCTl07FhRiJN9jY9kX3
3qF5smMwZhj5b58neJnmKw,1HxfCTl07FhRiJN9jY9kX3
0JdpWcCa8hLSoENXxEZ4b6,6Q7cg6qByDmYzJ6Xs4oTXC
50ZFpw2wS6ERvLmW8TINhq,25uiPmTg16RbhZWAqwLBy5
50ZFpw2wS6ERvLmW8TINhq,2KEqzdPS7M5YwGmiuPTdr5
4S4QJfBGGrC8jRIjJHf1Ka,78rUTD7y6Cy67W1RVzYs7t
3KqGK6a7S87kGLFYdDugPx,4fd3n8zcAmsG2up1QWDNj5
3KqGK6a7S87kGLFYdDugPx,6HwxMgE895sejjGFin9Gvm
7C50hRx4Ao2DYHLBZZ6xh6,22KyrgRdE2K6aB5wtZls3c
2ozAOPkM0rYqQweAhuXMry,2kQnsbKnIiMahOetwlfcaS
2ozAOPkM0rYqQweAhuXMry,68kEuyFKyqrdQQLLsmiatm
7CH99b2i1TXS5P8UUyWtnM,4frXpPxQQZwbCu3eTGnZEw
0sT4slW2xWai3EwVSiuL9Y,4kIwETcbpuFgRukE8o7Opx
7kGvCy8SWzrxhAyZxtSNdO,1ybINI1qPiFbwDXamRtwxD
6rj48XPo5Gk9T7kXFYY93y,4LXBFNxqvOcdBVpbgKn6op
0GJChDESQJ6Yw7MHVz5j4P,0Wwji82sLA0Hcvtuak3omb
2dQn5I17lUiQ8ZpjqMh3TU,0Wwji82sLA0Hcvtuak3omb
2dQn5I17lUiQ8ZpjqMh3TU,2LIk90788K0zvyj2JJVwkJ
01ukVTKa6DhejzNulpoG2t,0Wwji82sLA0Hcvtuak3omb
6zpd3clOMPnCrroDBqrJU6,0Wwji82sLA0Hcvtuak3omb
3KfKcViZxY8AbGlTw85OdF,0Wwji82sLA0Hcvtuak3omb
08tdFfSLp50Wv6HIcfH9YP,0Wwji82sLA0Hcvtuak3omb
6N5QUrxpUVOMJGCb4zeUr5,0Wwji82sLA0Hcvtuak3omb
0mvKoOMnjfGtgTEUQAHWMs,0Wwji82sLA0Hcvtuak3omb
0k2HFzw2iQENrU2oWtVJEb,0Wwji82sLA0Hcvtuak3omb
0k2HFzw2iQENrU2oWtVJEb,7Hjbimq43OgxaBRpFXic4x
1MVq0orlrDhMg4OSazRgr5,0Wwji82sLA0Hcvtuak3omb
3FGj53xlCa43WHUQ4dDF6y,6I3MElirhT5t6Kf7p0hGk9
3FGj53xlCa43WHUQ4dDF6y,2pgUIUzteEqbNGO4v7kiJB
3UjkUgj9YDEfw0JHGVjsMt,4lPl9gqgox3JDiaJ1yklKh
59LmAQrsS5O64n90EaTQUf,4lPl9gqgox3JDiaJ1yklKh
4GobDRbKnfjrA3KX5LhOwS,4lPl9gqgox3JDiaJ1yklKh
0YA8QupyhYiJWDFvqzejpW,4VA3EAvncrTucjTmrvd4GE
0YA8QupyhYiJWDFvqzejpW,1YfEcTuGvBQ8xSD1f53UnK
1dKe9VEGUSNfzn5MDvm6SJ,6cK3NBO6uP7hh0oyuVELFl
1dKe9VEGUSNfzn5MDvm6SJ,3Y7RZ31TRPVadSFVy1o8os
2nQF3xgFXtXVUlaQNiUARI,0NIIxcxNHmOoyBx03SfTCD
1aNiHxopNsQDGRCrrAw9FX,64H8UqGLbJFHwKtGxiV8OP
1aNiHxopNsQDGRCrrAw9FX,3rWZHrfrsPBxVy692yAIxF
1aNiHxopNsQDGRCrrAw9FX,1xoxekeb8jUVHKJB7m6bfg
3XE2o2cDDT16Oq2fcM4sOe,2kQnsbKnIiMahOetwlfcaS
1taBEywFZlZO7xiEEIyajF,2kQnsbKnIiMahOetwlfcaS
1taBEywFZlZO7xiEEIyajF,68kEuyFKyqrdQQLLsmiatm
3oSsklj0Q1zDzJbV8iXtDL,2kQnsbKnIiMahOetwlfcaS
0UmAJi6GA97EVy9hlxT9ip,2kQnsbKnIiMahOetwlfcaS
3yOaX3XEVAnTIyUHagBJvj,2kQnsbKnIiMahOetwlfcaS
7tCmUu18EkTlGhGV2wmE7x,2kQnsbKnIiMahOetwlfcaS
1reKt6v6yB94YFSgpdMGsh,2kQnsbKnIiMahOetwlfcaS
0asd5fbnDIKKRdnYskMFDa,2kQnsbKnIiMahOetwlfcaS
7MauSmUjqaucrNk7xtsHin,2kQnsbKnIiMahOetwlfcaS
1Nds91TqWbDaVgPJPMr4fM,2kQnsbKnIiMahOetwlfcaS
1Nds91TqWbDaVgPJPMr4fM,6XS2GPyMwHEgAn0VspnhMf
0z6aLSVOKcrq5UuCjzEw5z,2kQnsbKnIiMahOetwlfcaS
2e4oIsOkGJNQ4Ab9sjOm52,2kQnsbKnIiMahOetwlfcaS
7nnS3uqsyFDQLlcjkK7mAA,2kQnsbKnIiMahOetwlfcaS
5chF5XlWWVZftPZYfwpwdv,2kQnsbKnIiMahOetwlfcaS
5chF5XlWWVZftPZYfwpwdv,0Eee47Sroig9UczLZGtyVn
763eurtqMMf49M7RZObn05,2kQnsbKnIiMahOetwlfcaS
04jLDU4ctr7KwMX0n28WEZ,5qfkUSH3ip5dD2eEPhjkT3
04jLDU4ctr7KwMX0n28WEZ,4c2ighP1wj8E5dVGJDCOiB
2qEyhtx20tSCSubM3JXhxu,3jk39CGeaaSO3FPKNx1RUx
2qEyhtx20tSCSubM3JXhxu,5Vuvs6Py2JRU7WiFDVsI7J
0IMUFRaM2W3wKNM1CSQ4Zm,57LYzLEk2LcFghVwuWbcuS
0IMUFRaM2W3wKNM1CSQ4Zm,7tYKF4w9nC0nq9CsPZTHyP
0IMUFRaM2W3wKNM1CSQ4Zm,4kYSro6naA4h99UJvo89HB
2avRIlZPDXdDOdPIgCcKq3,5FxD8fkQZ6KcsSYupDVoSO
3zmkCbsIVTXH5LvQ5twitZ,7rXMvXRnWHaSwnVvPeUUfw
6A6yKpsgFr4gIKd7gsfHhm,2KEqzdPS7M5YwGmiuPTdr5
3e1C4xcn4REvbAa7M6VshF,3aQeKQSyrW4qWr35idm0cy
3e1C4xcn4REvbAa7M6VshF,6veh5zbFpm31XsPdjBgPER
3e1C4xcn4REvbAa7M6VshF,0cGUm45nv7Z6M6qdXYQGTX
3WhHjept5wDaNPsE7G4Zof,3EaMWS6JZsJwBICEFUsWPR
2aOufD9FiarF4jDaxo8B8c,1cWyN6TA0n4j9JtqI0sOpt
01ukVTKa6DhejzNulpoG2t,0Wwji82sLA0Hcvtuak3omb
39xVzbZDVYROIkoI0wJU7k,5RTLRtXjbXI2lSXc6jxlAz
7hLyAxfA4obdEW8DXMsqpU,1OzwSkNJ5OCaMAgdnBFguj
7h1kWdBH8pV84RNP2foaf5,0IF46mUS8NXjgHabxk2MCM
4nY5F7ukzrGVRF2OxYoCPX,6RIJu05yhEIYskbVgxmk3R
3tZs3nVjySLbL320lP4mvs,3Y7RZ31TRPVadSFVy1o8os
3ocupZmiN2ZqQjTVntVtLv,16AILHA3N2C3ngRuR2FdfH
3ocupZmiN2ZqQjTVntVtLv,1Naqgo0HMRoumRP0e2MXD9
4FTq81I0X4J6y9X06GcZIN,4qwGe91Bz9K2T8jXTZ815W
1dDfNKasu3ETniVIYLAZNM,32vWCbZh0xZ4o9gkz4PsEU
6rQlfR31QLNCBrq0no1Qc2,32vWCbZh0xZ4o9gkz4PsEU
5fdhThPDe6jQQDqCyWrdAn,32vWCbZh0xZ4o9gkz4PsEU
343maiZvmnpCQEZC2nw66F,32vWCbZh0xZ4o9gkz4PsEU
4VX5F5jHoVO8g9SiEFzBTb,32vWCbZh0xZ4o9gkz4PsEU
4VX5F5jHoVO8g9SiEFzBTb,1LFKKuzn302wp15dYH28id
4VX5F5jHoVO8g9SiEFzBTb,1FE0rls8gfQT3laAeRYNgl
4VX5F5jHoVO8g9SiEFzBTb,7dNsHhGeGU5MV01r06O8gK
1AEwUAbTx0ysdikUegUdQR,32vWCbZh0xZ4o9gkz4PsEU
6A8spBZpLjC8LBPRf2TgJD,32vWCbZh0xZ4o9gkz4PsEU
6oc3yOdUgjSK6ydBaOX1to,32vWCbZh0xZ4o9gkz4PsEU
7btqlweUDkc7ik9kl4XPak,32vWCbZh0xZ4o9gkz4PsEU
1i52oNIgbmyMDXJaM8LP9H,32vWCbZh0xZ4o9gkz4PsEU
0zUXyDr4tSc7iSfdX7Zjtd,32vWCbZh0xZ4o9gkz4PsEU
0zUXyDr4tSc7iSfdX7Zjtd,1LFKKuzn302wp15dYH28id
0zUXyDr4tSc7iSfdX7Zjtd,1FE0rls8gfQT3laAeRYNgl
6fdVBAXMxv5vAABQCpOtI5,5YGY8feqx7naU7z4HrwZM6
6fdVBAXMxv5vAABQCpOtI5,32vWCbZh0xZ4o9gkz4PsEU
0ITwTSwgsqcPtRBeNYe9yy,5cMVRrisBpDkXCVG48epED
2fDHuS1PTkHBbCWWZF1ph9,6kACVPfCOnqzgfEF5ryl0x
27876bQcDNkZhWqvF0zfFN,32vWCbZh0xZ4o9gkz4PsEU
27876bQcDNkZhWqvF0zfFN,1sXbwvCQLGZnaH0Jp2HTVc
27876bQcDNkZhWqvF0zfFN,5s6TJEuHTr9GR894wc6VfP
3lVPtkNFoIyPPGVdNri4VH,0XKOBt59crntr7HQXXO8Yz
3lVPtkNFoIyPPGVdNri4VH,70kkdajctXSbqSMJbQO424
2Asiem9O0YGuvvoAkz8aSq,32vWCbZh0xZ4o9gkz4PsEU
7E8nKMtXMqIQbvl1Ta9Ucw,7dNsHhGeGU5MV01r06O8gK
1V1tqCF60nsfTfZUENTF03,32vWCbZh0xZ4o9gkz4PsEU
1wgXZFadykcGX9W1olAOmp,32vWCbZh0xZ4o9gkz4PsEU
0ju1jP0cSPJ8tmojYBEI89,7emRV8AluG3d4e5T0DZiK9
5hviCr3lgg6LY6noG6DPKs,25IG9fa7cbdmCIy3OnuH57
0AkZjWYCMJ8wWiNex7LmkY,25IG9fa7cbdmCIy3OnuH57
7rqaqQurHzR5xHAhdm1gmM,25IG9fa7cbdmCIy3OnuH57
4UN6sBmFTt2IqxN3IRqJT3,25IG9fa7cbdmCIy3OnuH57
7tTElNyvXsfFcxDXIiH5cm,6vWDO969PvNqNYHIOW5v0m
7tTElNyvXsfFcxDXIiH5cm,25IG9fa7cbdmCIy3OnuH57
6sxptembJVty4sNtcPMAVz,5e4Dhzv426EvQe3aDb64jL
60XKXfrjh0qhAHw4QfNO6j,32vWCbZh0xZ4o9gkz4PsEU
6EUxzQVdE6H7tPSdVfQY9Y,6LqNN22kT3074XbTVUrhzX
3cqWSJzuxZCsglpaxWtosT,6xvpfMjWTougrRRtK7iikz
1yrHbj1OW7ZKz9xbXWyWwJ,5J6L7N6B4nI1M5cwa29mQG
1ne9wOtDF2jM6Cm8WBkaER,7EK1bQADBoqbYXnT4Cqv9w
7GH8qNOm2gEKryVUyVzkmt,7dmeVSH4lJqxXU7C87dKIB
4LeFqJu2fxnJdx0QFZ0jkc,36KsCCwgI0Dep97yVJWmkK
4LeFqJu2fxnJdx0QFZ0jkc,2Otnykd696YidQYfEGVmNq
0cYzTr1AcmvJcGUstkCKeW,3aQeKQSyrW4qWr35idm0cy
0FiwMxsaV8SNBnjmZkHHra,3J0BpFVUc9LeOIVeN5uNhU
0FiwMxsaV8SNBnjmZkHHra,4IVAbR2w4JJNJDDRFP3E83
6mnnWzRl1C6LABvoUar9tF,63XBtGSEZINSyXylZxEUbv
1fEkrXY5RLeVZ7kMDzGUVb,5xuNBZoM7z1Vv8IQ6uM0p6
2JvWoj5bTklsb6fPzRfZ3x,25uiPmTg16RbhZWAqwLBy5
2JvWoj5bTklsb6fPzRfZ3x,04vj3iPUiVh5melWr0w3xT
2JvWoj5bTklsb6fPzRfZ3x,4Ge8xMJNwt6EEXOzVXju9a
3Kkjo3cT83cw09VJyrLNwX,4dpARuHxo51G3z768sgnrY
3xJu5hrOU9OvFQSGLQiwQS,0NB5HROxc8dDBXpkIi1v3d
7rglLriMNBPAyuJOMGwi39,3PhoLpVuITZKcymswpck5b
7rglLriMNBPAyuJOMGwi39,6M2wZ9GZgrQXHCFfjv46we
7rglLriMNBPAyuJOMGwi39,6n28c9qs9hNGriNa72b26u
4Cz1StHxD06CZzr8NxvYfw,0tbeZu9lv8YEKSQ9tZSslu
5wJ9sSG7NItwu34jMnyxqa,0NB5HROxc8dDBXpkIi1v3d
2t5ebbh0zWyTIe02d6kv8Y,6I3MElirhT5t6Kf7p0hGk9
2t5ebbh0zWyTIe02d6kv8Y,5qfkUSH3ip5dD2eEPhjkT3
6z9zXftDgpnyZYL2KiRTHZ,1lYNHBChDDWC233o6ribbt
4iN16F8JtVxG2UTzp3avGl,0du5cEVh5yTK9QJze8zA0C
4iN16F8JtVxG2UTzp3avGl,3jK9MiCrA42lLAdMGUZpwa
4iN16F8JtVxG2UTzp3avGl,6PvvGcCY2XtUcSRld1Wilr
6vFifFwgq4Z3csFE6zi9Fd,6xdRb2GypJ7DqnWAI2mHGn
26ZCR1Zd74fvBJvH1o1rbx,2AmfMGi3WZMxqFDHissIAe
2c6xRsQBv7pynuhYhWoHxo,4dpARuHxo51G3z768sgnrY
09u787BYeYIGd2mFIJ505t,4dpARuHxo51G3z768sgnrY
4BtdRTI0kyI2hfIcBF6QP3,42TFhl7WlMRXiNqzSrnzPL
7BDbyDs5FUmnh955RABFd7,3nuc29fYGlQbIrwh4yrNWd
5dXWFMwD7I7zXsInONVl0H,7tYKF4w9nC0nq9CsPZTHyP
7yjum1B7kQ8gFWTP0cqKMu,0NB5HROxc8dDBXpkIi1v3d
6oObFjWTlkRZzY0hd38dHK,3A2jfQOLgo5rV4GYFHbEA2
6oObFjWTlkRZzY0hd38dHK,3J0BpFVUc9LeOIVeN5uNhU
1IjeGPU5hqHlJpm00zObN7,63XBtGSEZINSyXylZxEUbv
17NlAopmbL9vdVKR8nSfbz,0NB5HROxc8dDBXpkIi1v3d
10sP6mykiMbeyA8jx2kUF0,0cGUm45nv7Z6M6qdXYQGTX
10sP6mykiMbeyA8jx2kUF0,5qfkUSH3ip5dD2eEPhjkT3
2NDMLu8ZNrAsAsPAoW5VOx,2kQnsbKnIiMahOetwlfcaS
1kSfwOauMxFm9cgYiNfsiL,3e7awlrlDSwF3iM0WBjGMp
5SixeLvPsYpk7qq9lo5xYg,1FtBEIWAwvw5ymBen5GICR
1fr6WZfau4vNzDFfHYSJVT,70kkdajctXSbqSMJbQO424
64PsLB0bc1LJoZwogWO3ok,70kkdajctXSbqSMJbQO424
3PT3dmokgfqJSsZxv4Njw5,70kkdajctXSbqSMJbQO424
2stbjvpFujerfDUuUUPX7o,70kkdajctXSbqSMJbQO424
6ElfCM1XppU0YWkkFYh4s2,1vaQ6v3pOFxAIrFoPrAcom
1jVjOcs7QeQZJXScbqvofI,3rWZHrfrsPBxVy692yAIxF
2bydO0jZES9rBvSnPvYN5L,23KIrX6iPiVOkx60F4bjNq
1KoXAHzunI8OY34GwmnIQV,2mvAbMVwkxiZWJXjorKpdK
1KoXAHzunI8OY34GwmnIQV,0cGUm45nv7Z6M6qdXYQGTX
3FpsFW7PcGAUki4siWcvVk,4SqTiwOEdYrNayaGMkc7ia
4M6XHrTc4RtdgKN9gzEAM6,34A8vV1MCxGpA14KspqQuC
4cTPtlhSo6NDdOe1fXzx1N,74CcYmmNeHKe5PrZaISk8e
3VqeTFIvhxu3DIe4eZVzGq,3Nrfpe0tUJi4K4DXYWgMUX
0FFsgUoFibYISzMxuGS61W,5cj0lLjcoR7YOSnhnX0Po5
0FFsgUoFibYISzMxuGS61W,66CXWjxzNUsdJxJ2JdwvnR
0qoN5QNPMw6nbVJpG2uFT7,3xPCFC8f7U3raEXOXQ3MrE
67BtfxlNbhBmCDR2L2l8qd,7jVv8c5Fj3E9VhNjxT4snq
4yyX2Iu4xJjW9xMvBZKSBi,6S2OmqARrzebs0tKUEyXyp
4yyX2Iu4xJjW9xMvBZKSBi,66CXWjxzNUsdJxJ2JdwvnR
2VG8AgBiAMeohhwuPRvymx,4VA3EAvncrTucjTmrvd4GE
2VG8AgBiAMeohhwuPRvymx,0I5HubncQ8E1MFZOlPDY4J
7y3xU9vEC1s8DSuuoSYKih,5cj0lLjcoR7YOSnhnX0Po5
2HolBGR6tpiWI80MXoV1dJ,5cj0lLjcoR7YOSnhnX0Po5
2HolBGR6tpiWI80MXoV1dJ,50co4Is1HCEo8bhOyUWKpn
3qGHAKgjQruzj6doKkyEb5,25uiPmTg16RbhZWAqwLBy5
3qGHAKgjQruzj6doKkyEb5,3Xt3RrJMFv5SZkCfUE8C1J
3qGHAKgjQruzj6doKkyEb5,4XDi67ZENZcbfKnvMnTYsI
7syaIUvVikPrFHaMe0OB0U,4QM5QCHicznALtX885CnZC
2Kmc0lZsXIRb50ie9wN2Ei,3xPCFC8f7U3raEXOXQ3MrE
1KFHD2MK0wQADYddeed7Qf,0AsThoR4KZSVktALiNcQwW
43e9tSxVoL8LEWd5oLkR1S,6niigcazB2JPcpasZfZvq1
3EG9FJ0ToLfgnc1IG2Z1wz,4V8LLVI7PbaPR0K2TGSxFF
3EG9FJ0ToLfgnc1IG2Z1wz,3tlXnStJ1fFhdScmQeLpuG
3EG9FJ0ToLfgnc1IG2Z1wz,4yJHrytMK7mqtKsXVGaBNg
4XkrlDVc8UQUvsyRsxvU0M,2cWZOOzeOm4WmBJRnD5R7I
4XkrlDVc8UQUvsyRsxvU0M,4kYSro6naA4h99UJvo89HB
6mnnWzRl1C6LABvoUar9tF,63XBtGSEZINSyXylZxEUbv
7pU5FFg79WmfMpbc9w7aDr,1EgCxqT8GgE5oXX3PkeGhq
17NlAopmbL9vdVKR8nSfbz,0NB5HROxc8dDBXpkIi1v3d
6eKvp8MA5pIIDiksqdP3wO,1U1el3k54VvEUzo3ybLPlM
6eKvp8MA5pIIDiksqdP3wO,6nVcHLIgY5pE2YCl8ubca1
5fUzMvyRsUklP0Pdmsh9Mz,4wrzxtBZw20ufDstKyTnnP
6MCO8vZgq8xAu9lrfJyIti,4wrzxtBZw20ufDstKyTnnP
0J9g8SSKGDsCRu0xCs71IP,5pDY9dgZO8O1yNZDARb62q
0J9g8SSKGDsCRu0xCs71IP,15GGbJKqC6w0VYyAJtjej6
6DXZiYUbrYgrVIhfX3U9Z2,6M2wZ9GZgrQXHCFfjv46we
02nZeTbm2dRHisH6qsUM5E,4mErKO4g29SXtBwj4S80aB
02nZeTbm2dRHisH6qsUM5E,4UodukR17NIQfNu5uaqm9B
4Ef1QKChVVBQLt0wmTycUS,5oOhM2DFWab8XhSdQiITry
4Ef1QKChVVBQLt0wmTycUS,4mErKO4g29SXtBwj4S80aB
7N0T6i3ZER3p3SYBzxMeCV,5cj0lLjcoR7YOSnhnX0Po5
6mnnWzRl1C6LABvoUar9tF,63XBtGSEZINSyXylZxEUbv
4VyoOl99FlcemZr6WvzQed,7aFTOGFDEqDtJUCziLVsVC
4VyoOl99FlcemZr6WvzQed,2RP4pPHTXlQpDnO9LvR7Yt
5O7ivZ60NXuzWi1Myvk0U2,0NB5HROxc8dDBXpkIi1v3d
13z7RLPmgupzRwQY9NiTZU,74CcYmmNeHKe5PrZaISk8e
13z7RLPmgupzRwQY9NiTZU,3Gm5F95VdRxW3mqCn8RPBJ
0zuFxcxxMGrmI9S64qaGc4,1jY7CSRj8HeID6uzTJUi8F
77dndbiAibMrQEftceAjLr,5YZ5AExR68U3ZblH6HcO6B
2MWzmWSgPB5UZ2sLskqfNA,5YZ5AExR68U3ZblH6HcO6B
4vNOj7chCamVcOTe1MjAAN,0Ek89uaJyo6NfWK22awFvI
4vNOj7chCamVcOTe1MjAAN,3ycxRkcZ67ALN3GQJ57Vig
11Yft9qfxqdK9sURatUNZ1,4lPl9gqgox3JDiaJ1yklKh
1RRlUJMxjp2FmkTExBT2T7,0oBsnAC3fzYkTHF3bkfNx6
1RRlUJMxjp2FmkTExBT2T7,181bsRPaVXVlUKXrxwZfHK
7sUTbNjYpJkUhICiLEoYdf,6d6ts87Fxm1EdULf4CaLw4
7sUTbNjYpJkUhICiLEoYdf,0iqCNJHozJhcjPDoX1EJ6a
4GE0As8SVSjCMVYkRaaWwJ,6M2wZ9GZgrQXHCFfjv46we
2mumZRgEobS03J546KQcMl,3Vl9fyKMIdLMswk8ai3mm9
4jlFQMGIn42SphX3hk2r8l,1LzWWI9v4UKdbBgz8fqi15
2i40wZkiPAGIFudrGH99nx,2AfU5LYBVCiCtuCCfM7uVX
0CKEQRRvvvdcb7KMh493ky,4VA3EAvncrTucjTmrvd4GE
2xvaAfj3UwqdVBUT7Y4scx,2AcUPzkVWo81vumdzeLLRN
2xvaAfj3UwqdVBUT7Y4scx,3NKVm2Jedcf6ibJr6pMUVx
1HHIv96gVeVkoOBzQeH9d8,4kIwETcbpuFgRukE8o7Opx
0T7aTl1t15HKHfwep4nANV,0NB5HROxc8dDBXpkIi1v3d
4cOVTA2GfYTHw99AJDQpHo,6qgnBH6iDM91ipVXv28OMu
4cOVTA2GfYTHw99AJDQpHo,0NIIxcxNHmOoyBx03SfTCD
7bvumLayTpnyN2fimH5xig,1LzWWI9v4UKdbBgz8fqi15
1bFkegc1VrmfYl26qeTWAl,1LzWWI9v4UKdbBgz8fqi15
5jl4mrAV1rEm384440ZAib,1LzWWI9v4UKdbBgz8fqi15
6t90Z9XkdsHD8xMxro6KRP,5pKCCKE2ajJHZ9KAiaK11H
6t90Z9XkdsHD8xMxro6KRP,7tYKF4w9nC0nq9CsPZTHyP
2ZDRA0S22sue6jpghf2qol,0NB5HROxc8dDBXpkIi1v3d
1xNknVNOolLB4oQeEtNBX2,0NB5HROxc8dDBXpkIi1v3d
2VG8AgBiAMeohhwuPRvymx,4VA3EAvncrTucjTmrvd4GE
2VG8AgBiAMeohhwuPRvymx,0I5HubncQ8E1MFZOlPDY4J
1q7ZkjnhosfyZHx1CFnpJ6,4CmXLOB2gQfewLf8iTbNVp
0rGp6w70CtMCJogErrCfNK,5HdEsw8d1ZGm49Aw7GWTuD
33NsFLfr80OVXNzFgztYyx,1LeVJ5GPeYDOVUjxx1y7Rp
3EG9FJ0ToLfgnc1IG2Z1wz,4V8LLVI7PbaPR0K2TGSxFF
3EG9FJ0ToLfgnc1IG2Z1wz,3tlXnStJ1fFhdScmQeLpuG
3EG9FJ0ToLfgnc1IG2Z1wz,4yJHrytMK7mqtKsXVGaBNg
5QTdOvIF2ehBMZpSIIGzIo,0cGUm45nv7Z6M6qdXYQGTX
1IjeGPU5hqHlJpm00zObN7,63XBtGSEZINSyXylZxEUbv
2bydO0jZES9rBvSnPvYN5L,23KIrX6iPiVOkx60F4bjNq
6sHgMLiwXXCbg2AbkzQAWK,0NIIxcxNHmOoyBx03SfTCD
250MGnU6pKSOcH8asAXKRP,0NIIxcxNHmOoyBx03SfTCD
3iGNoYKIabGohB9A0C7dKU,6I3MElirhT5t6Kf7p0hGk9
6xq1EMT320v5qtjoSWZKpf,181bsRPaVXVlUKXrxwZfHK
7e4HYOAxgfWxcxOBEMAjSg,17czHqI0Lwj2V3htvm8afG
29M1mAkW4VlxJ4noKN0RxY,5XenQ7XfcvQdfIbpLEFaKQ
29M1mAkW4VlxJ4noKN0RxY,08PvCOlef4xdOr20jFSTPd
4Cz1StHxD06CZzr8NxvYfw,0tbeZu9lv8YEKSQ9tZSslu
6oW04c2E7lebl09WHsBAWO,4dpARuHxo51G3z768sgnrY
2WepYrq6xOaUBosjWVsA3w,6I3MElirhT5t6Kf7p0hGk9
2WepYrq6xOaUBosjWVsA3w,4JqpJeNOhP6bAkolNMLwFg
0dpyzcT3RMNNSd2xKBf35I,7MoIc5s9KXolCBH1fy9kkw
6ElfCM1XppU0YWkkFYh4s2,1vaQ6v3pOFxAIrFoPrAcom
1jBKtzlwTVtCrScpiiHiKT,6qgnBH6iDM91ipVXv28OMu
1jBKtzlwTVtCrScpiiHiKT,3Y7RZ31TRPVadSFVy1o8os
1I40L32fTSSkBkPeArX9Ul,65dGLGjkw3UbddUg2GKQoZ
1I40L32fTSSkBkPeArX9Ul,6K4I1MPd7m8IztUdtrF4YU
3AwP1m76J9EXtotkxLr71B,0NB5HROxc8dDBXpkIi1v3d
4dyAQ8PjbyInJYgTnTsIeX,2DGBzoOLcKLK3eWxFyugdB
2DPNzd02j1SwHnz7a6YiYx,0tbeZu9lv8YEKSQ9tZSslu
2DPNzd02j1SwHnz7a6YiYx,62DmErcU7dqZbJaDqwsqzR
3CPc0gyGl2iJGQJpnsmYxs,4c2ighP1wj8E5dVGJDCOiB
3CPc0gyGl2iJGQJpnsmYxs,5YZ5AExR68U3ZblH6HcO6B
3Am6nVgWd4pwO2hguNHqI7,33Se8kMYeTPkeeM2LnsPF8
4oHghaXlFoXhq8SZHjvIYr,6fI10k7bFVFS76bHXdBof6
4oHghaXlFoXhq8SZHjvIYr,60b7IDlGflg5lgyfEGf9yB
4oHghaXlFoXhq8SZHjvIYr,42gnrsSSKKNNmfAJ0o3oyN
4jvwn9ZXk0UKLBsC19uUVP,2kQnsbKnIiMahOetwlfcaS
42y2nvLMc5wLFWW8z6j97b,6I3MElirhT5t6Kf7p0hGk9
42y2nvLMc5wLFWW8z6j97b,1kh0AypxF3CxMMzmQyif2S
27sBcXtgTBSJRdUxei1a7J,0NB5HROxc8dDBXpkIi1v3d
01ukVTKa6DhejzNulpoG2t,0Wwji82sLA0Hcvtuak3omb
1aNiHxopNsQDGRCrrAw9FX,64H8UqGLbJFHwKtGxiV8OP
1aNiHxopNsQDGRCrrAw9FX,3rWZHrfrsPBxVy692yAIxF
1aNiHxopNsQDGRCrrAw9FX,1xoxekeb8jUVHKJB7m6bfg
3XE2o2cDDT16Oq2fcM4sOe,2kQnsbKnIiMahOetwlfcaS
39xVzbZDVYROIkoI0wJU7k,5RTLRtXjbXI2lSXc6jxlAz
4LRPiXqCikLlN15c3yImP7,6KImCVD70vtIoJWnq6nGn3
6s3UHVDqqqNHa1HyynG4VI,4yYvor6Rq4fG82J1L47DYp
2SlZsV3sXc69uhUNBQNgkD,4cUkGQyhLFqKHBtL58HYVp
5CBEzaNEuv3OO32kZoXgOX,43JlwunhXm1oqdKyOa2Z9Y
5CBEzaNEuv3OO32kZoXgOX,1tP3R35TdPW8BMwmTPOoVZ
1Fwppfa2qKDAETKveNFsHR,5Vuvs6Py2JRU7WiFDVsI7J
36NukHQiatLeLFXI5eTP1L,61677A13kBwbTfqECI65p8
36NukHQiatLeLFXI5eTP1L,0NIIxcxNHmOoyBx03SfTCD
0hpsO7RHd5pQrUkzl2Psom,6lOCVUQbb9wzuZQbZQV9zn
0hpsO7RHd5pQrUkzl2Psom,5KtUig38eqxK2rOtHZnz0k
0xM4e5ON4PcKCF1rnqLmR9,5IWhRKmW8IDdeJfrx4Kl0E
0jf7jehC9YDd49ipvJDzFS,6sqiRzYTXxK2QixYmy3Ebz
0jf7jehC9YDd49ipvJDzFS,6lOCVUQbb9wzuZQbZQV9zn
2gdmSV6iZDVf8ETlD755Zf,4Otn2nALdNCTFUUExiskqw
2Is9zrqsT5J8lmU7T43p4I,181bsRPaVXVlUKXrxwZfHK
7tsRp7QKUBp6hc9bth0h7x,7ypgj95aGInvJMJbMv78wB
79SwVzOYeZANQKa8v9IM8I,2fOvE1l01YyORhYzwoaLCM
4MAADpR6MjelkaZqe3Mgnv,1ewyVtTZBqFYWIcepopRhp
5GKdWRbTtj6D6gKM9455j5,5Ljgq0b8I3YkUwp3gtB1wm
7HQjy1O5WUmq9bcRTCl8H3,100sLnojEpcadRx4edEBA6
7eQpbVg3tjHmtdOlAHxaTr,6vWDO969PvNqNYHIOW5v0m
4RLl6YFuMKbHOhg9twznvJ,5FxD8fkQZ6KcsSYupDVoSO
6plp1nJtm4Y3m87qmDCy61,76bAuLD5jMIT1YDJ84KB8l
6EidGY4S6hkU6fwNdSSabg,4frXpPxQQZwbCu3eTGnZEw
6wwrYruEgWlowPDZMq5116,6vWDO969PvNqNYHIOW5v0m
2TIGwYiQYr1N5zTOQToDfK,5nLYd9ST4Cnwy6NHaCxbj8
2TIGwYiQYr1N5zTOQToDfK,5Y5TRrQiqgUO4S36tzjIRZ
2mKouqwAIdQnMP43zxR89r,3ScY9CQxNLQei8Umvpx5g6
2mKouqwAIdQnMP43zxR89r,1J2VVASYAamtQ3Bt8wGgA6
2mKouqwAIdQnMP43zxR89r,5rkVyNGXEgeUqKkB5ccK83
6i2EaF3PqU7261wFAP6crK,5cj0lLjcoR7YOSnhnX0Po5
6sg284TefDkBpFh0317Agp,0NIIxcxNHmOoyBx03SfTCD
0P6AWOA4LG1XOctzaVu5tt,7tYKF4w9nC0nq9CsPZTHyP
0P6AWOA4LG1XOctzaVu5tt,7CajNmpbOovFoOoasH2HaY
0P6AWOA4LG1XOctzaVu5tt,4A0TivfinfALCAMJqqjZIk
6luBKkFUt5wTwz7hpLhp12,6icQOAFXDZKsumw3YXyusw
2Kb5Sy93AE70esO90eJgdQ,0NIIxcxNHmOoyBx03SfTCD
2Kb5Sy93AE70esO90eJgdQ,4cUkGQyhLFqKHBtL58HYVp
0sYfwwEy0UyNizk6na4zGm,12trz2INGglrKMzLmg0y2C
5kAm2Y5ygQtsVfE5dQQfGy,63XBtGSEZINSyXylZxEUbv
5kAm2Y5ygQtsVfE5dQQfGy,0cGUm45nv7Z6M6qdXYQGTX
3dj7ykQExcinPaNzvCzfnn,5xuNBZoM7z1Vv8IQ6uM0p6
3dj7ykQExcinPaNzvCzfnn,0NIIxcxNHmOoyBx03SfTCD
3AaiEsiqHO2ylnnOdWninE,6OqhFYFJDnBBHas02HopPT
4CwchvMNlpQSpQGKEK3sAw,1xcMOgFUM1IYZE22YjCvsL
4CwchvMNlpQSpQGKEK3sAw,6LEeAFiJF8OuPx747e1wxR
4NFD9ea0uH0MtoC30yNYE1,12trz2INGglrKMzLmg0y2C
6fT7QIf55thVWCZyEnaHk0,63XBtGSEZINSyXylZxEUbv
4MlEFAvTGtsJw6CGvePq8H,4yYvor6Rq4fG82J1L47DYp
1sRQzflFI4OooCN1dQK9NG,2HPiMwJktBXqakN0hnON2R
06nMeoeJumuAenz7XKhHYw,2HPiMwJktBXqakN0hnON2R
1XUivd12LBHFanCqt0buaz,2HPiMwJktBXqakN0hnON2R
2T93MtJuKMzcGRTR8fdizV,6PfSUFtkMVoDkx4MQkzOi3
2T93MtJuKMzcGRTR8fdizV,25uiPmTg16RbhZWAqwLBy5
2T93MtJuKMzcGRTR8fdizV,2OaHYHb2XcFPvqL3VsyPzU
2T93MtJuKMzcGRTR8fdizV,6OqhFYFJDnBBHas02HopPT
6rCuplMDiFQVSca77OQocz,74CcYmmNeHKe5PrZaISk8e
6de7SulHCRCKdBknyvL0WC,5rw6jWzcS6bQimR39VPBXu
6iacLDB05P5i7uC1pSY7Wz,1l7ZsJRRS8wlW3WfJfPfNS
6iacLDB05P5i7uC1pSY7Wz,5XenQ7XfcvQdfIbpLEFaKQ
2nwCO1PqpvyoFIvq3Vrj8N,3IZrrNonYELubLPJmqOci2
0BWBqb5XxraObLopqskk6D,4GoD5FJCgC0lbzde7ly44M
36abr8bUKgRjiMJcgFSE4u,4gtH8goYkYOaa6MxaOxISr
5Y5WLk0oI5MZSJMyK88upb,4SdIXLzfabqU61iK7SnKAU
5Y5WLk0oI5MZSJMyK88upb,0HthCchcL0kVLHTr113Vk1
6qCsKKS7Ol63SJW3LOIX5R,5YGY8feqx7naU7z4HrwZM6
1daDRI9ahBonbWD8YcxOIB,5YGY8feqx7naU7z4HrwZM6
02nZeTbm2dRHisH6qsUM5E,4mErKO4g29SXtBwj4S80aB
02nZeTbm2dRHisH6qsUM5E,4UodukR17NIQfNu5uaqm9B
4VyoOl99FlcemZr6WvzQed,7aFTOGFDEqDtJUCziLVsVC
4VyoOl99FlcemZr6WvzQed,2RP4pPHTXlQpDnO9LvR7Yt
7N0T6i3ZER3p3SYBzxMeCV,5cj0lLjcoR7YOSnhnX0Po5
6IW4TUC3zHW4tpikDg1w7Y,70kkdajctXSbqSMJbQO424
0ju1jP0cSPJ8tmojYBEI89,7emRV8AluG3d4e5T0DZiK9
3rahfnBg8S2nWnyoc3gCyy,006j2rer9tZJCYniu7SaWS
45S5WTQEGOB1VHr1Q4FuPl,6KImCVD70vtIoJWnq6nGn3
5IhzJOXNE7ki0IIJbZbnGq,6KImCVD70vtIoJWnq6nGn3
0C3sscH57PNeQ8dmY6xTIR,4yYvor6Rq4fG82J1L47DYp
5oZps6mYqU5s7A4WjUZggJ,3jK9MiCrA42lLAdMGUZpwa
1xKNnjZkSyj2QbkqruJyCr,54KTsBl98buzGkELjGlnuU
1xKNnjZkSyj2QbkqruJyCr,4GmataFSHOSQWxuuUX57Bh
1YrgbwVse66pH7ysXLlgO8,5rw6jWzcS6bQimR39VPBXu
1T14htJZadDgBUgFNgEGbz,2RP4pPHTXlQpDnO9LvR7Yt
3hARuUtzTdUuWH1KiLJlSf,4iMO20EPodreIaEl8qW66y
3HW030T8eqPs8wpsgZqCGM,6ueGR6SWhUJfvEhqkvMsVs
3HW030T8eqPs8wpsgZqCGM,7IfculRW2WXyzNQ8djX8WX
1YaBa6DI8Suh02EtIZOpdM,4Ui2kfOqGujY81UcPrb5KE
44gz3bzhdcGUFgA5oc1wSu,3e7awlrlDSwF3iM0WBjGMp
263ekmHy4yJ3RqOqIc1JdL,0DbBBj0ScPumRqKXswGQH1
4J2NxCNqehE0MiZhbu97Jx,08PvCOlef4xdOr20jFSTPd
0Ae8EusoCw7lIkpDycUHYl,6vWDO969PvNqNYHIOW5v0m
7wD8R6QWYJbp6eWrgrNkUH,6vWDO969PvNqNYHIOW5v0m
7wD8R6QWYJbp6eWrgrNkUH,2YZyLoL8N0Wb9xBt1NhZWg
6mnnWzRl1C6LABvoUar9tF,63XBtGSEZINSyXylZxEUbv
08W9Md8HXeJrx3omSQE2NF,1ooV8YZC1KbpEcrmI8WH0F
0QOwuZcnP5e7VEcYVb7CfH,4d53BMrRlQkrQMz5d59f2O
3dj7ykQExcinPaNzvCzfnn,5xuNBZoM7z1Vv8IQ6uM0p6
3dj7ykQExcinPaNzvCzfnn,0NIIxcxNHmOoyBx03SfTCD
5kAm2Y5ygQtsVfE5dQQfGy,63XBtGSEZINSyXylZxEUbv
5kAm2Y5ygQtsVfE5dQQfGy,0cGUm45nv7Z6M6qdXYQGTX
4NFD9ea0uH0MtoC30yNYE1,12trz2INGglrKMzLmg0y2C
1jVjOcs7QeQZJXScbqvofI,3rWZHrfrsPBxVy692yAIxF
2YMXS10cLLTiJ8BLn9nasA,63XBtGSEZINSyXylZxEUbv
1OGw5MINK6xZgwcxHOzUbG,1cWyN6TA0n4j9JtqI0sOpt
7KDRA6bQPhtvEuhGpaSrLN,7Gf3LSwa5hh8Cjo60WhVjC
2qhId6ko1ug9A0mw8BQJs8,6TvjXbopXg71XRM9OZWqUc
2qhId6ko1ug9A0mw8BQJs8,0cGUm45nv7Z6M6qdXYQGTX
20Befu2qTvZv19YMJinWL2,0DtXHIvJ8NWBg5pGvsgWnR
0gpYL1he4OGJxv42tT747l,63XBtGSEZINSyXylZxEUbv
6fT7QIf55thVWCZyEnaHk0,63XBtGSEZINSyXylZxEUbv
1b0ZeVYPZCDaAk4pT42pxy,7jZMxhsB8djyIbYmoiJSTs
1b0ZeVYPZCDaAk4pT42pxy,1vaQ6v3pOFxAIrFoPrAcom
6zVhdR5LvkPsSQRB51C6MR,1cWyN6TA0n4j9JtqI0sOpt
6zVhdR5LvkPsSQRB51C6MR,0txgDz2yNToARuN2vD7SWD
1bRjwdtScY2eMe9uMmsOkG,0AsThoR4KZSVktALiNcQwW
2Mee0OQcf0X2059JwUd4Vj,4ClziihVpBeFXNyDH83Lde
0JLcFGzhW8cs2H6AwQFSzC,0AsThoR4KZSVktALiNcQwW
3TTMUI5dFcbeNSDTTDY9M8,57LYzLEk2LcFghVwuWbcuS
3TTMUI5dFcbeNSDTTDY9M8,23zg3TcAtWQy7J6upgbUnj
7GGlr1GkWjre2lo69N0rVk,3AuMNF8rQAKOzjYppFNAoB
0qU3XhIH9xczYPUWV6OopS,0AsThoR4KZSVktALiNcQwW
2qzUpSVI4NnPyWxbXwumTj,6vWDO969PvNqNYHIOW5v0m
5GXuUITCCWAG4h8ABnQ8ve,0AsThoR4KZSVktALiNcQwW
0hRRNHeSZv2x6pHCcXPAct,63XBtGSEZINSyXylZxEUbv
0hRRNHeSZv2x6pHCcXPAct,6LuN9FCkKOj5PcnpouEgny
0hRRNHeSZv2x6pHCcXPAct,0GG2cWaonE4JPrjcCCQ1EG
7DBcFt6GCDL49KjGbCdHPz,3jS1qFuvkhaMC06NZQtNNI
6WbTTAGKrQtCQvmc5BuYfh,181bsRPaVXVlUKXrxwZfHK
32tUYhAygMdx9XxFxxj3It,0wnYgCeP013HkKoOyC5V32
32tUYhAygMdx9XxFxxj3It,2uYWxilOVlUdk4oV9DvwqK
1wiphSU5URcMkpMoGK5mFO,3J0BpFVUc9LeOIVeN5uNhU
62ljuuXo0zrcrtJnnOhfxT,2h93pZq0e7k5yf4dywlkpM
3tk5DaXxxUoV7b5nOdCDBv,3mIj9lX2MWuHmhNCA7LSCW
7GGlr1GkWjre2lo69N0rVk,3AuMNF8rQAKOzjYppFNAoB
2yNCD3Hs8j30hVZoH6rD3n,0cGUm45nv7Z6M6qdXYQGTX
5JoV39MFYbvWZwJlxq2722,3J0BpFVUc9LeOIVeN5uNhU
5JoV39MFYbvWZwJlxq2722,0GM7qgcRCORpGnfcN2tCiB
7wrBKecywD6TUuHQl3wjmj,5xuNBZoM7z1Vv8IQ6uM0p6
2fpVvARsopfxhvNaUMwvS6,4mwXUEKaW4ftbncf9Hi58l
2fpVvARsopfxhvNaUMwvS6,5xuNBZoM7z1Vv8IQ6uM0p6
7sTmKNOcJrx8wAnbXuLim1,1ybAN3utgdoUL1MUCtH4QM
78buehylm7rkiZYgO92d4T,1ybAN3utgdoUL1MUCtH4QM
0cs671lxX2eoDzr2KMuo3N,6zvul52xwTWzilBZl6BUbT
1TWNKyNQOBfNUkWWs7FooF,2KEqzdPS7M5YwGmiuPTdr5
28MOE4pVk5uN3wBDGBacET,2KEqzdPS7M5YwGmiuPTdr5
1ApN1loxlt0rzRFc8iETw7,2KEqzdPS7M5YwGmiuPTdr5
3yhlH8lhTpS03d91kuwjpf,4lPl9gqgox3JDiaJ1yklKh
5tfZ1uYrArdbDqiZ7z1aCE,5uuqghaOBgtv92jDyDveQl
5v4GgrXPMghOnBBLmveLac,181bsRPaVXVlUKXrxwZfHK
5v4GgrXPMghOnBBLmveLac,6vWDO969PvNqNYHIOW5v0m
6NPGVjQUXQxdESkXSWQuNK,0t3QQl52F463sxGXb1ckhB
4ZZnMdc9bVc8QhErLxbOmS,4VA3EAvncrTucjTmrvd4GE
7DHRbYFWgTXzgJpsbFk8Fo,4VA3EAvncrTucjTmrvd4GE
7DHRbYFWgTXzgJpsbFk8Fo,0DtXHIvJ8NWBg5pGvsgWnR
1gV9BVSqekZsvYoJVqwSY8,4ULO7IGI3M2bo0Ap7B9h8a
1bRjwdtScY2eMe9uMmsOkG,0AsThoR4KZSVktALiNcQwW
1iGOI54dl6Ps1kYlSpPZzg,4frXpPxQQZwbCu3eTGnZEw
1iGOI54dl6Ps1kYlSpPZzg,1UH80jhsYsFztK0anu2FNS
4FZOSDwALdWxcGcRbwXWJ8,1U1el3k54VvEUzo3ybLPlM
4FZOSDwALdWxcGcRbwXWJ8,1CoZyIx7UvdxT5c8UkMzHd
55qBw1900pZKfXJ6Q9A2Lc,6jJ0s89eD6GaHleKKya26X
6tS3XVuOyu10897O3ae7bi,6jJ0s89eD6GaHleKKya26X
6tS3XVuOyu10897O3ae7bi,7hJcb9fa4alzcOq3EaNPoG
6I9VzXrHxO9rA9A5euc8Ak,26dSoYclwsYLMAKD3tpOr4
21pySLskKIKrhDziCX5ojQ,6wPhSqRtPu1UhRCDX5yaDJ
1CrwI6m6zrG8AvOyvzpTHO,0GM7qgcRCORpGnfcN2tCiB
1CrwI6m6zrG8AvOyvzpTHO,3J0BpFVUc9LeOIVeN5uNhU
1CrwI6m6zrG8AvOyvzpTHO,5TYxZTjIPqKM8K8NuP9woO
0SiywuOBRcynK0uKGWdCnn,1HY2Jd0NmPuamShAr6KMms
1D066zixBwqFYqBhKgdPzp,3r17AfJCCUqC9Lf0OAc73G
1D066zixBwqFYqBhKgdPzp,085pc2PYOi8bGKj0PNjekA
78qd8dvwea0Gosb6Fe6j3k,5cj0lLjcoR7YOSnhnX0Po5
0BWx2N8CosqHVKkofenY3R,4lDBihdpMlOalxy1jkUbPl
0BWx2N8CosqHVKkofenY3R,4SqTiwOEdYrNayaGMkc7ia
0rIAC4PXANcKmitJfoqmVm,2cWZOOzeOm4WmBJRnD5R7I
06eXJqVLAVynj9FvBFu4Dt,2NdeV5rLm47xAvogXrYhJX
46X0dXeliHXD73sxexJx7d,0hCNtLu0JehylgoiP8L4Gh
46X0dXeliHXD73sxexJx7d,3TVXtAsR1Inumwj472S9r4
46X0dXeliHXD73sxexJx7d,55Aa2cqylxrFIXC767Z865
46X0dXeliHXD73sxexJx7d,7bXgB6jMjp9ATFy66eO08Z
0iYebKFUSfF72fUu2OW6ZT,0hCNtLu0JehylgoiP8L4Gh
1oHNvJVbFkexQc0BpQp7Y4,0hCNtLu0JehylgoiP8L4Gh
6r2BECwMgEoRb5yLfp0Hca,1HY2Jd0NmPuamShAr6KMms
5ka2ajep9OAvU5Sgduhiex,1HY2Jd0NmPuamShAr6KMms
34oB5r0lcN3fYWCs2uA1k5,1HY2Jd0NmPuamShAr6KMms
2gTYVoQCUh0QNUaFix01ld,0hCNtLu0JehylgoiP8L4Gh
2gZUPNdnz5Y45eiGxpHGSc,5K4W6rqBFWDnAN6FQUkS6x
6h2wpo2pshM8QnAvRySEO0,56oDRnqbIiwx4mymNEv7dS
5KPKjcE2trO2hBWRzkb2Mo,3e7awlrlDSwF3iM0WBjGMp
2jATUzETZL49e6SywauZKE,0hCNtLu0JehylgoiP8L4Gh
6CYyxobulcKumfeV6e2I9g,181bsRPaVXVlUKXrxwZfHK
6CYyxobulcKumfeV6e2I9g,4mPrHfhtQUBoHgTxkBieLY
2QBpDW4JNnXagic6ebCtSX,0DtXHIvJ8NWBg5pGvsgWnR
3jagJCUbdqhDSPuxP8cAqF,2wIVse2owClT7go1WT98tk
0GLUBbX4daHJkT3RQHEOia,6vWDO969PvNqNYHIOW5v0m
0GLUBbX4daHJkT3RQHEOia,3nFkdlSjzX9mRTtwJOzDYB
2I6m7c5IfPR7za6B1im2X7,181bsRPaVXVlUKXrxwZfHK
1lcy01rheR0rAQbw1TWkq9,181bsRPaVXVlUKXrxwZfHK
6g0Orsxv6glTJCt4cHsRsQ,6vWDO969PvNqNYHIOW5v0m
4EivmOT13NMpNSfTKn9p4s,5cj0lLjcoR7YOSnhnX0Po5
4EivmOT13NMpNSfTKn9p4s,13y7CgLHjMVRMDqxdx0Xdo
1j6NZFHrpc09YmEZuSlmwf,5cj0lLjcoR7YOSnhnX0Po5
59DuHgV4Va0Drxx8FQg8Me,0hCNtLu0JehylgoiP8L4Gh
7jRoWfRlLnGYEIEn4t4kbq,3r17AfJCCUqC9Lf0OAc73G
4vvOv6MDFFPpEb1gwwb2ZD,3TQ9JTBI2n2hfo7aRONEYV
3rbNV2GI8Vtd8byhUtXZID,5K4W6rqBFWDnAN6FQUkS6x
3rbNV2GI8Vtd8byhUtXZID,3nFkdlSjzX9mRTtwJOzDYB
3rbNV2GI8Vtd8byhUtXZID,0c173mlxpT3dSFRgMO8XPh
1FvU97lrWOG2NRxErh6OZz,6oMuImdp5ZcFhWP0ESe6mG
1FvU97lrWOG2NRxErh6OZz,4O15NlyKLIASxsJ0PrXPfz
6WrI0LAC5M1Rw2MnX2ZvEg,6M2wZ9GZgrQXHCFfjv46we
2kJu14V7hbZw3I4K8L8SXb,1HY2Jd0NmPuamShAr6KMms
6MoedmXms6oNKZTDfEHTbm,63XBtGSEZINSyXylZxEUbv
017PF4Q3l4DBUiWoXk4OWT,6M2wZ9GZgrQXHCFfjv46we
55TGUs6WtyrnI1kohaucaS,3e7awlrlDSwF3iM0WBjGMp
55TGUs6WtyrnI1kohaucaS,3WSK3JppX3N41XHVwQp7Gt
1TWNKyNQOBfNUkWWs7FooF,2KEqzdPS7M5YwGmiuPTdr5
43bYs8QkPdCdy5esfnmU1T,2KEqzdPS7M5YwGmiuPTdr5
6no1mklq4BJBg7KJ6Dly7N,7gRhy3MIPHQo5CXYfWaw9I
6no1mklq4BJBg7KJ6Dly7N,4vUAD0POkGvO6J9c9hv6qR
5cHpzOCrgpnjKuoFqOUIdw,181bsRPaVXVlUKXrxwZfHK
5cHpzOCrgpnjKuoFqOUIdw,6vWDO969PvNqNYHIOW5v0m
0qCLPgY9yoRdDrwoF73Hnq,0NIIxcxNHmOoyBx03SfTCD
24ySl2hOPGCDcxBxFIqWBu,1HY2Jd0NmPuamShAr6KMms
24ySl2hOPGCDcxBxFIqWBu,66CXWjxzNUsdJxJ2JdwvnR
7oqftogUN82Q7VNy2TmTJW,6vWDO969PvNqNYHIOW5v0m
7oqftogUN82Q7VNy2TmTJW,3nFkdlSjzX9mRTtwJOzDYB
7oqftogUN82Q7VNy2TmTJW,73sIBHcqh3Z3NyqHKZ7FOL
7oqftogUN82Q7VNy2TmTJW,65CKKZilbcSKkAPC9a5Mvh
1ZHYJ2Wwgxes4m8Ba88PeK,5K4W6rqBFWDnAN6FQUkS6x
1ZHYJ2Wwgxes4m8Ba88PeK,3nFkdlSjzX9mRTtwJOzDYB
1ZHYJ2Wwgxes4m8Ba88PeK,1sBkRIssrMs1AbVkOJbc7a
1ZHYJ2Wwgxes4m8Ba88PeK,0hCNtLu0JehylgoiP8L4Gh
1ZHYJ2Wwgxes4m8Ba88PeK,4LEiUm1SRbFMgfqnQTwUbQ
3CidPLqWXqgesJlwYVJZdy,1HY2Jd0NmPuamShAr6KMms
2tOOcDDYkh0PSjr6GwPEAJ,1bqxdqvUtPWZri43cKHac8
2tOOcDDYkh0PSjr6GwPEAJ,3ApUX1o6oSz321MMECyIYd
7jr3iPu4O4bTCVwLMbdU2i,6M2wZ9GZgrQXHCFfjv46we
7jr3iPu4O4bTCVwLMbdU2i,41MozSoPIsD1dJM0CLPjZF
6WbTTAGKrQtCQvmc5BuYfh,181bsRPaVXVlUKXrxwZfHK
3GXGACK2mI72JpsgD6SrAm,4WFtYn5RyU8VGPpPyW9Pxw
3GXGACK2mI72JpsgD6SrAm,7wzaSKTsjE9HnuDuZTX452
3GXGACK2mI72JpsgD6SrAm,7jZMxhsB8djyIbYmoiJSTs
6b8Be6ljOzmkOmFslEb23P,0du5cEVh5yTK9QJze8zA0C
2MAyGB3UgAbbT1Fjc7b7aA,6vWDO969PvNqNYHIOW5v0m
2MAyGB3UgAbbT1Fjc7b7aA,3nFkdlSjzX9mRTtwJOzDYB
6fmeXejj4CNkAQ78yao7oE,6vWDO969PvNqNYHIOW5v0m
2le8xbpMJ1aA0SpJZRMbRw,08PvCOlef4xdOr20jFSTPd
13SM5WuEXuj5isI5j4lEE5,7c0XG5cIJTrrAgEC3ULPiq
13SM5WuEXuj5isI5j4lEE5,3hcs9uc56yIGFCSy9leWe7
5zQ00D9j9MkQbsd9qmenBa,3e7awlrlDSwF3iM0WBjGMp
6Im9k8u9iIzKMrmV7BWtlF,66CXWjxzNUsdJxJ2JdwvnR
11a6GzsfPoLY1bVw3IFeMs,0hCNtLu0JehylgoiP8L4Gh
11a6GzsfPoLY1bVw3IFeMs,2NdeV5rLm47xAvogXrYhJX
2etHQJxIbV0soyPhelVs9Y,6cK3NBO6uP7hh0oyuVELFl
2etHQJxIbV0soyPhelVs9Y,5cj0lLjcoR7YOSnhnX0Po5
37pqoamiQVw95UEiiE0viQ,5pDY9dgZO8O1yNZDARb62q
37pqoamiQVw95UEiiE0viQ,1pPmIToKXyGdsCF6LmqLmI
0ysIMlVNmEuXU6qudDc0vm,3Vl9fyKMIdLMswk8ai3mm9
5s1VKglR9uPZL6H3VVNK9P,0wnYgCeP013HkKoOyC5V32
1iVS5CqbO8MirwvXndRltQ,3e7awlrlDSwF3iM0WBjGMp
1iVS5CqbO8MirwvXndRltQ,6cK3NBO6uP7hh0oyuVELFl
2sQH02O2HBCPJCztBrCWNa,66CXWjxzNUsdJxJ2JdwvnR
2sQH02O2HBCPJCztBrCWNa,5cj0lLjcoR7YOSnhnX0Po5
2sQH02O2HBCPJCztBrCWNa,181bsRPaVXVlUKXrxwZfHK
2Ty7EDf9XLYzEUqEIwJfDC,37hAfseJWi0G3Scife12Il
28PeqNMnFfVQnXvXmyf88G,0hCNtLu0JehylgoiP8L4Gh
1WkNwtNHY9HE3GiimSGCTb,2KEqzdPS7M5YwGmiuPTdr5
1OvuZX5eRq3KKDHZKxQyNX,0FtsMKmZEq8fBWqdSOWtqp
79npyDDCb3tyrj9qjxRAzx,2mvAbMVwkxiZWJXjorKpdK
79npyDDCb3tyrj9qjxRAzx,58hqTaCiqGrMsNmmm3qL7w
3sfydNh0QQAdnIAtDVG16H,3AuMNF8rQAKOzjYppFNAoB
3sfydNh0QQAdnIAtDVG16H,4d3yvTptO48nOYTPBcPFZC
2b1MCbfwRZ1teOX1vSm4Xt,4E2rKHVDssGJm2SCDOMMJB
3ucRKbRlikYHyoI17gfR0c,0cGUm45nv7Z6M6qdXYQGTX
3ucRKbRlikYHyoI17gfR0c,1vfezMIyCr4XUdYRaKIKi3
6yL2kTsdVwYnGwPkKGtMd5,66CXWjxzNUsdJxJ2JdwvnR
6yL2kTsdVwYnGwPkKGtMd5,1RyvyyTE3xzB2ZywiAwp0i
0PQsrLxPbOBBwwmXCnGvcF,181bsRPaVXVlUKXrxwZfHK
0PQsrLxPbOBBwwmXCnGvcF,2cWZOOzeOm4WmBJRnD5R7I
2bR6LkOC10pZ3udHdZiENF,6LqNN22kT3074XbTVUrhzX
11OwAR3GlBj9E35Cznf7Lj,0C8ZW7ezQVs4URX5aX7Kqx
3eoNUm0LU9hATVVi9w4fM6,5INjqkS1o8h1imAzPqGZBb
7xsT7kghLDPnvfADCzPM0u,6PvScqSJuICxvoA3UDYPmu
2WdpN2wddjYW3y5YJhKwJy,3xPCFC8f7U3raEXOXQ3MrE
7kePNm3oqf5XqiGsrYUUZr,1iNqsUDUraNWrj00bqssQG
7kePNm3oqf5XqiGsrYUUZr,1vaQ6v3pOFxAIrFoPrAcom
5Qg1StPjfDnTY42zF7i02d,6HCkJzbswOIc7Qc5TJ1n5l
6wNCdMW82LwJgFrnGqLhpJ,0YrtvWJMgSdVrk3SfNjTbx
1eMBtkX7Ae4WHoKyMRn4wQ,1btWGBz4Uu1HozTwb2Lm8A
2ViYduP7BscBX3XGMMdaOy,2wIVse2owClT7go1WT98tk
2ViYduP7BscBX3XGMMdaOy,3nFkdlSjzX9mRTtwJOzDYB
1bk1e97WRD93cTjt47VFdz,2wIVse2owClT7go1WT98tk
06scTb0zbkxYNgpAB3J9fN,181bsRPaVXVlUKXrxwZfHK
07KXEDMj78x68D884wgVEm,757aE44tKEUQEqRuT6GnEB
07KXEDMj78x68D884wgVEm,0YinUQ50QDB7ZxSCLyQ40k
78qd8dvwea0Gosb6Fe6j3k,5cj0lLjcoR7YOSnhnX0Po5
7BlBVFwvbWvcwNcUarQmjk,7ltDVBr6mKbRvohxheJ9h1
7BlBVFwvbWvcwNcUarQmjk,1i8SpTcr7yvPOmcqrbnVXY
23zJcKwLf5CeaKVbFhrWgF,7ltDVBr6mKbRvohxheJ9h1
3ZwQCZ2LuYwuQ6R1p1CJ3w,7ltDVBr6mKbRvohxheJ9h1
1B0BQaSRHxhI0AUlItY3LK,7ltDVBr6mKbRvohxheJ9h1
2NuK1TBFJZMv5YqDhKgwLt,6LqNN22kT3074XbTVUrhzX
1RRlUJMxjp2FmkTExBT2T7,0oBsnAC3fzYkTHF3bkfNx6
1RRlUJMxjp2FmkTExBT2T7,181bsRPaVXVlUKXrxwZfHK
4zMmqb0pYwX6b0qc0slCoT,4lPl9gqgox3JDiaJ1yklKh
4drDRt1eZner26CIXLGDVx,0oBsnAC3fzYkTHF3bkfNx6
6tcjcJFRSdkIlThUUP39mJ,6sFIWsNpZYqfjUpaCgueju
75dLEqanQTupF3dtP9exT5,0hCNtLu0JehylgoiP8L4Gh
0gpYL1he4OGJxv42tT747l,63XBtGSEZINSyXylZxEUbv
1ksODCBCw4UEuWC0yRHpPZ,3J0BpFVUc9LeOIVeN5uNhU
6YjRsyEcSOLKYIT5MIkKYT,4VA3EAvncrTucjTmrvd4GE
1SKRlqFgMVRcILCxhIMsoa,2wIVse2owClT7go1WT98tk
1SKRlqFgMVRcILCxhIMsoa,2ggLigkDPs42gA1SWSqdoJ
3vaaVAhBwB0BunoAUIuyic,6beUvFUlKliUYJdLOXNj9C
1CrwI6m6zrG8AvOyvzpTHO,0GM7qgcRCORpGnfcN2tCiB
1CrwI6m6zrG8AvOyvzpTHO,3J0BpFVUc9LeOIVeN5uNhU
1CrwI6m6zrG8AvOyvzpTHO,5TYxZTjIPqKM8K8NuP9woO
19GNKzUEcHVZqXzV35V2dJ,6beUvFUlKliUYJdLOXNj9C
6fXsaYU6qPZeiVLUZcpZNl,6beUvFUlKliUYJdLOXNj9C
11xILcyUmIjr2XpM6mpEvA,5qfkUSH3ip5dD2eEPhjkT3
11xILcyUmIjr2XpM6mpEvA,6I3MElirhT5t6Kf7p0hGk9
11xILcyUmIjr2XpM6mpEvA,4ClziihVpBeFXNyDH83Lde
2qUZliZ9NHUYIAZqRNe6pZ,6qgnBH6iDM91ipVXv28OMu
2qUZliZ9NHUYIAZqRNe6pZ,2JyWXPbkqI5ZJa3gwqVa0c
03Qlgtvz9ux6lmzlv40BEZ,2RP4pPHTXlQpDnO9LvR7Yt
034KyQEk7IhbLtniVhBErj,1W7FNibLa0O0b572tB2w7t
5JoV39MFYbvWZwJlxq2722,3J0BpFVUc9LeOIVeN5uNhU
5JoV39MFYbvWZwJlxq2722,0GM7qgcRCORpGnfcN2tCiB
6EMWT7sZBvG0oxdh9KXbb4,56oDRnqbIiwx4mymNEv7dS
1ITsmuChPVC05ogvorAyVu,56oDRnqbIiwx4mymNEv7dS
3rmpb2RKPlbdbMjlc7SOlX,56oDRnqbIiwx4mymNEv7dS
6WrI0LAC5M1Rw2MnX2ZvEg,6M2wZ9GZgrQXHCFfjv46we
4VginDwYTP2eaHJzO0QMjG,246dkjvS1zLTtiykXe5h60
0iYebKFUSfF72fUu2OW6ZT,0hCNtLu0JehylgoiP8L4Gh
0rIAC4PXANcKmitJfoqmVm,2cWZOOzeOm4WmBJRnD5R7I
6ocbgoVGwYJhOv1GgI9NsF,66CXWjxzNUsdJxJ2JdwvnR
6f5TuB9WtbA1g49A4DcMQ4,66CXWjxzNUsdJxJ2JdwvnR
2tpIAmAq9orm1Owh5pja1w,66CXWjxzNUsdJxJ2JdwvnR
6yL2kTsdVwYnGwPkKGtMd5,66CXWjxzNUsdJxJ2JdwvnR
6yL2kTsdVwYnGwPkKGtMd5,1RyvyyTE3xzB2ZywiAwp0i
0WfKDYeUAoLA3vdvLKKWMW,1HY2Jd0NmPuamShAr6KMms
4Jvz8OW0kOa6RK23YPKMtj,1HY2Jd0NmPuamShAr6KMms
6B4oVElDIKRNcNUary0WG7,6tbjWDEIzxoDsBA1FuhfPW
5OCJzvD7sykQEKHH7qAC3C,66CXWjxzNUsdJxJ2JdwvnR
4cTm3Ev9bUvy4ChJjB1nhl,5cj0lLjcoR7YOSnhnX0Po5
017PF4Q3l4DBUiWoXk4OWT,6M2wZ9GZgrQXHCFfjv46we
3e9HZxeyfWwjeyPAMmWSSQ,66CXWjxzNUsdJxJ2JdwvnR
3Dv1eDb0MEgF93GpLXlucZ,5cj0lLjcoR7YOSnhnX0Po5
76cy1WJvNGJTj78UqeA5zr,6M2wZ9GZgrQXHCFfjv46we
28MOE4pVk5uN3wBDGBacET,2KEqzdPS7M5YwGmiuPTdr5
5gW5dSy3vXJxgzma4rQuzH,6ueGR6SWhUJfvEhqkvMsVs
5I7sGubUsKo4mVJpBoSVUr,56oDRnqbIiwx4mymNEv7dS
24ySl2hOPGCDcxBxFIqWBu,1HY2Jd0NmPuamShAr6KMms
24ySl2hOPGCDcxBxFIqWBu,66CXWjxzNUsdJxJ2JdwvnR
44gz3bzhdcGUFgA5oc1wSu,3e7awlrlDSwF3iM0WBjGMp
5v4GgrXPMghOnBBLmveLac,181bsRPaVXVlUKXrxwZfHK
5v4GgrXPMghOnBBLmveLac,6vWDO969PvNqNYHIOW5v0m
2m6YdkDmaFssHJDJlhVlYu,5rw6jWzcS6bQimR39VPBXu
5N4erncE7kuUccm7zEmwzk,2X97ZAqRKRMYFIDqtvGgGc
5N4erncE7kuUccm7zEmwzk,6M2wZ9GZgrQXHCFfjv46we
5N4erncE7kuUccm7zEmwzk,5fMUXHkw8R8eOP2RNVYEZX
5N4erncE7kuUccm7zEmwzk,3hv9jJF3adDNsBSIQDqcjp
6Im9k8u9iIzKMrmV7BWtlF,66CXWjxzNUsdJxJ2JdwvnR
4z0sS7hwnTZTRKZVahth6J,3e7awlrlDSwF3iM0WBjGMp
7IOuCLt770D8v0u3SVaDeI,3e7awlrlDSwF3iM0WBjGMp
2RCZhvj9bhe4f14caGBsYu,3e7awlrlDSwF3iM0WBjGMp
1LoriJC05IrHIDwj3q0KC1,0C8ZW7ezQVs4URX5aX7Kqx
5YeHLHDdQ4nKHk81XFWhCU,66CXWjxzNUsdJxJ2JdwvnR
6XkEw1h2Hq4fGnSm0JuSIs,3e7awlrlDSwF3iM0WBjGMp
6XkEw1h2Hq4fGnSm0JuSIs,6Z4puj0KYgtcxJrVXKmvBX
6DXZiYUbrYgrVIhfX3U9Z2,6M2wZ9GZgrQXHCFfjv46we
2mumZRgEobS03J546KQcMl,3Vl9fyKMIdLMswk8ai3mm9
748mdHapucXQri7IAO8yFK,5cj0lLjcoR7YOSnhnX0Po5
748mdHapucXQri7IAO8yFK,7tYKF4w9nC0nq9CsPZTHyP
0FFsgUoFibYISzMxuGS61W,5cj0lLjcoR7YOSnhnX0Po5
0FFsgUoFibYISzMxuGS61W,66CXWjxzNUsdJxJ2JdwvnR
6dKYAtGciLRm8uOD1LiSVf,26dSoYclwsYLMAKD3tpOr4
7I7Dk8FOkZqhqZp9N2RKiP,6sFIWsNpZYqfjUpaCgueju
6dgUya35uo964z7GZXM07g,74KM79TiuVKeVCqs8QtB0B
4Wos0h9ECU2Z3oJMTQxpbc,74KM79TiuVKeVCqs8QtB0B
22sLuJYcvZOSoLLRYev1s5,6tbjWDEIzxoDsBA1FuhfPW
1ZPlNanZsJSPK5h9YZZFbZ,6tbjWDEIzxoDsBA1FuhfPW
254bXAqt3zP6P50BdQvEsq,08GQAI4eElDnROBrJRGE0X
4OsS9xnVXR4dcOk9hPKtGM,5VptPtXbT0T4imW6GcobiW
1Tqq0PKIZTQDvxmqcft4ao,3Uh1hwQUVJLK5Srk4PosCK
0IHTHmIxf0BLDXh6h8E2po,2aGkysuC0eAfw83Yug6GRb
1gbN2eRl4SfFe0zF47bSpq,5cj0lLjcoR7YOSnhnX0Po5
7ww6gTkfd21QU9CD8PG39m,6beUvFUlKliUYJdLOXNj9C
1q5h9UkGVYVoec4ydU9P0d,1U0sIzpRtDkvu1hXXzxh60
1q5h9UkGVYVoec4ydU9P0d,7HVlaChQbM9guWdiKMGxBq
1q5h9UkGVYVoec4ydU9P0d,76SlrtEaq2oViRXulxjfuM
1q5h9UkGVYVoec4ydU9P0d,6atGQM99IrRfUefJFore1B
1q5h9UkGVYVoec4ydU9P0d,6lay1nwbE6hTx1jivysUAL
4l21VaodybkZaNRqwzSBZl,56oDRnqbIiwx4mymNEv7dS
5lw8Mgb4LyhriPIC86gV6e,0huGjMyP507tBCARyzSkrv
5lw8Mgb4LyhriPIC86gV6e,3jK9MiCrA42lLAdMGUZpwa
70pZIQqQ37SrNCADx0FiPN,3jK9MiCrA42lLAdMGUZpwa
70pZIQqQ37SrNCADx0FiPN,05oH07COxkXKIMt6mIPRee
58iP9J86ksOPwbo0pWOafk,7GaxyUddsPok8BuhxN6OUW
58iP9J86ksOPwbo0pWOafk,2uE66NiUti6Wpz90SD4eam
58iP9J86ksOPwbo0pWOafk,4lJHGi5dlJmWwFH0JKF6di
1WivaDTus6pTZQQLBQYDm3,1U0sIzpRtDkvu1hXXzxh60
1WivaDTus6pTZQQLBQYDm3,6qgnBH6iDM91ipVXv28OMu
3FHXUqaUer9o231Je1zxIN,6eUKZXaKkcviH0Ku9w2n3V
3FHXUqaUer9o231Je1zxIN,3Y7RZ31TRPVadSFVy1o8os
5aUSEPNd3m5xliFK4pn5mU,2qxJFvFYMEDqd7ui6kSAcq
5aUSEPNd3m5xliFK4pn5mU,0cGUm45nv7Z6M6qdXYQGTX
7xgyHMFWayafh1Da3ptQDE,2org0PubBAxTvjVvLo9PJ0
2sGW3oAAtVVz0hBLK33sol,7HO5fOXE4gh3lzZn64tX2E
1To829onYmL63wLNtU7Zm8,5RTLRtXjbXI2lSXc6jxlAz
1To829onYmL63wLNtU7Zm8,57vWImR43h4CaDao012Ofp
1PxE9RK6FBEp42F9QwzZyn,3KedxarmBCyFBevnqQHy3P
2plLJpUcYPFrl1sW2pMG63,6KImCVD70vtIoJWnq6nGn3
4KzOYxD4qIkUtZV9ZYakGu,6Ad91Jof8Niiw0lGLLi3NW
4KzOYxD4qIkUtZV9ZYakGu,3k3gbUT7bF0jYmFmAKBQtU
7k6X41t4EGuznhFVGwgcdH,72tBkpT8Pj55CE2vdmPuzB
7k6X41t4EGuznhFVGwgcdH,1y6hiqeSWkQrJYXkU5PvUk
7k6X41t4EGuznhFVGwgcdH,32Gajp9lwbO3aGOVZ15IUK
6i4zvxq5P1SoMyiMa2bZEB,3pl23KkxEpDvK77RU5V7S9
6i4zvxq5P1SoMyiMa2bZEB,11Kek6sBhAVaOiQBCkXDza
50MCdJc0nw3DMnzmIJkEwi,5xuNBZoM7z1Vv8IQ6uM0p6
3TTMUI5dFcbeNSDTTDY9M8,57LYzLEk2LcFghVwuWbcuS
3TTMUI5dFcbeNSDTTDY9M8,23zg3TcAtWQy7J6upgbUnj
3zx6dcYuKX7sYrI1TaDf4y,0pCNk4D3E2xtszsm6hMsWr
2t6D8lxWmrwROct43xWtIb,2nTjd2lNo1GVEfXM3bCnsh
0BhvzFxq3FHiMdGcLiTphr,3jK9MiCrA42lLAdMGUZpwa
0BhvzFxq3FHiMdGcLiTphr,0h9smro0z3HqUbD94jotU8
0S56ARhyAIZ5OzFX54H2pH,5cj0lLjcoR7YOSnhnX0Po5
3Ex5RFJRUdpHcDOLXJOVLy,6LqNN22kT3074XbTVUrhzX
3Ex5RFJRUdpHcDOLXJOVLy,2gyv1akuIB9fQvXoGSPaJr
2rTnVB1bvwxHtaIl4uVu7f,3Y7RZ31TRPVadSFVy1o8os
2rTnVB1bvwxHtaIl4uVu7f,0A0FS04o6zMoto8OKPsDwY
4vUmTMuQqjdnvlZmAH61Qk,6eUKZXaKkcviH0Ku9w2n3V
4vUmTMuQqjdnvlZmAH61Qk,4nDoRrQiYLoBzwC5BhVJzF
4vUmTMuQqjdnvlZmAH61Qk,4kYSro6naA4h99UJvo89HB
2WwwfnTUm4yUK8stRMPd7V,3kHVioJpVxlazAAKQ64pC1
2WwwfnTUm4yUK8stRMPd7V,6eXZu6O7nAUA5z6vLV8NKI
1P9KFw6u4vX7hbFcFZd1yL,1kh0AypxF3CxMMzmQyif2S
1P9KFw6u4vX7hbFcFZd1yL,6I3MElirhT5t6Kf7p0hGk9
10x9aHDFGk5aSbvAVlwJA3,4ClziihVpBeFXNyDH83Lde
10x9aHDFGk5aSbvAVlwJA3,5BhFZpE8kUGZJiKOsYjLQM
7ge4qBkps7zEHSA8da5mdc,4ClziihVpBeFXNyDH83Lde
05a4pf6pLGNuIOR04EpqMM,1Q2mS59tFYLm2KGFoCgWN4
6fT7QIf55thVWCZyEnaHk0,63XBtGSEZINSyXylZxEUbv
3iiL6merNpFNX1bny9sfvM,6beUvFUlKliUYJdLOXNj9C
0IHxFUVeH6ym0pHVFmpJsj,5kJ3NDWOOVjlS2HFSYzjay
5tyANFBiVbkA5FOKTUxGzb,5kJ3NDWOOVjlS2HFSYzjay
3dg1WwsmAjzgF6tTHocYJj,5kJ3NDWOOVjlS2HFSYzjay
2nXNbhgfRh5ipxlLuz4Uy7,5kJ3NDWOOVjlS2HFSYzjay
4GFQyd3UcXi3kVyvvzqUy9,5kJ3NDWOOVjlS2HFSYzjay
6RruDD5iWFRUUIBLo9XWtk,5kJ3NDWOOVjlS2HFSYzjay
5h6ZrM8J03FX0wBS0YlpVC,5kJ3NDWOOVjlS2HFSYzjay
11xtHDnCnn1QNszjA3YeuZ,5kJ3NDWOOVjlS2HFSYzjay
2Rj9ZFu3qFzCWD0aQGjJXc,5kJ3NDWOOVjlS2HFSYzjay
4LobILA7HwxG8Or8fU3Nbr,5kJ3NDWOOVjlS2HFSYzjay
4LobILA7HwxG8Or8fU3Nbr,5oQRUesMFm1u1Mo0dXXUoe
4jXCpZh4H0PRRPSHn1LX1i,5kJ3NDWOOVjlS2HFSYzjay
1iu8BHYuPBWhsGagcPlode,5kJ3NDWOOVjlS2HFSYzjay
6V6ZtK2NNXDV49GArw023q,5kJ3NDWOOVjlS2HFSYzjay
5qbkxtdC4BvWdwmOXJwlH3,2KEqzdPS7M5YwGmiuPTdr5
5K7x78NAL50rhfhm73ePNb,4Ui2kfOqGujY81UcPrb5KE
2RCUr24WkEe2r5Vv4oDKlN,25uiPmTg16RbhZWAqwLBy5
2RCUr24WkEe2r5Vv4oDKlN,56oDRnqbIiwx4mymNEv7dS
3yzwm7D4VB6xbfnAWdxlXA,6beUvFUlKliUYJdLOXNj9C
7xAE36UUNgyDJDIM4yiucY,6vfR5QRc3xca0KvpG8KZBE
7xAE36UUNgyDJDIM4yiucY,6qgnBH6iDM91ipVXv28OMu
4L5rU2BzP7NV1KrUVqHb8A,0CkbPVBpOwwz9NPPglFKyq
0v432gjxqGJfQb12VtPDfI,2auiVi8sUZo17dLy1HwrTU
6IwHrSchYevIbzDD9XpvIl,31WyEEkINlANbj1wpgP702
3Dv1eDb0MEgF93GpLXlucZ,5cj0lLjcoR7YOSnhnX0Po5
4EivmOT13NMpNSfTKn9p4s,5cj0lLjcoR7YOSnhnX0Po5
4EivmOT13NMpNSfTKn9p4s,13y7CgLHjMVRMDqxdx0Xdo
2OAcH9SD8ehxuG0tWNe0cU,5cj0lLjcoR7YOSnhnX0Po5
0VG8Blr4ReI5sPEqkEL95C,4j5EnP4t2lSKolLuQh1xvn
0VG8Blr4ReI5sPEqkEL95C,09mMKy3FRsq47rbtjoGrb6
0HsOYWotxwbZbR8LXy3867,5rDXcEIODl8TgGTgrntnjX
0HsOYWotxwbZbR8LXy3867,0cGUm45nv7Z6M6qdXYQGTX
1RwwmiVtLAtPmxAqKVfwgG,2eam0iDomRHGBypaDQLwWI
6MoedmXms6oNKZTDfEHTbm,63XBtGSEZINSyXylZxEUbv
1e9oZCCiX42nJl0AcqriVo,6KImCVD70vtIoJWnq6nGn3
5aJEh9Oqdz7PRLKTpH25pB,6KImCVD70vtIoJWnq6nGn3
7Ffgp7DIow5wECYQyzEiTq,1vaQ6v3pOFxAIrFoPrAcom
4elUB6bs5rrPbqlajs1oYp,1vaQ6v3pOFxAIrFoPrAcom
0jtZ6v44V1yLNX6xkaAkgt,0NHDcXTAcYVcMrM6TXC1i5
3HOwzZCW4jgwls1nX215Ie,3hv9jJF3adDNsBSIQDqcjp
3HOwzZCW4jgwls1nX215Ie,3jK9MiCrA42lLAdMGUZpwa
3HOwzZCW4jgwls1nX215Ie,6KvlPV9ixIAotRrbKHWZPl
23TPP1eeElFfvYVznskwCY,0Cp8WN4V8Tu4QJQwCN5Md4
6ar34TXLtGB0e93mlKYhSZ,494OPqLjjEhjKil1G6MWho
1esyt62pq02xPShuaK5OpA,0JeTRYMH7FoBiMcLXg1n8g
1esyt62pq02xPShuaK5OpA,6TfJcKCr5hFsYZkq2k1Pac
3FeyKZZcU7ywuJ0LtFSuBO,4wXchxfTTggLtzkoUhO86Q
3QzAOrNlsabgbMwlZt7TAY,0YinUQ50QDB7ZxSCLyQ40k
3QzAOrNlsabgbMwlZt7TAY,757aE44tKEUQEqRuT6GnEB
1M4qEo4HE3PRaCOM7EXNJq,6KImCVD70vtIoJWnq6nGn3
6cGLY5DlxOEWTnqptMNDSn,0IVWeUVFPCMT7MmhvqmfUr
6cGLY5DlxOEWTnqptMNDSn,76yeOnINtQSXyoEHbkYmtY
6cGLY5DlxOEWTnqptMNDSn,3J0BpFVUc9LeOIVeN5uNhU
30QVousvHxslg00I7dNLU2,2wIVse2owClT7go1WT98tk
2RqZFOLOnzVmHUX7ZMcaES,1vfezMIyCr4XUdYRaKIKi3
2RqZFOLOnzVmHUX7ZMcaES,2wIVse2owClT7go1WT98tk
2RqZFOLOnzVmHUX7ZMcaES,5tth2a3v0sWwV1C7bApBdX
7KFJ33pZ8E3yPT4yxde5aQ,3DvdryKH4O95ZnsUZJKXpt
7KFJ33pZ8E3yPT4yxde5aQ,6rXycobs8wkWicUGLtmB0n
1dscQo00s6AUF0YlbJwNx6,5m7wCUhYhBh7A3A3YMxrbt
6iW5pbOAevzr1h2JfdJYpn,25uiPmTg16RbhZWAqwLBy5
6iW5pbOAevzr1h2JfdJYpn,4Ui2kfOqGujY81UcPrb5KE
1BxfuPKGuaTgP7aM0Bbdwr,06HL4z0CvFAxyc27GXpf02
3s2MyU2YCwNNwcSokt0jXD,1Y8cdNmUJH7yBTd9yOvr5i
6VCeywT4JeawuZOUkQ1okx,6beUvFUlKliUYJdLOXNj9C
1wFiq9y3RdqJnBeeg3C4XQ,5m7wCUhYhBh7A3A3YMxrbt
0rbnYyj0Zq2pNJSzWqtf4g,4ULO7IGI3M2bo0Ap7B9h8a
0rbnYyj0Zq2pNJSzWqtf4g,41I5xI04kixwmonDBl0Sda
0VEJDwMO26qNitqyDb47I0,3ycxRkcZ67ALN3GQJ57Vig
6UFEJuDXQMWhL5UH5f9fUR,246dkjvS1zLTtiykXe5h60
6UFEJuDXQMWhL5UH5f9fUR,4r63FhuTkUYltbVAg5TQnk
4LIbjDbLweGCrHVw8QbMSb,246dkjvS1zLTtiykXe5h60
3hFG4jR5stnIQJDI64KlJY,246dkjvS1zLTtiykXe5h60
3TXKwYk2H7hZQFB0j8z4yq,67nwj3Y5sZQLl72VNUHEYE
3TXKwYk2H7hZQFB0j8z4yq,3KV3p5EY4AvKxOlhGHORLg
4CWp4i4SwWmBV3KOfs6Wdb,0AsThoR4KZSVktALiNcQwW
5nhG9nkIXaPA89Yd9BLOZU,5KKpBU5eC2tJDzf0wmlRp2
5nhG9nkIXaPA89Yd9BLOZU,520qA5VGL9iI0SbmEnTVNg
5nhG9nkIXaPA89Yd9BLOZU,24HNTbd7Y2qVOCyzIosYi9
4E0teOQQQwagLVvQ7VfYm1,7oMRcCu0OYSCtCyS3P37iC
6xagjcywpcyNFghafZPQJv,360IAlyVv4PCEVjgyMZrxK
4TetU6pYWQdgJX5EG4uyYg,6beUvFUlKliUYJdLOXNj9C
7F7EICFNicFVsAeqpeKkgD,6beUvFUlKliUYJdLOXNj9C
0pn8Vl8oFmIp0r21Zwpb76,6sFIWsNpZYqfjUpaCgueju
5aUSEPNd3m5xliFK4pn5mU,2qxJFvFYMEDqd7ui6kSAcq
5aUSEPNd3m5xliFK4pn5mU,0cGUm45nv7Z6M6qdXYQGTX
1q5h9UkGVYVoec4ydU9P0d,1U0sIzpRtDkvu1hXXzxh60
1q5h9UkGVYVoec4ydU9P0d,7HVlaChQbM9guWdiKMGxBq
1q5h9UkGVYVoec4ydU9P0d,76SlrtEaq2oViRXulxjfuM
1q5h9UkGVYVoec4ydU9P0d,6atGQM99IrRfUefJFore1B
1q5h9UkGVYVoec4ydU9P0d,6lay1nwbE6hTx1jivysUAL
0uEp9E98JB5awlA084uaIg,2Mu5NfyYm8n5iTomuKAEHl
0Aa3g9EQoPNt6PiKjaUeb7,3Y7RZ31TRPVadSFVy1o8os
4h6ViRoztTBpWcJ1zFT9Zg,7tYKF4w9nC0nq9CsPZTHyP
1xWH8zYtDeS9mW1JJG23VZ,66CXWjxzNUsdJxJ2JdwvnR
2j9YmQRxtjuVwb4XN95oT8,2ZRQcIgzPCVaT9XKhXZIzh
2j9YmQRxtjuVwb4XN95oT8,6sFIWsNpZYqfjUpaCgueju
0Ryd8975WihbObpp5cPW1t,66CXWjxzNUsdJxJ2JdwvnR
0Ryd8975WihbObpp5cPW1t,5UjifI1TYefXWn9GdqDOHl
0rIAC4PXANcKmitJfoqmVm,2cWZOOzeOm4WmBJRnD5R7I
4xmq2DFdbkwVqimOKQGZU7,1Q2mS59tFYLm2KGFoCgWN4
4F8V44j8cbjHnXjfW2HruU,4fpTMHe34LC5t3h5ztK8qu
594trlRjNdTyYLwIlcDaJM,2NdeV5rLm47xAvogXrYhJX
6b2RcmUt1g9N9mQ3CbjX2Y,2wY79sveU1sp5g7SokKOiI
4wkWWZDqc7lgqOUA70pHMw,4o4tLTIJ3eWMFerz73atcT
6E44nO0qqQqfmXOhQPp0MM,56oDRnqbIiwx4mymNEv7dS
3NYq7c5AIUiubPz9UZl82h,3rWZHrfrsPBxVy692yAIxF
44ADyYoY5liaRa3EOAl4uf,5YGY8feqx7naU7z4HrwZM6
0I5mUa3CZPcsrWwlUmTWkV,1XkoF8ryArs86LZvFOkbyr
1eUH0fgwpJsxSMjndXmjoB,1Y8cdNmUJH7yBTd9yOvr5i
1eUH0fgwpJsxSMjndXmjoB,2wIVse2owClT7go1WT98tk
4qkVALwOxCIEZ7I5gkZ3m4,4ClziihVpBeFXNyDH83Lde
2VjXGuPVVxyhMgER3Uz2Fe,2Mu5NfyYm8n5iTomuKAEHl
7DNXWL3Go0Ke8Muv48WHYg,0CkbPVBpOwwz9NPPglFKyq
0kas95RruYRVqrOb07rgkh,0cGUm45nv7Z6M6qdXYQGTX
6TC0snyor5XOJzP6dGxRkn,08v1r0jqDyvSo2LtSqHxcy
34nMJtD8juawjxLdjx6Za2,32IXja3Y6CPvnAtTHD2bWg
34nMJtD8juawjxLdjx6Za2,3KedxarmBCyFBevnqQHy3P
57Z0jiN8guMUcCIvdbM0aQ,2kQnsbKnIiMahOetwlfcaS
2Tuc96S4JToUiQSLW3aMec,6LqNN22kT3074XbTVUrhzX
6euozmIGRL6aVin2ksJEJ2,66CXWjxzNUsdJxJ2JdwvnR
7pv80uUHfocFqfTytu1MVi,7IfculRW2WXyzNQ8djX8WX
0Aa3g9EQoPNt6PiKjaUeb7,3Y7RZ31TRPVadSFVy1o8os
630Ug0XtmhhFvAKo0PNuEI,4ClziihVpBeFXNyDH83Lde
3cQmqM0awej9iAESjhKrI9,30DhU7BDmF4PH0JVhu8ZRg
7kw7eF5H8qLQU0IxbT2gq6,0PgYKqH7ohfAm9LFgWjpl8
7oAuqs6akGnPU3Tb00ZmyM,6vWDO969PvNqNYHIOW5v0m
4F8V44j8cbjHnXjfW2HruU,4fpTMHe34LC5t3h5ztK8qu
6E44nO0qqQqfmXOhQPp0MM,56oDRnqbIiwx4mymNEv7dS
3RIgHHpnFKj5Rni1shokDj,00FQb4jTyendYWaN8pK0wa
3s2MyU2YCwNNwcSokt0jXD,1Y8cdNmUJH7yBTd9yOvr5i
6BRHHJeS7JskR1pMvL3Mie,16rCzZOMQX7P8Kmn5YKexI
1HiNWMc7vmFVM5mdwrNKnO,3e7awlrlDSwF3iM0WBjGMp
3Mvd9KPeMf2YQa1MiQGKmV,3e7awlrlDSwF3iM0WBjGMp
4U45aEWtQhrm8A5mxPaFZ7,6zFYqv1mOsgBRQbae3JJ9e
3m167vBQI5YLK0a1m6L6Y1,1eEfMU2AhEo7XnKgL7c304
1nHkITb6paB3pPADHYnkxH,7wkquqt8snY30TIZKCHIdX
0tuCsPPi3LPX9W1zFX39vA,29lbSb4ujaVH5pHnQjFT0G
5K7x78NAL50rhfhm73ePNb,4Ui2kfOqGujY81UcPrb5KE
1eQBEelI2NCy7AUTerX0KS,5K4W6rqBFWDnAN6FQUkS6x
65lIGCfW59BxcEJnnIOCq3,2gsggkzM5R49q6jpPvazou
7wC5eZcFS1Q1BsQ35DU6H4,6qqNVTkY8uBg9cP3Jd7DAH
6V6ZtK2NNXDV49GArw023q,5kJ3NDWOOVjlS2HFSYzjay
0Duevp5ytVdmRkCWFXQHwr,3Y7RZ31TRPVadSFVy1o8os
1eki6HwhuOEOPfUU158B52,7fw0E8WHdG3r9SuPBcGmWk
1eki6HwhuOEOPfUU158B52,5AYOUKvm3ZfyNiAFeWrBcN
1eki6HwhuOEOPfUU158B52,6QJmT08NkUDNTNQ1C01Hag
2hwOoMtWPtTSSn6WHV7Vp5,4LLpKhyESsyAXpc4laK94U
3qBg6BeHJlGgwl5aCa09EC,3xPCFC8f7U3raEXOXQ3MrE
15b731USHEGhasdbeJW6bi,6LqNN22kT3074XbTVUrhzX
4KaiIuQH1EH65zWQgyWWaQ,0Ek89uaJyo6NfWK22awFvI
4KaiIuQH1EH65zWQgyWWaQ,5XenQ7XfcvQdfIbpLEFaKQ
5JoV39MFYbvWZwJlxq2722,3J0BpFVUc9LeOIVeN5uNhU
5JoV39MFYbvWZwJlxq2722,0GM7qgcRCORpGnfcN2tCiB
1yUJK3qxPiFiPeAG2gLfuW,25uiPmTg16RbhZWAqwLBy5
1yUJK3qxPiFiPeAG2gLfuW,04vj3iPUiVh5melWr0w3xT
0lnIJmgcUpEpe4AZACjayW,6vWDO969PvNqNYHIOW5v0m
1wiphSU5URcMkpMoGK5mFO,3J0BpFVUc9LeOIVeN5uNhU
4905P0tRcD8TkzrP8NZEzj,4eArh1v6UwBbKkjdgHCned
1xKNnjZkSyj2QbkqruJyCr,54KTsBl98buzGkELjGlnuU
1xKNnjZkSyj2QbkqruJyCr,4GmataFSHOSQWxuuUX57Bh
02nZeTbm2dRHisH6qsUM5E,4mErKO4g29SXtBwj4S80aB
02nZeTbm2dRHisH6qsUM5E,4UodukR17NIQfNu5uaqm9B
1xYk9EZpuwvuAvuLF4k9x3,2RP4pPHTXlQpDnO9LvR7Yt
2GQgarmqDdzSvBezEkSEjY,2RP4pPHTXlQpDnO9LvR7Yt
65JyCv3jVXSpkGaVyIMnbw,2RP4pPHTXlQpDnO9LvR7Yt
40mf6LLHo3UzQfj0oG5WYs,2RP4pPHTXlQpDnO9LvR7Yt
0gdOcxvPU37ADE7vPkgQsv,6vWDO969PvNqNYHIOW5v0m
5IPoibWQUBqKTqTlJ7FzpZ,68tR0TsEKX89ID4fyBMgch
5IPoibWQUBqKTqTlJ7FzpZ,6tUJpYN2aYiXbzAcg0pIOo
5IPoibWQUBqKTqTlJ7FzpZ,0GG2cWaonE4JPrjcCCQ1EG
2Fxly6AusNFtTf8ZBaVWnh,6UtYvUtXnmg5EtllDFlWp8
3aQem4jVGdhtg116TmJnHz,3TVXtAsR1Inumwj472S9r4
0ajbF8tQsSRxswoY9ZFtOg,3rw1MKkbLTZw46AqC7gRpH
0ajbF8tQsSRxswoY9ZFtOg,3J0BpFVUc9LeOIVeN5uNhU
02TtDZcUvEJGFJSJ6fTMfn,3J0BpFVUc9LeOIVeN5uNhU
5yrXolC7Un3peiFxwqbucn,7aFTOGFDEqDtJUCziLVsVC
60KvZItTS7PpROovaNVQcy,5KKpBU5eC2tJDzf0wmlRp2
6GAVS2iuybWCP2oxMKufp1,2KEqzdPS7M5YwGmiuPTdr5
3ZE3wv8V3w2T2f7nOCjV0N,0oSGxfWSnnOXhD2fKuz2Gy
1ekAgx1qOdnVoSlmkHghKq,2hUYKu1x0UZQXvzCmggvSn
3vkCueOmm7xQDoJ17W1Pm3,2uYWxilOVlUdk4oV9DvwqK
5zwaDtDnrNMD8bYkY3kkwD,2zWVouasiK4lKkkC2vuQR3
1De66xUavye2fNqhCwtgyo,0wz0jO9anccPzH04N7FLBH
32HvwAnsqYRP4RtecuB4xJ,2vm8GdHyrJh2O2MfbQFYG0
4n02GblHZte3q5AzcLHlIK,3jK9MiCrA42lLAdMGUZpwa
4n02GblHZte3q5AzcLHlIK,7hJcb9fa4alzcOq3EaNPoG
4n02GblHZte3q5AzcLHlIK,6jpOOrGFSWdHx6leHfU54n
7mgWCXPKOWgOexqeYLGjeu,5X0dCi2aVnYEV27S8wgQdF
6q7Tz67loOULIPEXo941hk,5DD5GZd4ElmQTy9NleMvKJ
3AhqhEO6SgFf7UevM80G2T,59KQTERLpPa7M0F25fRH6V
39LmTF9RgyakzSYX8txrow,66CXWjxzNUsdJxJ2JdwvnR
3XBe0m5PQGQ3F7oXsWi5Lw,7sgWBYtJpblXpJl2lU5WVs
4hh1lvWiUaLMOcVXhyK6TA,7sgWBYtJpblXpJl2lU5WVs
3l8MLr9ihD4WxK9DPKcOwW,7sgWBYtJpblXpJl2lU5WVs
1eMBtkX7Ae4WHoKyMRn4wQ,1btWGBz4Uu1HozTwb2Lm8A
7fQxCHokVeZEJqYxmhTyVv,3LVPGE5jPPwtbGslx07YR0
4djIFfof5TpbSGRZUpsTXq,0ZxZlO7oWCSYMXhehpyMvE
630Ug0XtmhhFvAKo0PNuEI,4ClziihVpBeFXNyDH83Lde
4qkVALwOxCIEZ7I5gkZ3m4,4ClziihVpBeFXNyDH83Lde
6dXVbkS1t7jQs3maRSM9pW,7sgWBYtJpblXpJl2lU5WVs
7wCN8IwqrTQpwkcWH5sP4o,2auiVi8sUZo17dLy1HwrTU
1oTOzTm4u0AunZSlQpojhy,303SwmjLibkh8OJH5xxZOM
4JSEMSiKPVcIEBQIlmGuI3,16rCzZOMQX7P8Kmn5YKexI
4JSEMSiKPVcIEBQIlmGuI3,3wcj11K77LjEY1PkEazffa
6dykAIAUe10GWeNUs0Rsre,2kQnsbKnIiMahOetwlfcaS
7oqftogUN82Q7VNy2TmTJW,6vWDO969PvNqNYHIOW5v0m
7oqftogUN82Q7VNy2TmTJW,3nFkdlSjzX9mRTtwJOzDYB
7oqftogUN82Q7VNy2TmTJW,73sIBHcqh3Z3NyqHKZ7FOL
7oqftogUN82Q7VNy2TmTJW,65CKKZilbcSKkAPC9a5Mvh
5VOJXcC4WgPrcwAFcHFLJl,2vm8GdHyrJh2O2MfbQFYG0
6TC0snyor5XOJzP6dGxRkn,08v1r0jqDyvSo2LtSqHxcy
043dDJ9u0PQ3ooAXMgcwOe,5cj0lLjcoR7YOSnhnX0Po5
6b2RcmUt1g9N9mQ3CbjX2Y,2wY79sveU1sp5g7SokKOiI
34nMJtD8juawjxLdjx6Za2,32IXja3Y6CPvnAtTHD2bWg
34nMJtD8juawjxLdjx6Za2,3KedxarmBCyFBevnqQHy3P
57Z0jiN8guMUcCIvdbM0aQ,2kQnsbKnIiMahOetwlfcaS
5EjNEaFiXpddlZglT4RoWi,181bsRPaVXVlUKXrxwZfHK
5EjNEaFiXpddlZglT4RoWi,0hCNtLu0JehylgoiP8L4Gh
5EjNEaFiXpddlZglT4RoWi,7c0XG5cIJTrrAgEC3ULPiq
7wC5eZcFS1Q1BsQ35DU6H4,6qqNVTkY8uBg9cP3Jd7DAH
5VOJXcC4WgPrcwAFcHFLJl,2vm8GdHyrJh2O2MfbQFYG0
368UaeqCCqT237KgIN8H5I,6CwfuxIqcltXDGjfZsMd9A
0qrsGYzpXIEbmdzgnwqTlx,6CwfuxIqcltXDGjfZsMd9A
7KIqSSebfTCniRi6kBQkxL,1MIVXf74SZHmTIp4V4paH4
5YeHLHDdQ4nKHk81XFWhCU,66CXWjxzNUsdJxJ2JdwvnR
2sNhYJ2ggd9BadlTXU3Mah,3jK9MiCrA42lLAdMGUZpwa
2sNhYJ2ggd9BadlTXU3Mah,0lEssBAxQl2In4RpaB1C2Y
2sNhYJ2ggd9BadlTXU3Mah,78OK71F2nNKI5nNw4BycWm
5hhF25sWnZvXhimOHLjTRE,3WrFJ7ztbogyGnTHbHJFl2
7uP42ncMnsgL3adyj9px5c,0PgYKqH7ohfAm9LFgWjpl8
1MuN3LGtM2tNsqH9qC47tG,5cj0lLjcoR7YOSnhnX0Po5
380BNglcRoqztS0dvvmMUO,6f96znq79wvlknKHHHhtTW
0odJDFQum47mQZ8cpwYlXZ,6f96znq79wvlknKHHHhtTW
0odJDFQum47mQZ8cpwYlXZ,7fqDRFkiuwzFDde1K0taVs
6diVKxDiYHC2ZOb7v90knh,6sFIWsNpZYqfjUpaCgueju
49eeirITrqP3pJALseu6Ed,2KEqzdPS7M5YwGmiuPTdr5
2YTblAt3gfs9F3DGYIv2nK,6sFIWsNpZYqfjUpaCgueju
6cDPJqKw8PUBw5SigKszrL,6sFIWsNpZYqfjUpaCgueju
6wFpWuVxpcYWXw7xzj0Wpt,6sFIWsNpZYqfjUpaCgueju
7kG3DPhoPsltuT0vxENI6E,6sFIWsNpZYqfjUpaCgueju
2ZdEU0Ys9frp2y0Z950jWR,6sFIWsNpZYqfjUpaCgueju
69XN0XjxcMtUCrvOEd0KYd,6sFIWsNpZYqfjUpaCgueju
11gPrIAQGSmQhngUpb0XC2,6sFIWsNpZYqfjUpaCgueju
11gPrIAQGSmQhngUpb0XC2,7sgWBYtJpblXpJl2lU5WVs
70SnF1RJLB3blEDBWjrig3,6sFIWsNpZYqfjUpaCgueju
7CmsSwmE781TU53esN7BK0,6sFIWsNpZYqfjUpaCgueju
1MfuskV4ODUp14C2dnyPgW,25uiPmTg16RbhZWAqwLBy5
1MfuskV4ODUp14C2dnyPgW,56oDRnqbIiwx4mymNEv7dS
4QdjPwwCCq3ifWVHiRj3jx,5cj0lLjcoR7YOSnhnX0Po5
1V4uZia23KCnh7BfTTsVMu,5cj0lLjcoR7YOSnhnX0Po5
0PiSzbiHDBqNnNGjoQ8FX1,0DtXHIvJ8NWBg5pGvsgWnR
4GwUsrqd40O8ovybW7F5x8,0DtXHIvJ8NWBg5pGvsgWnR
2D3QYCDI7WrbSMbcIRRBdm,3e7awlrlDSwF3iM0WBjGMp
62s6W9MfRxhKBjQoLY8b6g,3hv9jJF3adDNsBSIQDqcjp
62s6W9MfRxhKBjQoLY8b6g,1ooV8YZC1KbpEcrmI8WH0F
2Fxmhks0bxGSBdJ92vM42m,6qqNVTkY8uBg9cP3Jd7DAH
6aIAuKNU8JlVaTmoCYYN6U,4NHQUGzhtTLFvgF5SZesLK
6tsOcBnaKgzK22yEiqRh8P,66CXWjxzNUsdJxJ2JdwvnR
6tsOcBnaKgzK22yEiqRh8P,63XBtGSEZINSyXylZxEUbv
3EFbnBUr70peMlk8g5XzT3,70kkdajctXSbqSMJbQO424
7Cmd1xEuyrUYtiLbbeBfgJ,70kkdajctXSbqSMJbQO424
65krgqLiZqW12PZAUQ9l2x,70kkdajctXSbqSMJbQO424
7wCN8IwqrTQpwkcWH5sP4o,2auiVi8sUZo17dLy1HwrTU
1tzPSule9WZ9B8SujHv8fp,7sgWBYtJpblXpJl2lU5WVs
1R6VwZ8TuHRzxZUxe88n4I,17lzZA2AlOHwCwFALHttmp
1R6VwZ8TuHRzxZUxe88n4I,66CXWjxzNUsdJxJ2JdwvnR
4n02GblHZte3q5AzcLHlIK,3jK9MiCrA42lLAdMGUZpwa
4n02GblHZte3q5AzcLHlIK,7hJcb9fa4alzcOq3EaNPoG
4n02GblHZte3q5AzcLHlIK,6jpOOrGFSWdHx6leHfU54n
7mgWCXPKOWgOexqeYLGjeu,5X0dCi2aVnYEV27S8wgQdF
2cYZpcIV39X48RnOFM7w2V,5K4W6rqBFWDnAN6FQUkS6x
2cYZpcIV39X48RnOFM7w2V,1lE6SEy8f84Zhjvp7r8yTD
4CWp4i4SwWmBV3KOfs6Wdb,0AsThoR4KZSVktALiNcQwW
32HvwAnsqYRP4RtecuB4xJ,2vm8GdHyrJh2O2MfbQFYG0
5nASGGi1QarKyMmGg2fhaB,6ueGR6SWhUJfvEhqkvMsVs
5nASGGi1QarKyMmGg2fhaB,053q0ukIDRgzwTr4vNSwab
79GsUxLyzxgnN4I1E11dtO,6ueGR6SWhUJfvEhqkvMsVs
4CoM21pk8SxQh4L7ijqhRu,6ueGR6SWhUJfvEhqkvMsVs
06EAtSDu3KSoi4fbA3ZjoB,6ueGR6SWhUJfvEhqkvMsVs
2CnH4xbQYq0RmCzf4HjlQZ,0AsThoR4KZSVktALiNcQwW
39LmTF9RgyakzSYX8txrow,66CXWjxzNUsdJxJ2JdwvnR
1TEL6MlSSVLSdhOSddidlJ,66CXWjxzNUsdJxJ2JdwvnR
4uTvPEr01pjTbZgl7jcKBD,66CXWjxzNUsdJxJ2JdwvnR
0ZPHHXmmW3nVoDBe3YUdmm,3Ayl7mCk0nScecqOzvNp6s
55h7vJchibLdUkxdlX3fK7,0du5cEVh5yTK9QJze8zA0C
15vASgdsk0J4BrkZhVTxFG,7xkAwz0bQTGDSbkofyQt3U
0aersVHlGGXcHeRvHtuaSt,5WId4o5jdGVhptNU0uqKxu
0KKkJNfGyhkQ5aFogxQAPU,0du5cEVh5yTK9QJze8zA0C
4b7mLZQWsy0rLnrMtPA9fQ,66CXWjxzNUsdJxJ2JdwvnR
4b7mLZQWsy0rLnrMtPA9fQ,2wIVse2owClT7go1WT98tk
0onslUNmSLDkuYaideYWir,56oDRnqbIiwx4mymNEv7dS
5ppjtLheLgMk3jtZXnNjC4,5KKpBU5eC2tJDzf0wmlRp2
5ppjtLheLgMk3jtZXnNjC4,1MIVXf74SZHmTIp4V4paH4
5ppjtLheLgMk3jtZXnNjC4,2ExGrw6XpbtUAJHTLtUXUD
5cE201rNvIkryS8N1dJ5nR,6sFIWsNpZYqfjUpaCgueju
4cTm3Ev9bUvy4ChJjB1nhl,5cj0lLjcoR7YOSnhnX0Po5
6f8dVDn1vWbWIfUouv9iJp,6sFIWsNpZYqfjUpaCgueju
24Kh0nzBsFEenB80Ud1wSN,6sFIWsNpZYqfjUpaCgueju
2YalDCU0tWxJfNdFPor3Rh,6sFIWsNpZYqfjUpaCgueju
13zEyjK3DZm0YtZObaaS1O,6sFIWsNpZYqfjUpaCgueju
6dAj7di0SClcosyapzeH9r,6sFIWsNpZYqfjUpaCgueju
6X9bzNEsiGl82OkEs0xR6X,6sFIWsNpZYqfjUpaCgueju
0gJ9wUs6cfnyZXN8U58vAx,7HkdQ0gt53LP4zmHsL0nap
2U2Z1IXnmJIvlknWizFykZ,70kkdajctXSbqSMJbQO424
6ET9kf9riLETWs9lePUEAI,70kkdajctXSbqSMJbQO424
79qxwHypONUt3AFq0WPpT9,70kkdajctXSbqSMJbQO424
0pMfPzdRiPAoSM9yWF4OcT,70kkdajctXSbqSMJbQO424
4vHVfwVi2CEc4r7P1Pr9iu,70kkdajctXSbqSMJbQO424
4CHyDw5J56I0x40MFk5f2V,70kkdajctXSbqSMJbQO424
4jwP0pxx7su04FYc6J12EQ,16rCzZOMQX7P8Kmn5YKexI
3S2LNcyJre3hvJbPTcoghO,6f96znq79wvlknKHHHhtTW
3S2LNcyJre3hvJbPTcoghO,4QJrAwNc5j17E5N2PxpqGj
79esEXlqqmq0GPz0xQSZTV,7n2wHs1TKAczGzO7Dd2rGr
48EjSdYh8wz2gBxxqzrsLe,2auiVi8sUZo17dLy1HwrTU
0UQSyryW2vxE88AVFSZs3T,7tYKF4w9nC0nq9CsPZTHyP
2p4ARx5nk3b9Jh07ivQR1c,0oBsnAC3fzYkTHF3bkfNx6
0kas95RruYRVqrOb07rgkh,0cGUm45nv7Z6M6qdXYQGTX
1R1NwL3p27XZC9n5xpP8LE,56oDRnqbIiwx4mymNEv7dS
2e9N4vHYVUwSwRorBzsZXE,2FXC3k01G6Gw61bmprjgqS
4jM3c9KLTO9iZPm9A7neiL,0cGUm45nv7Z6M6qdXYQGTX
7wfQfnNFGWLD0BzcDngCRg,0DtXHIvJ8NWBg5pGvsgWnR
6tsOcBnaKgzK22yEiqRh8P,66CXWjxzNUsdJxJ2JdwvnR
6tsOcBnaKgzK22yEiqRh8P,63XBtGSEZINSyXylZxEUbv
40pjk9HXKCxFrsAhKwQKBJ,3qnGvpP8Yth1AqSBMqON5x
5e9TFTbltYBg2xThimr0rU,08GQAI4eElDnROBrJRGE0X
3xCsHloPBl211Yi4UEUUcm,74XFHRwlV6OrjEM0A2NCMF
5txoZyuAmtCfmDjUCEphWm,1dfeR4HaWDbWqFHLkxsg1d
1nQRg9q9uwALGzouOX5OyQ,1dfeR4HaWDbWqFHLkxsg1d
4VLViQtnHrWrDdDoigG3dR,0AsThoR4KZSVktALiNcQwW
4cHr9tKAv2sHQwj79tmCG8,4IvS1ZZ5nyiNMheybfx3Hf
4cHr9tKAv2sHQwj79tmCG8,6ueGR6SWhUJfvEhqkvMsVs
0mBKv9DkYfQHjdMcw2jdyI,0du5cEVh5yTK9QJze8zA0C
7H6ev70Weq6DdpZyyTmUXk,1Y8cdNmUJH7yBTd9yOvr5i
1a2Cu5apduD8mjOa7CV4fy,0DtXHIvJ8NWBg5pGvsgWnR
55qBw1900pZKfXJ6Q9A2Lc,6jJ0s89eD6GaHleKKya26X
4lCv7b86sLynZbXhfScfm2,6jJ0s89eD6GaHleKKya26X
3e9HZxeyfWwjeyPAMmWSSQ,66CXWjxzNUsdJxJ2JdwvnR
1j8z4TTjJ1YOdoFEDwJTQa,74XFHRwlV6OrjEM0A2NCMF
7hQJA50XrCWABAu5v6QZ4i,1dfeR4HaWDbWqFHLkxsg1d
7tFiyTwD0nx5a1eklYtX2J,1dfeR4HaWDbWqFHLkxsg1d
0vzWVJoWUMTdPxUWhBdpYF,1dfeR4HaWDbWqFHLkxsg1d
300YN8ebGB90nDuzgz0f3O,1dfeR4HaWDbWqFHLkxsg1d
59CsbfwLNCAUGbBQV3Tki4,1dfeR4HaWDbWqFHLkxsg1d
58PSYdY0GFg0LFb2PxYk4T,4y6J8jwRAwO4dssiSmN91R
7lKhRwHEPeGBhKeCcyXKGC,1uR7zoLrSRI8bSL43OZ0GY
3EFbnBUr70peMlk8g5XzT3,70kkdajctXSbqSMJbQO424
65krgqLiZqW12PZAUQ9l2x,70kkdajctXSbqSMJbQO424
1TDMcHymW5Fs187vZ36z6v,32vWCbZh0xZ4o9gkz4PsEU
0EWJ1KT2q3RdbdQIUYqZsp,32vWCbZh0xZ4o9gkz4PsEU
2VjXGuPVVxyhMgER3Uz2Fe,2Mu5NfyYm8n5iTomuKAEHl
1CSQgn4dTVadTozLlAqbrV,0hCNtLu0JehylgoiP8L4Gh
0rIAC4PXANcKmitJfoqmVm,2cWZOOzeOm4WmBJRnD5R7I
0uEp9E98JB5awlA084uaIg,2Mu5NfyYm8n5iTomuKAEHl
594trlRjNdTyYLwIlcDaJM,2NdeV5rLm47xAvogXrYhJX
4wkWWZDqc7lgqOUA70pHMw,4o4tLTIJ3eWMFerz73atcT
6E44nO0qqQqfmXOhQPp0MM,56oDRnqbIiwx4mymNEv7dS
0Oqc0kKFsQ6MhFOLBNZIGX,00FQb4jTyendYWaN8pK0wa
6lrQo6KAYvb92MGk6ZuZlt,08GQAI4eElDnROBrJRGE0X
44lusH2vzc4sRAwsooRhPh,4fpTMHe34LC5t3h5ztK8qu
0gu5B9dUOiLezdDjrLPCCV,4fpTMHe34LC5t3h5ztK8qu
4imKIkVUzP2Qmf4QeMGrPQ,4fpTMHe34LC5t3h5ztK8qu
2rCuBpIkHVtY16o0PRv2GS,4fpTMHe34LC5t3h5ztK8qu
756CJtQRFSxEx9jV4P9hpA,5r1bdqzhgRoHC3YcCV6N5a
1KARZZIAZxCCiUpLD7Wv4D,63XBtGSEZINSyXylZxEUbv
4IablJ6SqVNGY4vrseyKxu,3Y7RZ31TRPVadSFVy1o8os
5eQtR62IZ8P8qZM2pSD9Ip,5e4Dhzv426EvQe3aDb64jL
64DXA7SNEhMGA32MmVCNYo,08GQAI4eElDnROBrJRGE0X
0FeCO85RKW8fDRytwXof2x,08GQAI4eElDnROBrJRGE0X
30QVousvHxslg00I7dNLU2,2wIVse2owClT7go1WT98tk
5r8mGKhCDIVWb3AG4hm0l0,7ltDVBr6mKbRvohxheJ9h1
4drDRt1eZner26CIXLGDVx,0oBsnAC3fzYkTHF3bkfNx6
1mnQiO568zXIrUncttTZGp,1dfeR4HaWDbWqFHLkxsg1d
6Re2AwZUVlgBng04BZTauW,1dfeR4HaWDbWqFHLkxsg1d
5vSekidwmZF63TXK7t4Yv5,1ybAN3utgdoUL1MUCtH4QM
6B4oVElDIKRNcNUary0WG7,6tbjWDEIzxoDsBA1FuhfPW
3X7uFMzJrEE0sxn62qd8Ch,0kObWap02DEg9EAJ3PBxzf
11xILcyUmIjr2XpM6mpEvA,5qfkUSH3ip5dD2eEPhjkT3
11xILcyUmIjr2XpM6mpEvA,6I3MElirhT5t6Kf7p0hGk9
11xILcyUmIjr2XpM6mpEvA,4ClziihVpBeFXNyDH83Lde
5GFDrUTLGJix84sNhjCG0g,3Gm5F95VdRxW3mqCn8RPBJ
5JoV39MFYbvWZwJlxq2722,3J0BpFVUc9LeOIVeN5uNhU
5JoV39MFYbvWZwJlxq2722,0GM7qgcRCORpGnfcN2tCiB
7btQ8AOjr6zXoGHEmxL5u5,0DbBBj0ScPumRqKXswGQH1
7MJxWPvzCdjJaeOv16ROPU,6IWDRzTxF8cEkf0dXYMSrb
7MJxWPvzCdjJaeOv16ROPU,0DbBBj0ScPumRqKXswGQH1
2I88NEWpKrAPZuapXNV5G6,30DhU7BDmF4PH0JVhu8ZRg
2I88NEWpKrAPZuapXNV5G6,4IVAbR2w4JJNJDDRFP3E83
4jwP0pxx7su04FYc6J12EQ,16rCzZOMQX7P8Kmn5YKexI
3S2LNcyJre3hvJbPTcoghO,6f96znq79wvlknKHHHhtTW
3S2LNcyJre3hvJbPTcoghO,4QJrAwNc5j17E5N2PxpqGj
1qT4WewpOkOepuHixR5KzA,4j5EnP4t2lSKolLuQh1xvn
79esEXlqqmq0GPz0xQSZTV,7n2wHs1TKAczGzO7Dd2rGr
48EjSdYh8wz2gBxxqzrsLe,2auiVi8sUZo17dLy1HwrTU
1IlBPaXuM7Fl6tiH9CPQlQ,6jlWj6y00bMQt8XoKuCjyZ
0UQSyryW2vxE88AVFSZs3T,7tYKF4w9nC0nq9CsPZTHyP
2x5Frs6ts14U4MSLrQQlXg,0oBsnAC3fzYkTHF3bkfNx6
4J3eFXXi2nQqF6MWLprnbR,0oBsnAC3fzYkTHF3bkfNx6
2p4ARx5nk3b9Jh07ivQR1c,0oBsnAC3fzYkTHF3bkfNx6
51OgULDnFW390Qk7nX0eQa,0oBsnAC3fzYkTHF3bkfNx6
6oYZKdiM93sr0nKgBQADn2,0oBsnAC3fzYkTHF3bkfNx6
75w3hkYlT7dH1IWXMqBdq9,4hTL3jOgvZwOqegEZTOrCc
0y60itmpH0aPKsFiGxmtnh,3rWZHrfrsPBxVy692yAIxF
0kas95RruYRVqrOb07rgkh,0cGUm45nv7Z6M6qdXYQGTX
6mbWdNBDGL4joR1EHRUZg1,5cj0lLjcoR7YOSnhnX0Po5
6mbWdNBDGL4joR1EHRUZg1,2OaHYHb2XcFPvqL3VsyPzU
1R1NwL3p27XZC9n5xpP8LE,56oDRnqbIiwx4mymNEv7dS
5JptZmp8MP1eBkbQfPFX3r,2ymLCgoeNHbhPDwMb3N3iQ
2g8HN35AnVGIk7B8yMucww,5me0Irg2ANcsgc93uaYrpb
2e9N4vHYVUwSwRorBzsZXE,2FXC3k01G6Gw61bmprjgqS
4jM3c9KLTO9iZPm9A7neiL,0cGUm45nv7Z6M6qdXYQGTX
0rTV5WefWd1J3OwIheTzxM,6LuN9FCkKOj5PcnpouEgny
0rTV5WefWd1J3OwIheTzxM,6nS5roXSAGhTGr34W6n7Et
5in02YJDTkdfKDQjfsvxYp,2FXC3k01G6Gw61bmprjgqS
4LRKHjC3WH5AKZSGZzlnGk,56oDRnqbIiwx4mymNEv7dS
4LRKHjC3WH5AKZSGZzlnGk,2wIVse2owClT7go1WT98tk
7wfQfnNFGWLD0BzcDngCRg,0DtXHIvJ8NWBg5pGvsgWnR
77vNrMpA7hpHjHyF3GgLCb,0DtXHIvJ8NWBg5pGvsgWnR
1TEL6MlSSVLSdhOSddidlJ,66CXWjxzNUsdJxJ2JdwvnR
1i1ofxObE2LhvDk6mmm3Fo,0oBsnAC3fzYkTHF3bkfNx6
5MjwNUe4SSzAzsHoBjlPOm,6mcrZQmgzFGRWf7C0SObou
5bQFFBSfpYUcBATZBgE77q,5LuLeXlnT2jFxbx7Cg7j88
64Fi8acR3lBbve1pQfbrPp,6sFIWsNpZYqfjUpaCgueju
6qHUEAvjekE6XGzS41oCYc,6sFIWsNpZYqfjUpaCgueju
6tsOcBnaKgzK22yEiqRh8P,66CXWjxzNUsdJxJ2JdwvnR
6tsOcBnaKgzK22yEiqRh8P,63XBtGSEZINSyXylZxEUbv
3e9HZxeyfWwjeyPAMmWSSQ,66CXWjxzNUsdJxJ2JdwvnR
1MuN3LGtM2tNsqH9qC47tG,5cj0lLjcoR7YOSnhnX0Po5
380BNglcRoqztS0dvvmMUO,6f96znq79wvlknKHHHhtTW
4b7tNHhZduIo9pqKAZ6xEI,6f96znq79wvlknKHHHhtTW
4b7tNHhZduIo9pqKAZ6xEI,0EF0xdjRZNktbZ8Aoqf4Di
0odJDFQum47mQZ8cpwYlXZ,6f96znq79wvlknKHHHhtTW
0odJDFQum47mQZ8cpwYlXZ,7fqDRFkiuwzFDde1K0taVs
6ls0cJiAaxVC50JL0cxO2z,6f96znq79wvlknKHHHhtTW
6ls0cJiAaxVC50JL0cxO2z,7JFinw4LobpCUjapyKvsjo
5I7sGubUsKo4mVJpBoSVUr,56oDRnqbIiwx4mymNEv7dS
6pRLJSrcskYSKYuKgJtDgD,56oDRnqbIiwx4mymNEv7dS
7BZtzkbV48eu0sGKhHP7R9,56oDRnqbIiwx4mymNEv7dS
7BZtzkbV48eu0sGKhHP7R9,13y7CgLHjMVRMDqxdx0Xdo
4G6ZVCy1V2w0xjW2lbazNE,56oDRnqbIiwx4mymNEv7dS
6diVKxDiYHC2ZOb7v90knh,6sFIWsNpZYqfjUpaCgueju
49eeirITrqP3pJALseu6Ed,2KEqzdPS7M5YwGmiuPTdr5
1ApN1loxlt0rzRFc8iETw7,2KEqzdPS7M5YwGmiuPTdr5
6Nle9hKrkL1wQpwNfEkxjh,2h93pZq0e7k5yf4dywlkpM
1TEL6MlSSVLSdhOSddidlJ,66CXWjxzNUsdJxJ2JdwvnR
20r94xA0bsYNLtYSiOE6r3,5K4W6rqBFWDnAN6FQUkS6x
4RVbK6cV0VqWdpCDcx3hiT,2hPgGN4uhvXAxiXQBIXOmE
4kUZvXB3LC3an3HX6h0s17,2hPgGN4uhvXAxiXQBIXOmE
6JyEh4kl9DLwmSAoNDRn5b,2hPgGN4uhvXAxiXQBIXOmE
6JyEh4kl9DLwmSAoNDRn5b,52lBOxCxbJg0ttXEW9CQpW
7oHkit3F3vimtsBbnZkU0G,2hPgGN4uhvXAxiXQBIXOmE
4jHr4JxHaYgRIR0bXHJeAH,4ULO7IGI3M2bo0Ap7B9h8a
38HcgcQC4suvti0Sa0e5yc,4ULO7IGI3M2bo0Ap7B9h8a
6yHkPtl6UQ7RjtJLBPzbJw,1RyvyyTE3xzB2ZywiAwp0i
6yHkPtl6UQ7RjtJLBPzbJw,5pKCCKE2ajJHZ9KAiaK11H
0dWOFwdXrbBUYqD9DLsoyK,1Bl6wpkWCQ4KVgnASpvzzA
3EApebexZ7YqDIqw2EMTDh,1anyVhU62p31KFi8MEzkbf
5NijSs5dAwaIybq1GaRTIe,3tlXnStJ1fFhdScmQeLpuG
1rfGO3N4DPGodJLSSY9Re5,5RTLRtXjbXI2lSXc6jxlAz
6PktsUMUtMAu8GRTmeH9Vy,5YZ5AExR68U3ZblH6HcO6B
6PktsUMUtMAu8GRTmeH9Vy,3jk39CGeaaSO3FPKNx1RUx
48EjSdYh8wz2gBxxqzrsLe,2auiVi8sUZo17dLy1HwrTU
2k9N4caeCIJLOWwWwssrEM,0hDjKSKjl1DC7ovYTDJHe8
6x5BI1UbcFoxdnl8XlmzvF,5xI4mPixKfrCCspATqbpy3
3S2LNcyJre3hvJbPTcoghO,6f96znq79wvlknKHHHhtTW
3S2LNcyJre3hvJbPTcoghO,4QJrAwNc5j17E5N2PxpqGj
3ajnLvUV6cZiKtij8q0tzx,5gsyao2Qm21EKylbVIuRQ3
1IlBPaXuM7Fl6tiH9CPQlQ,6jlWj6y00bMQt8XoKuCjyZ
57nReJa69S1lEJGYHLCKlx,6hfwwpXqZPRC9CsKI7qtv1
0UQSyryW2vxE88AVFSZs3T,7tYKF4w9nC0nq9CsPZTHyP
2x5Frs6ts14U4MSLrQQlXg,0oBsnAC3fzYkTHF3bkfNx6
6O30uFqAaR5bAAbnUMTUoZ,0oBsnAC3fzYkTHF3bkfNx6
4J3eFXXi2nQqF6MWLprnbR,0oBsnAC3fzYkTHF3bkfNx6
2p4ARx5nk3b9Jh07ivQR1c,0oBsnAC3fzYkTHF3bkfNx6
6oYZKdiM93sr0nKgBQADn2,0oBsnAC3fzYkTHF3bkfNx6
51OgULDnFW390Qk7nX0eQa,0oBsnAC3fzYkTHF3bkfNx6
3FeyKZZcU7ywuJ0LtFSuBO,4wXchxfTTggLtzkoUhO86Q
4UADR6fNQfx4fxkiRQvSy2,4QkSD9TRUnMtI8Fq1jXJJe
75w3hkYlT7dH1IWXMqBdq9,4hTL3jOgvZwOqegEZTOrCc
0y60itmpH0aPKsFiGxmtnh,3rWZHrfrsPBxVy692yAIxF
0kas95RruYRVqrOb07rgkh,0cGUm45nv7Z6M6qdXYQGTX
6mbWdNBDGL4joR1EHRUZg1,5cj0lLjcoR7YOSnhnX0Po5
6mbWdNBDGL4joR1EHRUZg1,2OaHYHb2XcFPvqL3VsyPzU
1R1NwL3p27XZC9n5xpP8LE,56oDRnqbIiwx4mymNEv7dS
1aOiivaj7Divv9q8SVyRUk,7fw0E8WHdG3r9SuPBcGmWk
5JptZmp8MP1eBkbQfPFX3r,2ymLCgoeNHbhPDwMb3N3iQ
67H8U1DqJMTv9vCg7P95uR,4SqTiwOEdYrNayaGMkc7ia
180WImKPbvdUrboKUov5f4,3J0BpFVUc9LeOIVeN5uNhU
6Qs4SXO9dwPj5GKvVOv8Ki,2wY79sveU1sp5g7SokKOiI
6Qs4SXO9dwPj5GKvVOv8Ki,2cWZOOzeOm4WmBJRnD5R7I
5cE201rNvIkryS8N1dJ5nR,6sFIWsNpZYqfjUpaCgueju
7KAQYB6yA9t4MFe98I7o7a,6sFIWsNpZYqfjUpaCgueju
2e9N4vHYVUwSwRorBzsZXE,2FXC3k01G6Gw61bmprjgqS
0rTV5WefWd1J3OwIheTzxM,6LuN9FCkKOj5PcnpouEgny
0rTV5WefWd1J3OwIheTzxM,6nS5roXSAGhTGr34W6n7Et
4jM3c9KLTO9iZPm9A7neiL,0cGUm45nv7Z6M6qdXYQGTX
5in02YJDTkdfKDQjfsvxYp,2FXC3k01G6Gw61bmprjgqS
6dJ6jS0YAYWiyKS5krG6Oo,0oBsnAC3fzYkTHF3bkfNx6
1i1ofxObE2LhvDk6mmm3Fo,0oBsnAC3fzYkTHF3bkfNx6
4LRKHjC3WH5AKZSGZzlnGk,56oDRnqbIiwx4mymNEv7dS
4LRKHjC3WH5AKZSGZzlnGk,2wIVse2owClT7go1WT98tk
7wfQfnNFGWLD0BzcDngCRg,0DtXHIvJ8NWBg5pGvsgWnR
77vNrMpA7hpHjHyF3GgLCb,0DtXHIvJ8NWBg5pGvsgWnR
1CrwI6m6zrG8AvOyvzpTHO,0GM7qgcRCORpGnfcN2tCiB
1CrwI6m6zrG8AvOyvzpTHO,3J0BpFVUc9LeOIVeN5uNhU
1CrwI6m6zrG8AvOyvzpTHO,5TYxZTjIPqKM8K8NuP9woO
5JoV39MFYbvWZwJlxq2722,3J0BpFVUc9LeOIVeN5uNhU
5JoV39MFYbvWZwJlxq2722,0GM7qgcRCORpGnfcN2tCiB
1RRlUJMxjp2FmkTExBT2T7,0oBsnAC3fzYkTHF3bkfNx6
1RRlUJMxjp2FmkTExBT2T7,181bsRPaVXVlUKXrxwZfHK
1yUJK3qxPiFiPeAG2gLfuW,25uiPmTg16RbhZWAqwLBy5
1yUJK3qxPiFiPeAG2gLfuW,04vj3iPUiVh5melWr0w3xT
67H8U1DqJMTv9vCg7P95uR,4SqTiwOEdYrNayaGMkc7ia
4UADR6fNQfx4fxkiRQvSy2,4QkSD9TRUnMtI8Fq1jXJJe
6bTn1ovliI0OkjUNkiMBJq,2uYWxilOVlUdk4oV9DvwqK
6brwAQ6P9ypRb7S8IvtYcx,09kXLeOXRyfNQMXRaDO4qA
6EkZJAZXSDW9hnhWI4AZR2,0utS63XytOEVN1EtzWhJpG
0rlfGg5Ym6J9AA97ah7voH,4CvTDPKA6W06DRfBnZKrau
3FeyKZZcU7ywuJ0LtFSuBO,4wXchxfTTggLtzkoUhO86Q
2l6S3j7imJtQ2N2nt1YHYE,0EmUT6i9rTu9ZHy1Tl1iuX
1QC6VpD6q6TJrl30969QM9,57LYzLEk2LcFghVwuWbcuS
0DQQRJ4sR3pxwom9L7D7QR,3UjPnt2nRmw10N58bBeNOg
3t7wojJJqpSNCASv5wOe5I,5qfkUSH3ip5dD2eEPhjkT3
3VeuvRWfJLSOzeVPrgi5MR,1vaQ6v3pOFxAIrFoPrAcom
3wv9jIR1DAGxTRMm1kH6GL,2kQnsbKnIiMahOetwlfcaS
1x1BKrrpq7CfOZPBeUsx16,0WjtdWS6su0f3jrW9aqEHl
51ogbY27rqVdV5o0lVuKAM,2tAqnHDAgnGtjnlzyoa38L
42QRyJd5x6e2TFR1S41g2p,2ICR2m4hOBPhaYiZB3rnLW
3EtcFN5ZxXQYvUYWQGvKEo,0Ek89uaJyo6NfWK22awFvI
1OLeA7zpNAHkHOzBwjYfy7,24Cf1irKt7kcewb9OOkPum
1OLeA7zpNAHkHOzBwjYfy7,24EY6rZFOruUXOcoqxUW21
6x5BI1UbcFoxdnl8XlmzvF,5xI4mPixKfrCCspATqbpy3
3S2LNcyJre3hvJbPTcoghO,6f96znq79wvlknKHHHhtTW
3S2LNcyJre3hvJbPTcoghO,4QJrAwNc5j17E5N2PxpqGj
6AIte2Iej1QKlaofpjCzW1,7e1ICztHM2Sc4JNLxeMXYl
7iDFuSWvN0DTNy3gxUwsBn,6TvjXbopXg71XRM9OZWqUc
7iDFuSWvN0DTNy3gxUwsBn,5M0lbkGluOPXLeFjApw8r8
3PFaFVWq5wucLu6s4baj9D,7GN9PivdemQRKjDt4z5Zv8
3PFaFVWq5wucLu6s4baj9D,6qgnBH6iDM91ipVXv28OMu
75w3hkYlT7dH1IWXMqBdq9,4hTL3jOgvZwOqegEZTOrCc
1EtKsHkovR03mi5J5KeNIx,44drVL4jbdo6T6llD5cMgx
2ktg2oZDyFAX3iY1QNkXl5,57LYzLEk2LcFghVwuWbcuS
7rWiafs8evbNtQQrTNE71e,4VA3EAvncrTucjTmrvd4GE
2x5Frs6ts14U4MSLrQQlXg,0oBsnAC3fzYkTHF3bkfNx6
5Bsyin9f7eK4aLH59jGwGy,1W7FNibLa0O0b572tB2w7t
6JvfBzqZmSiEG5MjM7OcSY,1EpyA68dKpjf7jXmQL88Hy
6JvfBzqZmSiEG5MjM7OcSY,4jqFe1fd5uul2XSSxsRvbZ
6JvfBzqZmSiEG5MjM7OcSY,2PU4qFehXQF7WnlFsJpBiJ
1oLSje4Ot5qRUq8FqYeXOl,4TrraAsitQKl821DQY42cZ
3w3LyAknbXOnyppVCI1QeW,6mQfAAqZGBzIfrmlZCeaYT
4NzMOnvSJVNKF7nw5NkXIP,6qqNVTkY8uBg9cP3Jd7DAH
180WImKPbvdUrboKUov5f4,3J0BpFVUc9LeOIVeN5uNhU
0BWx2N8CosqHVKkofenY3R,4lDBihdpMlOalxy1jkUbPl
0BWx2N8CosqHVKkofenY3R,4SqTiwOEdYrNayaGMkc7ia
1ni8ZTAY1GHXEFOGHl7fdg,6qqNVTkY8uBg9cP3Jd7DAH
1RGasjWLZ4qMN7wbtkLa3u,6qqNVTkY8uBg9cP3Jd7DAH
6vsV4D8BM6PioRr1UOx0n2,6qqNVTkY8uBg9cP3Jd7DAH
6uUyZC6Bhfj6Q29stciUz0,6mQfAAqZGBzIfrmlZCeaYT
5LWKsMeXaYBoKzCHk8syQy,4VA3EAvncrTucjTmrvd4GE
5LWKsMeXaYBoKzCHk8syQy,7DkftpjbqLhwjlCUe567y9
1oTOzTm4u0AunZSlQpojhy,303SwmjLibkh8OJH5xxZOM
6Qs4SXO9dwPj5GKvVOv8Ki,2wY79sveU1sp5g7SokKOiI
6Qs4SXO9dwPj5GKvVOv8Ki,2cWZOOzeOm4WmBJRnD5R7I
1KARZZIAZxCCiUpLD7Wv4D,63XBtGSEZINSyXylZxEUbv
2Q0JkTzFXrU2BbnQT7tzIR,4iHNK0tOyZPYnBU7nGAgpQ
6dZDfIx7HmSOp8S3dGA1xo,1lEBJGJgdoevi1Clv9CqLT
6dZDfIx7HmSOp8S3dGA1xo,7e3FtKBIPLrIVm8g1FJMVg
6dZDfIx7HmSOp8S3dGA1xo,2BccVcXzmwMB2b2mDEPuQH
0UJQB3zM4ZtwndkjFQVJjK,0Ns29jDBaYI2wbHvTR1B9j
4T652DlATVHe0jdLKaN3Bw,66CXWjxzNUsdJxJ2JdwvnR
39LmTF9RgyakzSYX8txrow,66CXWjxzNUsdJxJ2JdwvnR
4SPu0Ql902hTVXkBoNIYtq,66CXWjxzNUsdJxJ2JdwvnR
27356GVuMPFWiJSZCragoM,66CXWjxzNUsdJxJ2JdwvnR
1TEL6MlSSVLSdhOSddidlJ,66CXWjxzNUsdJxJ2JdwvnR
7EQpvVujgytLVY8vKiDHAg,66CXWjxzNUsdJxJ2JdwvnR
1R1NwL3p27XZC9n5xpP8LE,56oDRnqbIiwx4mymNEv7dS
0ulct3cASnhGvaGhFIuIyZ,2kQnsbKnIiMahOetwlfcaS
4k6hX9RKD096K1NCjjJZLc,0cGUm45nv7Z6M6qdXYQGTX
4k6hX9RKD096K1NCjjJZLc,3UVRliakQfa1pMWIsNuiZ8
1EGrDTfEuAiRzRdxlblpET,0cGUm45nv7Z6M6qdXYQGTX
1EGrDTfEuAiRzRdxlblpET,4IVAbR2w4JJNJDDRFP3E83
0kas95RruYRVqrOb07rgkh,0cGUm45nv7Z6M6qdXYQGTX
0aSW5EMeNnQSMJQ8QN3zIW,0cGUm45nv7Z6M6qdXYQGTX
4jM3c9KLTO9iZPm9A7neiL,0cGUm45nv7Z6M6qdXYQGTX
4BOikd4oZjOYMde9AXfrTo,0cGUm45nv7Z6M6qdXYQGTX
1ymEwygMMg5JwVAnh3C7yY,4ScCswdRlyA23odg9thgIO
1ymEwygMMg5JwVAnh3C7yY,3Y7RZ31TRPVadSFVy1o8os
6mbWdNBDGL4joR1EHRUZg1,5cj0lLjcoR7YOSnhnX0Po5
6mbWdNBDGL4joR1EHRUZg1,2OaHYHb2XcFPvqL3VsyPzU
0y60itmpH0aPKsFiGxmtnh,3rWZHrfrsPBxVy692yAIxF
0onslUNmSLDkuYaideYWir,56oDRnqbIiwx4mymNEv7dS
0j77ikAaghcss4idQVcAXT,56oDRnqbIiwx4mymNEv7dS
3IipmAZjCwvxxh0CnaTrdz,1tc4LrAlQ8EmlauDoAvpBa
1aOiivaj7Divv9q8SVyRUk,7fw0E8WHdG3r9SuPBcGmWk
1yXJCN3eHFNzk58Looc7Bo,1y6hiqeSWkQrJYXkU5PvUk
3uF6eC9CN8q7FaK4DrYYwx,0N41KJ4H6bkPAm2tx7VS8C
1YHT1FZv5t3ZFLsVPuy6Rq,3WGpXCj9YhhfX11TToZcXP
0heVTeZw99vJl4QyJC0wyk,3WGpXCj9YhhfX11TToZcXP
4a925uZhSr6NAeD7RvgLhH,6lay1nwbE6hTx1jivysUAL
23wuZgeX1oyJ43QYOTo9s7,0cGUm45nv7Z6M6qdXYQGTX
4cHr9tKAv2sHQwj79tmCG8,4IvS1ZZ5nyiNMheybfx3Hf
4cHr9tKAv2sHQwj79tmCG8,6ueGR6SWhUJfvEhqkvMsVs
6v0LVhxY8pgqhbsyPNFjg7,1Ss8sy3C3XXQgxYRwjDln8
67d8DiMwQJLwPRdKhVjmS4,1Ss8sy3C3XXQgxYRwjDln8
3moDgeKCXv4LKXpFxYlGR7,1Ss8sy3C3XXQgxYRwjDln8
2kMKmb60xVUIWW2Out8ypz,49tQo2QULno7gxHutgccqF
6wrEnhx4sw0USAzbpWNiuH,1mSJCvDX0W7Dn7S9C6vmvI
3ySU5vwQB33iGulwcUL9qQ,2eam0iDomRHGBypaDQLwWI
0cNH1IsjBVRdeDcpwHAfve,6MDME20pz9RveH9rEXvrOM
0cNH1IsjBVRdeDcpwHAfve,6CwfuxIqcltXDGjfZsMd9A
5tPVk414MNG1cNfGjJs1Jr,14rP13jdQNgQvuPA2AkBgm
6oI6rtHoaTRdNphL8OshxU,0AsThoR4KZSVktALiNcQwW
6M1sRwraMMNUVCLUvo4e1B,6lay1nwbE6hTx1jivysUAL
0TZLe9bk53zQpuq9cFK4YQ,4c2ighP1wj8E5dVGJDCOiB
5LWKsMeXaYBoKzCHk8syQy,4VA3EAvncrTucjTmrvd4GE
5LWKsMeXaYBoKzCHk8syQy,7DkftpjbqLhwjlCUe567y9
1oTOzTm4u0AunZSlQpojhy,303SwmjLibkh8OJH5xxZOM
2ludbmtPoyCPe2K08fAlFl,5WUlDfRSoLAfcVSX1WnrxN
2ludbmtPoyCPe2K08fAlFl,1Cs0zKBU1kc0i8ypK3B9ai
2ludbmtPoyCPe2K08fAlFl,4D75GcNG95ebPtNvoNVXhz
5vgdeMt4uKUN2BeltZjoDh,3mIj9lX2MWuHmhNCA7LSCW
0NsYsNBlknJIJBDwQjPwvp,0kqRUwSJCCooeI3hNRsghY
7pYe0vDmQRJoqbkE6YWgHk,71Ug2zQHWlJFjNCK8swHfL
7e4KQkp5ZR1gXCAalRjX6B,0cGUm45nv7Z6M6qdXYQGTX
7e4KQkp5ZR1gXCAalRjX6B,7c0XG5cIJTrrAgEC3ULPiq
6464bMSfD7yFD2BFDsavFL,4fJsnm9CeDAPrwO4MAEToj
6464bMSfD7yFD2BFDsavFL,0cGUm45nv7Z6M6qdXYQGTX
6aY6kcIDMvMvEaztn2ye4W,6jlWj6y00bMQt8XoKuCjyZ
180WImKPbvdUrboKUov5f4,3J0BpFVUc9LeOIVeN5uNhU
6Qs4SXO9dwPj5GKvVOv8Ki,2wY79sveU1sp5g7SokKOiI
6Qs4SXO9dwPj5GKvVOv8Ki,2cWZOOzeOm4WmBJRnD5R7I
4KOU5bQ5zZVBnMBBDFEiOq,2FovgCfOwN9iqbkCBlKFdT
1KARZZIAZxCCiUpLD7Wv4D,63XBtGSEZINSyXylZxEUbv
1LaqQwmSqnRiNHH7B5Duvk,0AsThoR4KZSVktALiNcQwW
65Jn5Qjcm56z4MgJlvxbuv,0AsThoR4KZSVktALiNcQwW
65Jn5Qjcm56z4MgJlvxbuv,4c2ighP1wj8E5dVGJDCOiB
5QF848yU0DEHXl7MNmH7Mm,6jlWj6y00bMQt8XoKuCjyZ
2YalDCU0tWxJfNdFPor3Rh,6sFIWsNpZYqfjUpaCgueju
5dXI2NV7X2c4anyLFbQdEX,1W7FNibLa0O0b572tB2w7t
7bGDpMqs6dNzNXI3K6cfob,41JNAYVuPs7zwJbQBQ6tec
0sZfuG1rArPovx9CdZ40vZ,2QSPrJfYeRXaltEEiriXN9
2Q0JkTzFXrU2BbnQT7tzIR,4iHNK0tOyZPYnBU7nGAgpQ
1RGasjWLZ4qMN7wbtkLa3u,6qqNVTkY8uBg9cP3Jd7DAH
7eB1V5LvAdxCc7brfGhRRo,6qqNVTkY8uBg9cP3Jd7DAH
1ni8ZTAY1GHXEFOGHl7fdg,6qqNVTkY8uBg9cP3Jd7DAH
2fmCA13dwQQOGBIbIOWRiJ,20JZFwl6HVl6yg8a4H3ZqK
1EXotCuzdXR34W1MoP6Um7,3J0BpFVUc9LeOIVeN5uNhU
6r05pfZigq7Arg25pi2vRm,2cWZOOzeOm4WmBJRnD5R7I
6r05pfZigq7Arg25pi2vRm,7CajNmpbOovFoOoasH2HaY
6r05pfZigq7Arg25pi2vRm,3tVQdUvClmAT7URs9V3rsp
43tgC5pTYJpc5D3C9HRwEg,2cWZOOzeOm4WmBJRnD5R7I
43tgC5pTYJpc5D3C9HRwEg,7CajNmpbOovFoOoasH2HaY
2fh3bZ8jZhMxOcfESE9nQY,20JZFwl6HVl6yg8a4H3ZqK
6TzJLISIitIzn1WtjDY0Op,20JZFwl6HVl6yg8a4H3ZqK
4h6Bde1AFeLDT5jFbxjXll,0ce3UlXwNzZPkj78XYLE7V
32nnGEfkEk3MUcxmUCcdud,4iHNK0tOyZPYnBU7nGAgpQ
32nnGEfkEk3MUcxmUCcdud,7c0XG5cIJTrrAgEC3ULPiq
4DyxpCYqN8EycTiP8DqCTe,0tbeZu9lv8YEKSQ9tZSslu
2DMnO63xUhlsfiLiggO2Hu,6NnWCx7mer62qXytwEKZm9
1sopAWv0BToiOT2wAunyuV,7aFTOGFDEqDtJUCziLVsVC
3tyB3Y7sfc02VwtsnW3aCO,7aFTOGFDEqDtJUCziLVsVC
2mssuAa5xshIx2c06p1c2F,5Q81rlcTFh3k6DQJXPdsot
2mssuAa5xshIx2c06p1c2F,7aFTOGFDEqDtJUCziLVsVC
3DRG5CJplWKyNDc8z2It8T,7HkdQ0gt53LP4zmHsL0nap
5mpibPxO6AWUhl2RiHpOGe,0bdfiayQAKewqEvaU6rXCv
3Phjn4zJ34ZiEVUngyccY5,0bdfiayQAKewqEvaU6rXCv
3rGdqpn43JMpALFlC01OCE,0bdfiayQAKewqEvaU6rXCv
3rGdqpn43JMpALFlC01OCE,25uiPmTg16RbhZWAqwLBy5
1QhIQHKL8ItLUq2nTxvsC1,0bdfiayQAKewqEvaU6rXCv
6CBLS6BxGCsbzKdSiKSxHC,0bdfiayQAKewqEvaU6rXCv
6CBLS6BxGCsbzKdSiKSxHC,5QuBVnBPEzwYvFrgBbwpmU
6XsvMKhdzOctFhJ8M413KF,1vCT7fzQTHTmNNccy97dMp
4X70hLzIDfY5T2BcsOcv6Q,3Gm5F95VdRxW3mqCn8RPBJ
2rPE9A1vEgShuZxxzR2tZH,66CXWjxzNUsdJxJ2JdwvnR
6cFZ4PLC19taNlpl9pbGMf,1dfeR4HaWDbWqFHLkxsg1d
3vqlZUIT3rEmLaYKDBfb4Q,7guDJrEfX3qb6FEbdPA5qi
0n2pjCIMKwHSXoYfEbYMfX,7guDJrEfX3qb6FEbdPA5qi
31c1V9xUONZYk78NE4Id8D,2MuFzH1J5I6gGFYo2qhZmX
66wkCYWlXzSTQAfnsPBptt,4LLpKhyESsyAXpc4laK94U
66wkCYWlXzSTQAfnsPBptt,66CXWjxzNUsdJxJ2JdwvnR
4b7mLZQWsy0rLnrMtPA9fQ,66CXWjxzNUsdJxJ2JdwvnR
4b7mLZQWsy0rLnrMtPA9fQ,2wIVse2owClT7go1WT98tk
07rJ9xLSbBKLwJHW73CApr,5QSx2vpiSchSeCwc0qmfNI
07rJ9xLSbBKLwJHW73CApr,6JL8zeS1NmiOftqZTRgdTz
07rJ9xLSbBKLwJHW73CApr,66CXWjxzNUsdJxJ2JdwvnR
5OCJzvD7sykQEKHH7qAC3C,66CXWjxzNUsdJxJ2JdwvnR
6f5TuB9WtbA1g49A4DcMQ4,66CXWjxzNUsdJxJ2JdwvnR
5V6dktq2UGRgs3iGAeCVYH,5cKlE8f6b26h61Ml7m052Q
1A6OTy97kk0mMdm78rHsm8,246dkjvS1zLTtiykXe5h60
1A6OTy97kk0mMdm78rHsm8,1zNqQNIdeOUZHb8zbZRFMX
7jr3iPu4O4bTCVwLMbdU2i,6M2wZ9GZgrQXHCFfjv46we
7jr3iPu4O4bTCVwLMbdU2i,41MozSoPIsD1dJM0CLPjZF
1leK8yhFrHCLXnRvBeQcyy,3e7awlrlDSwF3iM0WBjGMp
6aY6kcIDMvMvEaztn2ye4W,6jlWj6y00bMQt8XoKuCjyZ
3xoVN4HkuPVSnxx6cBZszW,5Vuvs6Py2JRU7WiFDVsI7J
2qHk6Nz5glNQrjW8Rhd5kv,2cWZOOzeOm4WmBJRnD5R7I
2qHk6Nz5glNQrjW8Rhd5kv,4IVAbR2w4JJNJDDRFP3E83
4n02GblHZte3q5AzcLHlIK,3jK9MiCrA42lLAdMGUZpwa
4n02GblHZte3q5AzcLHlIK,7hJcb9fa4alzcOq3EaNPoG
4n02GblHZte3q5AzcLHlIK,6jpOOrGFSWdHx6leHfU54n
68dd9CEzAUc4zeukKzMJP5,0pghUohLPptZWBasy2wmUx
68dd9CEzAUc4zeukKzMJP5,3KedxarmBCyFBevnqQHy3P
60vPqZFW2hJWGvT10zPLtW,3GeZ2hxlimcfZ7v3qxf5UT
7IOuCLt770D8v0u3SVaDeI,3e7awlrlDSwF3iM0WBjGMp
7KfHeaOXXwaUZAYHIRgWIi,3e7awlrlDSwF3iM0WBjGMp
7KfHeaOXXwaUZAYHIRgWIi,0XSz7OqyhKBKRq4ZU8WpAo
3j6w635W6AKCxt98kZ3RIv,3e7awlrlDSwF3iM0WBjGMp
4OZSTQruTxGab0PPCktJzu,6mK0vAO13gT8jWYANyoXAl
4OZSTQruTxGab0PPCktJzu,3JmGsgVoGUN1Ro1jLfi7k1
7Im9JRMR5HVp9PmHjCsv75,1MXZ0hsGic96dWRDKwAwdr
4qAPq3U8GkcKmU8lQcsKLD,0jUQSUOcM7lxVn5eVGTkzQ
01TreyTchXP0J1Mn6wcVHt,6cK3NBO6uP7hh0oyuVELFl
01TreyTchXP0J1Mn6wcVHt,5Nf5yishRW9Ye174sJISkg
01TreyTchXP0J1Mn6wcVHt,02kJSzxNuaWGqwubyUba0Z
01TreyTchXP0J1Mn6wcVHt,1pPmIToKXyGdsCF6LmqLmI
6PGoSes0D9eUDeeAafB2As,2YZyLoL8N0Wb9xBt1NhZWg
6PGoSes0D9eUDeeAafB2As,3qBKjEOanahMxlRojwCzhI
5N4erncE7kuUccm7zEmwzk,2X97ZAqRKRMYFIDqtvGgGc
5N4erncE7kuUccm7zEmwzk,6M2wZ9GZgrQXHCFfjv46we
5N4erncE7kuUccm7zEmwzk,5fMUXHkw8R8eOP2RNVYEZX
5N4erncE7kuUccm7zEmwzk,3hv9jJF3adDNsBSIQDqcjp
0heN9cMWnihHKO1Opk9krk,7wFDo161xYdeaiLz3KIHoM
6qx5Oj3tfyvOYbaUq3e7YR,3ycxRkcZ67ALN3GQJ57Vig
6qx5Oj3tfyvOYbaUq3e7YR,2IEnjZsVDEPKUTxNinyqba
3psB8LAWdw813k9ZmLvjmZ,3TVXtAsR1Inumwj472S9r4
3psB8LAWdw813k9ZmLvjmZ,0hCNtLu0JehylgoiP8L4Gh
2Yer0p7uB2lVBUAtANuuQp,5UjifI1TYefXWn9GdqDOHl
2Yer0p7uB2lVBUAtANuuQp,6icQOAFXDZKsumw3YXyusw
0OgGn1ofaj55l2PcihQQGV,1ShZZUjkbXCjhwrb18BA8I
3G9zeErd0kMx012kmYUrm7,0tbeZu9lv8YEKSQ9tZSslu
6u1sN2DFrKZBDdkdb1L76X,1vaQ6v3pOFxAIrFoPrAcom
2LHIwubgdCjbbBaoP9gkWB,59KQTERLpPa7M0F25fRH6V
2LHIwubgdCjbbBaoP9gkWB,7c0XG5cIJTrrAgEC3ULPiq
2LHIwubgdCjbbBaoP9gkWB,3tQx1LPXbsYjE9VwN1Peaa
44vRqc3avC18xRkKxOykYG,3KedxarmBCyFBevnqQHy3P
7JVfDagtyWy9bYsaf37H9K,2MuFzH1J5I6gGFYo2qhZmX
1nMULe4EavfF8SZHQ3Pag9,3ycxRkcZ67ALN3GQJ57Vig
1nMULe4EavfF8SZHQ3Pag9,3QTDHixorJelOLxoxcjqGx
5afUDcvcLUdt7Rn4FlSzIE,2NqeFgy0ual6Abk5hd0xxi
0PrWvpGA2x40gs53jche20,2NqeFgy0ual6Abk5hd0xxi
5IvdLxVB8gwwcgnEkXSSW2,55Aa2cqylxrFIXC767Z865
5IvdLxVB8gwwcgnEkXSSW2,0hCNtLu0JehylgoiP8L4Gh
3gFgp6Ofp808Kc2qLQiN5e,4ScCswdRlyA23odg9thgIO
4tWCc7B1vWkmaVTDv1OS1q,3KedxarmBCyFBevnqQHy3P
7CKR3FcBqSsGcgce0ECe1z,0hCNtLu0JehylgoiP8L4Gh
19Fcrc0nJiwMKom00gS9SW,0hCNtLu0JehylgoiP8L4Gh
6SOZvJlUN1OxY3XLCZnur8,5xI4mPixKfrCCspATqbpy3
5vad0eq5x3f3rtRlo8GnL4,6cdcTRFv0nFBQZPmTLWhRh
7hySbX6I73xmWGN9HERH3u,2sfC2KuIzmNQEtVordUuqq
7DBcFt6GCDL49KjGbCdHPz,3jS1qFuvkhaMC06NZQtNNI
0HY3TAkkSFpPie38DG8wiB,1kh0AypxF3CxMMzmQyif2S
38HMdlq9k1srDrQavwIFvY,2retT7MFwHDVTeGKDdybEx
38HMdlq9k1srDrQavwIFvY,3KV3p5EY4AvKxOlhGHORLg
1gnwGVoG7V08vMX3hyr90x,3jK9MiCrA42lLAdMGUZpwa
1gnwGVoG7V08vMX3hyr90x,2YZyLoL8N0Wb9xBt1NhZWg
6IaieqiCVvsNvEt6Y7yOFa,246dkjvS1zLTtiykXe5h60
6IaieqiCVvsNvEt6Y7yOFa,0hCNtLu0JehylgoiP8L4Gh
5KDfDLEaGAQ2uyuzsWByVa,0VRj0yCOv2FXJNP47XQnx5
5KDfDLEaGAQ2uyuzsWByVa,2cWZOOzeOm4WmBJRnD5R7I
5KDfDLEaGAQ2uyuzsWByVa,0Y3agQaa6g2r0YmHPOO9rh
6rrTr2HEAzlpC4KWZxF3S1,3e7awlrlDSwF3iM0WBjGMp
6rrTr2HEAzlpC4KWZxF3S1,0hCNtLu0JehylgoiP8L4Gh
1dxy88oPzmIN9QAyCNfXmW,7HkdQ0gt53LP4zmHsL0nap
1dxy88oPzmIN9QAyCNfXmW,3Y7RZ31TRPVadSFVy1o8os
0UJQB3zM4ZtwndkjFQVJjK,0Ns29jDBaYI2wbHvTR1B9j
2CXGCL9R224qnBBrS9rUJw,0SnSLcjKHdpYJaBLGA0TA4
0gJ9wUs6cfnyZXN8U58vAx,7HkdQ0gt53LP4zmHsL0nap
01JPQ87UHeGysPVwTqMJHK,7HkdQ0gt53LP4zmHsL0nap
01JPQ87UHeGysPVwTqMJHK,7c0XG5cIJTrrAgEC3ULPiq
5VqKdNoamMXrmRmqVmi9ke,7HkdQ0gt53LP4zmHsL0nap
3ZFekh9adaBDBxugiWwIJU,3KedxarmBCyFBevnqQHy3P
74ZGCsRTbnaNDg8cjWSdoR,5Y8eJDj37KhaEeqbVO7Ag1
5GNjiM8jZCgbqjHklAcT9e,4ScCswdRlyA23odg9thgIO
6r05pfZigq7Arg25pi2vRm,2cWZOOzeOm4WmBJRnD5R7I
6r05pfZigq7Arg25pi2vRm,7CajNmpbOovFoOoasH2HaY
6r05pfZigq7Arg25pi2vRm,3tVQdUvClmAT7URs9V3rsp
43tgC5pTYJpc5D3C9HRwEg,2cWZOOzeOm4WmBJRnD5R7I
43tgC5pTYJpc5D3C9HRwEg,7CajNmpbOovFoOoasH2HaY
1EXotCuzdXR34W1MoP6Um7,3J0BpFVUc9LeOIVeN5uNhU
4lFfMRH0YH4pW5gczTDbNC,3nViOFa3kZW8OMSNOzwr98
36YutBq4lokWfRAFXJ6qrF,7aFTOGFDEqDtJUCziLVsVC
2Uws5LNuLkvf9aR14UM3x2,2MuFzH1J5I6gGFYo2qhZmX
5sulMp8BnWKlR9PqEH5G9M,2Sqr0DXoaYABbjBo9HaMkM
3yH0lPt0VXEWayVtkiBELO,1mKtlPrXjWK6oIdk9cSOjs
2Tuc96S4JToUiQSLW3aMec,6LqNN22kT3074XbTVUrhzX
33pMoOBpwJD9cF45ukuXaJ,2MuFzH1J5I6gGFYo2qhZmX
2EcQY09CYgJ1qk6H1qZf8h,74XFHRwlV6OrjEM0A2NCMF
3NgCzSW98SsqBdpYcnm4kv,4nDoRrQiYLoBzwC5BhVJzF
1ArLnG0bHaHPXqf08sEKM0,4nDoRrQiYLoBzwC5BhVJzF
62IVsvOq7ZBi9rS1zf8jcV,2vm8GdHyrJh2O2MfbQFYG0
2CsSaYUPI57QaeB90gwzGT,0cGUm45nv7Z6M6qdXYQGTX
0Nt9OgNZ856RjKIPldNRf9,74XFHRwlV6OrjEM0A2NCMF
570ZDO2Lmh6NQChOU5xPUL,6Q192DXotxtaysaqNPy5yR
74ABBu8osxqmuFOAKcWWpG,74XFHRwlV6OrjEM0A2NCMF
5mymaL5wREERekNoPojzyG,7nwUJBm0HE4ZxD3f5cy5ok
3ZzKKSPEOIfaSqkZ0cwXtN,7HkdQ0gt53LP4zmHsL0nap
3ZFekh9adaBDBxugiWwIJU,3KedxarmBCyFBevnqQHy3P
2PKtScTQbkolbNL2JXOoxf,4ScCswdRlyA23odg9thgIO
5SIe3gy33G2i0oMexandjR,4ScCswdRlyA23odg9thgIO
5yrXolC7Un3peiFxwqbucn,7aFTOGFDEqDtJUCziLVsVC
2AZnaJ9MLerdNPS1BmmzZD,0bdfiayQAKewqEvaU6rXCv
2AZnaJ9MLerdNPS1BmmzZD,4AA8eXtzqh5ykxtafLaPOi
2AZnaJ9MLerdNPS1BmmzZD,5sWHDYs0csV6RS48xBl0tH
4E3afPSY5fUEelQS9ppL0e,5WUlDfRSoLAfcVSX1WnrxN
63bo7NDoWdMFXufhsYOxwG,66CXWjxzNUsdJxJ2JdwvnR
63bo7NDoWdMFXufhsYOxwG,2Rf4X6m0oayCJhaJ5K63GQ
14JzyD6FlBD5z0wV5P07YI,6qqNVTkY8uBg9cP3Jd7DAH
2MKIadkPrRqaivpyn6cnI0,21TinSsF5ytwsfdyz5VSVS
2FhTvTUcbTRIxvNmdpjtbw,21TinSsF5ytwsfdyz5VSVS
7eB1V5LvAdxCc7brfGhRRo,6qqNVTkY8uBg9cP3Jd7DAH
2yUIjUh9zQCahXZ9dS7D5X,21TinSsF5ytwsfdyz5VSVS
2yUIjUh9zQCahXZ9dS7D5X,7z2avKuuiMAT4XZJFv8Rvh
2vdBo4ALPYbHRUPKgtE5iC,66CXWjxzNUsdJxJ2JdwvnR
6dykAIAUe10GWeNUs0Rsre,2kQnsbKnIiMahOetwlfcaS
6brwAQ6P9ypRb7S8IvtYcx,09kXLeOXRyfNQMXRaDO4qA
2ktg2oZDyFAX3iY1QNkXl5,57LYzLEk2LcFghVwuWbcuS
3ri08lx68DvAbQuqLuZoFM,1cZQSpDsxgKIX2yW5OR9Ot
0aSW5EMeNnQSMJQ8QN3zIW,0cGUm45nv7Z6M6qdXYQGTX
18Zr5WWu7X9LVool3pJRum,2uYWxilOVlUdk4oV9DvwqK
0UJQB3zM4ZtwndkjFQVJjK,0Ns29jDBaYI2wbHvTR1B9j
4k6hX9RKD096K1NCjjJZLc,0cGUm45nv7Z6M6qdXYQGTX
4k6hX9RKD096K1NCjjJZLc,3UVRliakQfa1pMWIsNuiZ8
67H8U1DqJMTv9vCg7P95uR,4SqTiwOEdYrNayaGMkc7ia
4wiACE1Lc7PNBglGoA6Ura,0DtXHIvJ8NWBg5pGvsgWnR
6dJ6jS0YAYWiyKS5krG6Oo,0oBsnAC3fzYkTHF3bkfNx6
7cLm450e9XaPrEZTSTsfwU,1o2NpYGqHiCq7FoiYdyd1x
7cLm450e9XaPrEZTSTsfwU,4IVAbR2w4JJNJDDRFP3E83
19woxaSpjOefa2JnAOoqW5,7tYKF4w9nC0nq9CsPZTHyP
4h6ViRoztTBpWcJ1zFT9Zg,7tYKF4w9nC0nq9CsPZTHyP
2OvV4NjEBRE9v8Oo7QeUCq,0ZED1XzwlLHW4ZaG4lOT6m
2OvV4NjEBRE9v8Oo7QeUCq,6Xgp2XMz1fhVYe7i6yNAax
4qYHnP5AmKzXbJhciPV8si,48nwxUvPJZkm8uPa7xMzmj
3EFbnBUr70peMlk8g5XzT3,70kkdajctXSbqSMJbQO424
6nRvgo4ySezQKD1D7NIqAu,32vWCbZh0xZ4o9gkz4PsEU
3BQHpFgAp4l80e1XslIjNI,3WrFJ7ztbogyGnTHbHJFl2
6X9bzNEsiGl82OkEs0xR6X,6sFIWsNpZYqfjUpaCgueju
0zXXqCxifU2u8jfW2r4POb,66CXWjxzNUsdJxJ2JdwvnR
0zXXqCxifU2u8jfW2r4POb,4ylR3zwA0zaapAu94fktwa
5g6FCPU1r3C88vUsFtat16,1l8Fu6IkuTP0U5QetQJ5Xt
6yLX8QnxlnEqZfs3YKCfjF,6Q192DXotxtaysaqNPy5yR
3fMKnwiByu9yfeD5ISn9Et,0NIIxcxNHmOoyBx03SfTCD
6UYbfl9DezNycg2DCNcGQO,6Z4JcgqrqgysyHIPRtDIHo
2Cu5ExXidcoE4vF5hIYict,3Xt3RrJMFv5SZkCfUE8C1J
62V7d5KxK1FHRMnjlHSr9A,4vZBqD3QXrKiE3mZ6zHr22
10vkYRKw6Jjr7try1ir50G,3dkbV4qihUeMsqN4vBGg93
2AwCsgb9YMkjfe471IOEvf,77SW9BnxLY8rJ0RciFqkHh
1HfMVBKM75vxSfsQ5VefZ5,0C8ZW7ezQVs4URX5aX7Kqx
2RQAG0wQt35UzAPEyVJFWN,6vWDO969PvNqNYHIOW5v0m
2FNPJWVdGxYhWaotd6rULS,6vWDO969PvNqNYHIOW5v0m
0Nt3UdaA4KrHEUSNwq9nCI,3Y7RZ31TRPVadSFVy1o8os
2JonPpQM16rCfa8ZFrBemE,3Y7RZ31TRPVadSFVy1o8os
7oyZBFN3b4fwWocws5NBcY,3Y7RZ31TRPVadSFVy1o8os
4OtHGdb0KqEbaWb6edUnR9,0C8ZW7ezQVs4URX5aX7Kqx
2WdpN2wddjYW3y5YJhKwJy,3xPCFC8f7U3raEXOXQ3MrE
4zMmqb0pYwX6b0qc0slCoT,4lPl9gqgox3JDiaJ1yklKh
1ZMiCix7XSAbfAJlEZWMCp,6KImCVD70vtIoJWnq6nGn3
49PA9bPJb2lQPrxA4myVV5,1kMPdZQVdUhMDKDWOJM5iK
49PA9bPJb2lQPrxA4myVV5,4c2ighP1wj8E5dVGJDCOiB
3LRbalLzZcuvSR6jVnqclh,2joIhhX3Feq47H4QXVDOr3
7EOFeooPThcksfYYeeeLO5,6t2Rja6dihuxH6Mrgyynp6
7nKiLyUUSbNUwaoMBzBeQO,5a2w2tgpLwv26BYJf2qYwu
3PqfIzjdXFkes2nqnJZVyL,4oJsWKOJCNMfUbIpR2jk8Z
5Y1Hn0tt4w9QpTls6ukPRT,1LzWWI9v4UKdbBgz8fqi15
1x9ahz0ALGHgbN9wwDjmre,7G1GBhoKtEPnP86X2PvEYO
4PPsTW4dnB1W18QGT168XA,3Z9b1MnVKbJw8LpgQclsls
1xWH8zYtDeS9mW1JJG23VZ,66CXWjxzNUsdJxJ2JdwvnR
6euozmIGRL6aVin2ksJEJ2,66CXWjxzNUsdJxJ2JdwvnR
0pMfPzdRiPAoSM9yWF4OcT,70kkdajctXSbqSMJbQO424
3zEKbhms2GDJQXaOLZZjAH,3KedxarmBCyFBevnqQHy3P
3zEKbhms2GDJQXaOLZZjAH,2cWZOOzeOm4WmBJRnD5R7I
3zEKbhms2GDJQXaOLZZjAH,0cGUm45nv7Z6M6qdXYQGTX
6Hgh47WXVKtXN5zGOu0hjI,6LuN9FCkKOj5PcnpouEgny
6Hgh47WXVKtXN5zGOu0hjI,4IVAbR2w4JJNJDDRFP3E83
6Hgh47WXVKtXN5zGOu0hjI,7c0XG5cIJTrrAgEC3ULPiq
6j4w8O8gEseBUZTOo8vYMK,66CXWjxzNUsdJxJ2JdwvnR
4TZdeM7zelZGz6JPrXSEZ1,66CXWjxzNUsdJxJ2JdwvnR
6lsniCxgY5bSJLKrhX1qSN,3lDpdwM8KILepMHqBWUhIA
6lsniCxgY5bSJLKrhX1qSN,6LqNN22kT3074XbTVUrhzX
5Xn4IyTtW6FUGIUyWjbUHG,07YZf4WDAMNwqr4jfgOZ8y
5Xn4IyTtW6FUGIUyWjbUHG,1Cs0zKBU1kc0i8ypK3B9ai
5Xn4IyTtW6FUGIUyWjbUHG,0hCNtLu0JehylgoiP8L4Gh
5Xn4IyTtW6FUGIUyWjbUHG,4RSyJzf7ef6Iu2rnLdabNq
6Poyf51k7W3NKnsGwAI90B,0hCNtLu0JehylgoiP8L4Gh
6iOvnACn4ChlAw4lWUU4dd,5cj0lLjcoR7YOSnhnX0Po5
5N4erncE7kuUccm7zEmwzk,2X97ZAqRKRMYFIDqtvGgGc
5N4erncE7kuUccm7zEmwzk,6M2wZ9GZgrQXHCFfjv46we
5N4erncE7kuUccm7zEmwzk,5fMUXHkw8R8eOP2RNVYEZX
5N4erncE7kuUccm7zEmwzk,3hv9jJF3adDNsBSIQDqcjp
5aRZk9oWIYUB5alrTs8TTV,2FXC3k01G6Gw61bmprjgqS
0xIUsG9UrBgOOMtnRhpbG3,0AsThoR4KZSVktALiNcQwW
3ht2PBKbkqSJ0XEkQuNHnZ,2FMOHE79X98yptp4RpPrt7
228WTI8Os2uIgVJrMVO026,35GL8Cu2GKTcHzKGi75xl5
65OzTXP2Atva3eOmfKpKOP,1kh0AypxF3CxMMzmQyif2S
3yH0lPt0VXEWayVtkiBELO,1mKtlPrXjWK6oIdk9cSOjs
0heN9cMWnihHKO1Opk9krk,7wFDo161xYdeaiLz3KIHoM
3MBHhhVQiGLX28NolyIdY1,4iHNK0tOyZPYnBU7nGAgpQ
6qx5Oj3tfyvOYbaUq3e7YR,3ycxRkcZ67ALN3GQJ57Vig
6qx5Oj3tfyvOYbaUq3e7YR,2IEnjZsVDEPKUTxNinyqba
5DrPVWMUapjGznorkXTi24,0nnBZ8FXWjG9wZgM2cpfeb
2Uws5LNuLkvf9aR14UM3x2,2MuFzH1J5I6gGFYo2qhZmX
3psB8LAWdw813k9ZmLvjmZ,3TVXtAsR1Inumwj472S9r4
3psB8LAWdw813k9ZmLvjmZ,0hCNtLu0JehylgoiP8L4Gh
2Yer0p7uB2lVBUAtANuuQp,5UjifI1TYefXWn9GdqDOHl
2Yer0p7uB2lVBUAtANuuQp,6icQOAFXDZKsumw3YXyusw
0OgGn1ofaj55l2PcihQQGV,1ShZZUjkbXCjhwrb18BA8I
3G9zeErd0kMx012kmYUrm7,0tbeZu9lv8YEKSQ9tZSslu
6u1sN2DFrKZBDdkdb1L76X,1vaQ6v3pOFxAIrFoPrAcom
6qBjkG0b9r7tuVDFl68uiT,6LqNN22kT3074XbTVUrhzX
6qBjkG0b9r7tuVDFl68uiT,32vWCbZh0xZ4o9gkz4PsEU
2LHIwubgdCjbbBaoP9gkWB,59KQTERLpPa7M0F25fRH6V
2LHIwubgdCjbbBaoP9gkWB,7c0XG5cIJTrrAgEC3ULPiq
2LHIwubgdCjbbBaoP9gkWB,3tQx1LPXbsYjE9VwN1Peaa
41zXlQxzTi6cGAjpOXyLYH,6qqNVTkY8uBg9cP3Jd7DAH
3bCvljgYCvhAKyAYS8wdz3,3KedxarmBCyFBevnqQHy3P
44vRqc3avC18xRkKxOykYG,3KedxarmBCyFBevnqQHy3P
7JVfDagtyWy9bYsaf37H9K,2MuFzH1J5I6gGFYo2qhZmX
1nMULe4EavfF8SZHQ3Pag9,3ycxRkcZ67ALN3GQJ57Vig
1nMULe4EavfF8SZHQ3Pag9,3QTDHixorJelOLxoxcjqGx
5afUDcvcLUdt7Rn4FlSzIE,2NqeFgy0ual6Abk5hd0xxi
0PrWvpGA2x40gs53jche20,2NqeFgy0ual6Abk5hd0xxi
5IvdLxVB8gwwcgnEkXSSW2,55Aa2cqylxrFIXC767Z865
5IvdLxVB8gwwcgnEkXSSW2,0hCNtLu0JehylgoiP8L4Gh
3gFgp6Ofp808Kc2qLQiN5e,4ScCswdRlyA23odg9thgIO
4tWCc7B1vWkmaVTDv1OS1q,3KedxarmBCyFBevnqQHy3P
0rHNvTGmo3JRb3PgGvWles,0owrNlxvcLL8KI0U5sYBUb
0rHNvTGmo3JRb3PgGvWles,2ymLCgoeNHbhPDwMb3N3iQ
4HCcvFdHfwR2u3WPPPVRv6,2RP4pPHTXlQpDnO9LvR7Yt
5YUw6twdoSVpfEnMB0FGqL,2kxP07DLgs4xlWz8YHlvfh
4Pbg79cTBu4vgSphoyNq3j,1zNqDE7qDGCsyzJwohVaoX
6hs3SDnbO3f6VQuPO4KBEb,2M3vnW1p5w4uPRkLYTbvdB
2iPo6qr1P0xQDWgbLCAJ7t,3KedxarmBCyFBevnqQHy3P
2hAbbp7lGnXsfbj3INaAIA,5WRElKaZsn1tGnrgmJVAeO
5uQzUkYzaz3SiT0XtnxFPw,0u2FHSq3ln94y5Q57xazwf
52qH79XktzCUPkN0dlRbUs,3tQx1LPXbsYjE9VwN1Peaa
52qH79XktzCUPkN0dlRbUs,02kJSzxNuaWGqwubyUba0Z
5FTCKvxzqy72ceS4Ujux4N,5pKCCKE2ajJHZ9KAiaK11H
5FTCKvxzqy72ceS4Ujux4N,3TVXtAsR1Inumwj472S9r4
6tATRoq8sbvKFHzvMncBc3,0AsThoR4KZSVktALiNcQwW
5JptZmp8MP1eBkbQfPFX3r,2ymLCgoeNHbhPDwMb3N3iQ
6fTdcGsjxlAD9PSkoPaLMX,0ojcq9LJQWMawQdFDw3M0L
3AVE9qpiII7fyKjENTN8YI,6tUJpYN2aYiXbzAcg0pIOo
5ppjtLheLgMk3jtZXnNjC4,5KKpBU5eC2tJDzf0wmlRp2
5ppjtLheLgMk3jtZXnNjC4,1MIVXf74SZHmTIp4V4paH4
5ppjtLheLgMk3jtZXnNjC4,2ExGrw6XpbtUAJHTLtUXUD
7noud145AHZGg74vpWOsCa,7HkdQ0gt53LP4zmHsL0nap
79Mjfhh393dZdAsTvUFDR6,5rSXSAkZ67PYJSvpUpkOr7
0OnfGJsCc1m9utfUYqid6O,06HL4z0CvFAxyc27GXpf02
3XRosKfSgFSDIb6YVpApIl,4VA3EAvncrTucjTmrvd4GE
51uSdHnscXteAHobjelq6G,5qfkUSH3ip5dD2eEPhjkT3
6ktyYQc64vYADA2hoatSmp,2vm8GdHyrJh2O2MfbQFYG0
3LHYmz86DxGInsRp3wiiW5,0hCNtLu0JehylgoiP8L4Gh
0rmMciOccq9HDXeKOfkABd,3KedxarmBCyFBevnqQHy3P
78TTtXnFQPzwqlbtbwqN0y,5pKCCKE2ajJHZ9KAiaK11H
78TTtXnFQPzwqlbtbwqN0y,5K4W6rqBFWDnAN6FQUkS6x
78TTtXnFQPzwqlbtbwqN0y,4STHEaNw4mPZ2tzheohgXB
4mLkiFppf8Xvem6BSY34qw,66CXWjxzNUsdJxJ2JdwvnR
4mLkiFppf8Xvem6BSY34qw,2RdwBSPQiwcmiDo9kixcl8
1xWH8zYtDeS9mW1JJG23VZ,66CXWjxzNUsdJxJ2JdwvnR
5YeHLHDdQ4nKHk81XFWhCU,66CXWjxzNUsdJxJ2JdwvnR
7sPbp28sThpD4opAhQsMTx,66CXWjxzNUsdJxJ2JdwvnR
4vlnIIEJCooktVkmXtpjgZ,66CXWjxzNUsdJxJ2JdwvnR
6euozmIGRL6aVin2ksJEJ2,66CXWjxzNUsdJxJ2JdwvnR
228WTI8Os2uIgVJrMVO026,35GL8Cu2GKTcHzKGi75xl5
2U2Z1IXnmJIvlknWizFykZ,70kkdajctXSbqSMJbQO424
0pMfPzdRiPAoSM9yWF4OcT,70kkdajctXSbqSMJbQO424
38TgLPNHsPzgqri5G4SPun,0hCNtLu0JehylgoiP8L4Gh
38TgLPNHsPzgqri5G4SPun,2feDdbD5araYcm6JhFHHw7
38TgLPNHsPzgqri5G4SPun,7dGJo4pcD2V6oG8kP0tJRR
3zEKbhms2GDJQXaOLZZjAH,3KedxarmBCyFBevnqQHy3P
3zEKbhms2GDJQXaOLZZjAH,2cWZOOzeOm4WmBJRnD5R7I
3zEKbhms2GDJQXaOLZZjAH,0cGUm45nv7Z6M6qdXYQGTX
6Hgh47WXVKtXN5zGOu0hjI,6LuN9FCkKOj5PcnpouEgny
6Hgh47WXVKtXN5zGOu0hjI,4IVAbR2w4JJNJDDRFP3E83
6Hgh47WXVKtXN5zGOu0hjI,7c0XG5cIJTrrAgEC3ULPiq
40pjk9HXKCxFrsAhKwQKBJ,3qnGvpP8Yth1AqSBMqON5x
72Dd7GCaepMi8ktuXxmSZF,3qnGvpP8Yth1AqSBMqON5x
7n4V3coGLROMnCLNXz8JJe,0AsThoR4KZSVktALiNcQwW
4VLViQtnHrWrDdDoigG3dR,0AsThoR4KZSVktALiNcQwW
2CnH4xbQYq0RmCzf4HjlQZ,0AsThoR4KZSVktALiNcQwW
6iacLDB05P5i7uC1pSY7Wz,1l7ZsJRRS8wlW3WfJfPfNS
6iacLDB05P5i7uC1pSY7Wz,5XenQ7XfcvQdfIbpLEFaKQ
389hKTL3ZBPPWP3VuXfEyv,0cGUm45nv7Z6M6qdXYQGTX
389hKTL3ZBPPWP3VuXfEyv,6ly2Z6h9dOerORbK1l2N8D
4qQj5RXJk7zaz5EUIgs5y1,3ijd7T9kkzgvfx1az6Z3wj
4qQj5RXJk7zaz5EUIgs5y1,4ScCswdRlyA23odg9thgIO
7Ec5VCqrysMwRe9tFH61jK,1l7ZsJRRS8wlW3WfJfPfNS
10EdIGnkizaN7v1uYljTd7,1l7ZsJRRS8wlW3WfJfPfNS
10EdIGnkizaN7v1uYljTd7,60W5voThnCKW5p1iH3KjQZ
10EdIGnkizaN7v1uYljTd7,1OFOShsIbhy1l5x73yuVyB
76ZI8PbCa0QIactv5Hkkhg,1l7ZsJRRS8wlW3WfJfPfNS
083Qf6hn6sFL6xiOHlZUyn,4ScCswdRlyA23odg9thgIO
4F1yvJfQ7gJkrcgFJQDjOr,4qBgvVog0wzW75IQ48mU7v
4F1yvJfQ7gJkrcgFJQDjOr,0cGUm45nv7Z6M6qdXYQGTX
66YmH1Yfutdry1xN3mYune,07d5etnpjriczFBB8pxmRe
6XddLa3bdlJJQC6sImufdH,0NIIxcxNHmOoyBx03SfTCD
6XddLa3bdlJJQC6sImufdH,7c0XG5cIJTrrAgEC3ULPiq
6XddLa3bdlJJQC6sImufdH,6vXTefBL93Dj5IqAWq6OTv
36YutBq4lokWfRAFXJ6qrF,7aFTOGFDEqDtJUCziLVsVC
4jwP0pxx7su04FYc6J12EQ,16rCzZOMQX7P8Kmn5YKexI
0NTMtAO2BV4tnGvw9EgBVq,5pKCCKE2ajJHZ9KAiaK11H
1GAHIJ5a6AFbIW5yjrGdAz,4j5EnP4t2lSKolLuQh1xvn
1Omt5bfz1tZUCqd26HxbS0,3qnGvpP8Yth1AqSBMqON5x
0226tvCDy7lC9FouuAPGFT,0Hph7A15zcpBtLVMdQqJpw
0226tvCDy7lC9FouuAPGFT,6BaMQ00pgw8OFbRa2VY8YN
4A5xudYbdebL4Wl5pEjWPl,2QSPrJfYeRXaltEEiriXN9
5e9TFTbltYBg2xThimr0rU,08GQAI4eElDnROBrJRGE0X
13Gt4A1ZbYkZbfdQsjKGR6,1CgbNAF3Stnz1Tpipu3xdO
7gkWXbAxIYuvtOpcN3p9GJ,66CXWjxzNUsdJxJ2JdwvnR
4j3GWI86JvSaF0BLdmgcfF,73sIBHcqh3Z3NyqHKZ7FOL
6VpN3fL6LBIeAbRpGlJCII,2TLYSzGyVYkxAgYSCqUnQj
6VpN3fL6LBIeAbRpGlJCII,16rCzZOMQX7P8Kmn5YKexI
2dqg6jHb6ubKaXi4GbnYi0,30AzZL0valZQ62OIQiFWvk
5TVlcZRCVoJVi9OaDvGxEB,30DhU7BDmF4PH0JVhu8ZRg
44vRqc3avC18xRkKxOykYG,3KedxarmBCyFBevnqQHy3P
7sk73N1SgNZweS3ozl3NXs,6vWDO969PvNqNYHIOW5v0m
3xCsHloPBl211Yi4UEUUcm,74XFHRwlV6OrjEM0A2NCMF
5IUJbyH662qUfyjvI8hWWb,3KV3p5EY4AvKxOlhGHORLg
