id,name,followers_total,popularity,external_urls_spotify
4E2rKHVDssGJm2SCDOMMJB,Doechii,413243,69,https://open.spotify.com/artist/4E2rKHVDssGJm2SCDOMMJB
526q7RxT5KA1VGeQ5GMSHO,Craig Armstrong,81531,59,https://open.spotify.com/artist/526q7RxT5KA1VGeQ5GMSHO
5V7l2e1oLF7oSzpvdaDenk,Paul Bateman,1573,49,https://open.spotify.com/artist/5V7l2e1oLF7oSzpvdaDenk
0MvSBMGRQJY3mRwIbJsqF1,Royal Philharmonic Orchestra,146657,68,https://open.spotify.com/artist/0MvSBMGRQJY3mRwIbJsqF1
41MozSoPIsD1dJM0CLPjZF,BLACKPINK,47819813,82,https://open.spotify.com/artist/41MozSoPIsD1dJM0CLPjZF
5oifjQw72WO7Jut07fVWMy,KAYTRAMINÉ,118798,56,https://open.spotify.com/artist/5oifjQw72WO7Jut07fVWMy
3Gm5F95VdRxW3mqCn8RPBJ,Aminé,1920053,67,https://open.spotify.com/artist/3Gm5F95VdRxW3mqCn8RPBJ
6qgnBH6iDM91ipVXv28OMu,KAYTRANADA,1361682,69,https://open.spotify.com/artist/6qgnBH6iDM91ipVXv28OMu
2RdwBSPQiwcmiDo9kixcl8,Pharrell Williams,4355555,78,https://open.spotify.com/artist/2RdwBSPQiwcmiDo9kixcl8
5YGY8feqx7naU7z4HrwZM6,Miley Cyrus,23065043,84,https://open.spotify.com/artist/5YGY8feqx7naU7z4HrwZM6
1U1el3k54VvEUzo3ybLPlM,Kali Uchis,6327617,86,https://open.spotify.com/artist/1U1el3k54VvEUzo3ybLPlM
4Gso3d4CscCijv0lmajZWs,Don Toliver,3723881,81,https://open.spotify.com/artist/4Gso3d4CscCijv0lmajZWs
08GQAI4eElDnROBrJRGE0X,Fleetwood Mac,10951129,81,https://open.spotify.com/artist/08GQAI4eElDnROBrJRGE0X
1zJBFCev9UwOMcrZsLi2od,Lou Rawls,201376,51,https://open.spotify.com/artist/1zJBFCev9UwOMcrZsLi2od
4frXpPxQQZwbCu3eTGnZEw,Thundercat,1259101,70,https://open.spotify.com/artist/4frXpPxQQZwbCu3eTGnZEw
6vWDO969PvNqNYHIOW5v0m,Beyoncé,36569269,85,https://open.spotify.com/artist/6vWDO969PvNqNYHIOW5v0m
5INjqkS1o8h1imAzPqGZBb,Tame Impala,7317651,79,https://open.spotify.com/artist/5INjqkS1o8h1imAzPqGZBb
4iHNK0tOyZPYnBU7nGAgpQ,Mariah Carey,9643375,81,https://open.spotify.com/artist/4iHNK0tOyZPYnBU7nGAgpQ
1dIdBZaaHRW2bDTkHNfWln,The Veronicas,951785,55,https://open.spotify.com/artist/1dIdBZaaHRW2bDTkHNfWln
2pKRCZKuL3p3PDWMNCLAH8,FIG,12123,33,https://open.spotify.com/artist/2pKRCZKuL3p3PDWMNCLAH8
5Mq7iqCWBzofK39FBqblNc,Jessie Ware,752073,59,https://open.spotify.com/artist/5Mq7iqCWBzofK39FBqblNc
0s4kXsjYeH0S1xRyVGN4NO,FLO,274895,55,https://open.spotify.com/artist/0s4kXsjYeH0S1xRyVGN4NO
6ueGR6SWhUJfvEhqkvMsVs,Janelle Monáe,1433556,66,https://open.spotify.com/artist/6ueGR6SWhUJfvEhqkvMsVs
63XBtGSEZINSyXylZxEUbv,Victoria Monét,904543,69,https://open.spotify.com/artist/63XBtGSEZINSyXylZxEUbv
5Vuvs6Py2JRU7WiFDVsI7J,Lucky Daye,626124,64,https://open.spotify.com/artist/5Vuvs6Py2JRU7WiFDVsI7J
0GG2cWaonE4JPrjcCCQ1EG,SG Lewis,337979,60,https://open.spotify.com/artist/0GG2cWaonE4JPrjcCCQ1EG
7c0XG5cIJTrrAgEC3ULPiq,Ty Dolla $ign,4888268,79,https://open.spotify.com/artist/7c0XG5cIJTrrAgEC3ULPiq
74KM79TiuVKeVCqs8QtB0B,Sabrina Carpenter,7141608,81,https://open.spotify.com/artist/74KM79TiuVKeVCqs8QtB0B
2RP4pPHTXlQpDnO9LvR7Yt,Lianne La Havas,919672,55,https://open.spotify.com/artist/2RP4pPHTXlQpDnO9LvR7Yt
7GN9PivdemQRKjDt4z5Zv8,The Internet,1369428,59,https://open.spotify.com/artist/7GN9PivdemQRKjDt4z5Zv8
1McMsnEElThX1knmY4oliG,Olivia Rodrigo,32352029,88,https://open.spotify.com/artist/1McMsnEElThX1knmY4oliG
4V8LLVI7PbaPR0K2TGSxFF,"Tyler, The Creator",13923667,84,https://open.spotify.com/artist/4V8LLVI7PbaPR0K2TGSxFF
6HvZYsbFfjnjFrWF950C9d,NewJeans,7071321,82,https://open.spotify.com/artist/6HvZYsbFfjnjFrWF950C9d
28ExwzUQsvgJooOI0X1mr3,Jay Rock,1458442,71,https://open.spotify.com/artist/28ExwzUQsvgJooOI0X1mr3
3jK9MiCrA42lLAdMGUZpwa,Anderson .Paak,2451771,76,https://open.spotify.com/artist/3jK9MiCrA42lLAdMGUZpwa
3MdXrJWsbVzdn6fe5JYkSQ,Latto,1423588,79,https://open.spotify.com/artist/3MdXrJWsbVzdn6fe5JYkSQ
4Ui2kfOqGujY81UcPrb5KE,HAIM,1307556,65,https://open.spotify.com/artist/4Ui2kfOqGujY81UcPrb5KE
3zpSQnEEaXrh1gnzKbyDfX,Megan McCormick,622,9,https://open.spotify.com/artist/3zpSQnEEaXrh1gnzKbyDfX
5cMVRrisBpDkXCVG48epED,Jenny Lewis,190725,46,https://open.spotify.com/artist/5cMVRrisBpDkXCVG48epED
4wLAjfeqAsV66AocWNcowA,Buju Banton,578178,56,https://open.spotify.com/artist/4wLAjfeqAsV66AocWNcowA
0ldU0QJm31y0d6f57R1G2A,Oscar Peterson Trio,185013,57,https://open.spotify.com/artist/0ldU0QJm31y0d6f57R1G2A
3DtSOCXYU6o4EV0K1NgIKq,Art Tatum,156121,45,https://open.spotify.com/artist/3DtSOCXYU6o4EV0K1NgIKq
5V0MlUE1Bft0mbLlND7FJz,Ella Fitzgerald,2409191,72,https://open.spotify.com/artist/5V0MlUE1Bft0mbLlND7FJz
0NB5HROxc8dDBXpkIi1v3d,Remi Wolf,431582,62,https://open.spotify.com/artist/0NB5HROxc8dDBXpkIi1v3d
1l8Fu6IkuTP0U5QetQJ5Xt,Fifth Harmony,16128283,68,https://open.spotify.com/artist/1l8Fu6IkuTP0U5QetQJ5Xt
7v4imS0moSyGdXyLgVTIV7,Nat King Cole,2175805,75,https://open.spotify.com/artist/7v4imS0moSyGdXyLgVTIV7
1eEfMU2AhEo7XnKgL7c304,Carpenters,3075518,69,https://open.spotify.com/artist/1eEfMU2AhEo7XnKgL7c304
6Ff53KvcvAj5U7Z1vojB5o,*NSYNC,2243702,71,https://open.spotify.com/artist/6Ff53KvcvAj5U7Z1vojB5o
6XpaIBNiVzIetEPCWDvAFP,Whitney Houston,9820616,75,https://open.spotify.com/artist/6XpaIBNiVzIetEPCWDvAFP
1AwO9pWEBSBoWdEZu28XDC,Eartha Kitt,176952,62,https://open.spotify.com/artist/1AwO9pWEBSBoWdEZu28XDC
6Q192DXotxtaysaqNPy5yR,Amy Winehouse,8536121,75,https://open.spotify.com/artist/6Q192DXotxtaysaqNPy5yR
4cPHsZM98sKzmV26wlwD2W,Brenda Lee,371525,72,https://open.spotify.com/artist/4cPHsZM98sKzmV26wlwD2W
6JL8zeS1NmiOftqZTRgdTz,Meghan Trainor,14464103,77,https://open.spotify.com/artist/6JL8zeS1NmiOftqZTRgdTz
32vWCbZh0xZ4o9gkz4PsEU,Dolly Parton,2355468,72,https://open.spotify.com/artist/32vWCbZh0xZ4o9gkz4PsEU
5W5bDNCqJ1jbCgTxDD0Cb3,Willie Nelson,2104015,70,https://open.spotify.com/artist/5W5bDNCqJ1jbCgTxDD0Cb3
5lpH0xAS4fVfLkACg9DAuM,Wham!,2625787,75,https://open.spotify.com/artist/5lpH0xAS4fVfLkACg9DAuM
66CXWjxzNUsdJxJ2JdwvnR,Ariana Grande,95601809,90,https://open.spotify.com/artist/66CXWjxzNUsdJxJ2JdwvnR
7gW0r5CkdEUMm42w9XpyZO,Laufey,2751673,79,https://open.spotify.com/artist/7gW0r5CkdEUMm42w9XpyZO
2iE18Oxc8YSumAU232n4rW,The Jackson 5,1470533,69,https://open.spotify.com/artist/2iE18Oxc8YSumAU232n4rW
3BmGtnKgCSGYIUhmivXKWX,Kelly Clarkson,10283012,77,https://open.spotify.com/artist/3BmGtnKgCSGYIUhmivXKWX
6ZjFtWeHP9XN7FeKSUe80S,Bing Crosby,495543,75,https://open.spotify.com/artist/6ZjFtWeHP9XN7FeKSUe80S
2NCGI6dLTxLdI9XHdv7QfM,The Andrews Sisters,194596,64,https://open.spotify.com/artist/2NCGI6dLTxLdI9XHdv7QfM
5Gejwv3xz2DpLcxVpMD6hL,Thurl Ravenscroft,7214,57,https://open.spotify.com/artist/5Gejwv3xz2DpLcxVpMD6hL
2GEW6nJjHKAFyqnsE3TdWx,Zooey Deschanel,39350,57,https://open.spotify.com/artist/2GEW6nJjHKAFyqnsE3TdWx
7hYKC5uBED0V5rpKQkqgQ5,Leon Redbone,29262,43,https://open.spotify.com/artist/7hYKC5uBED0V5rpKQkqgQ5
7K78lVZ8XzkjfRSI7570FF,José Feliciano,384254,69,https://open.spotify.com/artist/7K78lVZ8XzkjfRSI7570FF
6VUdDU44uo3KwSHc9lAEFE,The Clark Sisters,285066,40,https://open.spotify.com/artist/6VUdDU44uo3KwSHc9lAEFE
5NDMothbpdpq2xHqSjrrWn,Faith Evans,1598241,64,https://open.spotify.com/artist/5NDMothbpdpq2xHqSjrrWn
6O74knDqdv3XaWtkII7Xjp,Boyz II Men,2935381,66,https://open.spotify.com/artist/6O74knDqdv3XaWtkII7Xjp
0urTpYCsixqZwgNTkPJOJ4,Aaliyah,4160777,67,https://open.spotify.com/artist/0urTpYCsixqZwgNTkPJOJ4
2cWZOOzeOm4WmBJRnD5R7I,Normani,2592229,67,https://open.spotify.com/artist/2cWZOOzeOm4WmBJRnD5R7I
4kYSro6naA4h99UJvo89HB,Cardi B,23104142,79,https://open.spotify.com/artist/4kYSro6naA4h99UJvo89HB
6GI52t8N5F02MxU0g5U69P,Santana,3240359,69,https://open.spotify.com/artist/6GI52t8N5F02MxU0g5U69P
782IpIScTpnDhYb9hyxOu1,The Product G&B,4411,59,https://open.spotify.com/artist/782IpIScTpnDhYb9hyxOu1
0QHgL1lAIqAw0HtD7YldmP,DJ Khaled,10921220,75,https://open.spotify.com/artist/0QHgL1lAIqAw0HtD7YldmP
5pKCCKE2ajJHZ9KAiaK11H,Rihanna,58862304,89,https://open.spotify.com/artist/5pKCCKE2ajJHZ9KAiaK11H
2EMAnMvWE2eb56ToJVfCWs,Bryson Tiller,7868670,79,https://open.spotify.com/artist/2EMAnMvWE2eb56ToJVfCWs
5wLCYIHgd7kXSFEf1oOh8R,Ace Spectrum,4349,26,https://open.spotify.com/artist/5wLCYIHgd7kXSFEf1oOh8R
1m24736Bdew1oQVxTePOCo,Tom Tom Club,148794,45,https://open.spotify.com/artist/1m24736Bdew1oQVxTePOCo
57AKOY1SF1062tuVzgAPv8,The Waitresses,20779,49,https://open.spotify.com/artist/57AKOY1SF1062tuVzgAPv8
6gYjIUFuKIBVJfxXnmrd5P,Carl Carlton,22844,46,https://open.spotify.com/artist/6gYjIUFuKIBVJfxXnmrd5P
08PvCOlef4xdOr20jFSTPd,Flo Milli,804169,74,https://open.spotify.com/artist/08PvCOlef4xdOr20jFSTPd
246dkjvS1zLTtiykXe5h60,Post Malone,43178052,87,https://open.spotify.com/artist/246dkjvS1zLTtiykXe5h60
5cj0lLjcoR7YOSnhnX0Po5,Doja Cat,28418226,88,https://open.spotify.com/artist/5cj0lLjcoR7YOSnhnX0Po5
7CajNmpbOovFoOoasH2HaY,Calvin Harris,22954335,84,https://open.spotify.com/artist/7CajNmpbOovFoOoasH2HaY
6M2wZ9GZgrQXHCFfjv46we,Dua Lipa,42628130,87,https://open.spotify.com/artist/6M2wZ9GZgrQXHCFfjv46we
50co4Is1HCEo8bhOyUWKpn,Young Thug,9440617,84,https://open.spotify.com/artist/50co4Is1HCEo8bhOyUWKpn
0DbBBj0ScPumRqKXswGQH1,Cookiee Kawaii,90628,48,https://open.spotify.com/artist/0DbBBj0ScPumRqKXswGQH1
0NnoRcD3WkqC9aouHyE8YY,Trey Parker,20328,46,https://open.spotify.com/artist/0NnoRcD3WkqC9aouHyE8YY
6KImCVD70vtIoJWnq6nGn3,Harry Styles,31000628,84,https://open.spotify.com/artist/6KImCVD70vtIoJWnq6nGn3
2CuzDPkRD6BJBvdWqCrt2I,Musical Youth,77769,51,https://open.spotify.com/artist/2CuzDPkRD6BJBvdWqCrt2I
3wcj11K77LjEY1PkEazffa,Burna Boy,7916270,79,https://open.spotify.com/artist/3wcj11K77LjEY1PkEazffa
5CXdWANGwYYRPClH6hhC0P,Kid Bloom,190713,52,https://open.spotify.com/artist/5CXdWANGwYYRPClH6hhC0P
4QQgXkCYTt3BlENzhyNETg,"Earth, Wind & Fire",4141947,72,https://open.spotify.com/artist/4QQgXkCYTt3BlENzhyNETg
3TVXtAsR1Inumwj472S9r4,Drake,84233555,96,https://open.spotify.com/artist/3TVXtAsR1Inumwj472S9r4
4q3ewBCX7sLwd24euuV69X,Bad Bunny,78653550,95,https://open.spotify.com/artist/4q3ewBCX7sLwd24euuV69X
5n9bMYfz9qss2VOW89EVs2,Bomba Estéreo,1052146,68,https://open.spotify.com/artist/5n9bMYfz9qss2VOW89EVs2
1kMPdZQVdUhMDKDWOJM5iK,Tkay Maidza,194111,53,https://open.spotify.com/artist/1kMPdZQVdUhMDKDWOJM5iK
5qfkUSH3ip5dD2eEPhjkT3,Kyle Dion,213794,47,https://open.spotify.com/artist/5qfkUSH3ip5dD2eEPhjkT3
3xPCFC8f7U3raEXOXQ3MrE,Left at London,51591,31,https://open.spotify.com/artist/3xPCFC8f7U3raEXOXQ3MrE
1XkoF8ryArs86LZvFOkbyr,Mary J. Blige,3719820,70,https://open.spotify.com/artist/1XkoF8ryArs86LZvFOkbyr
3AuMNF8rQAKOzjYppFNAoB,Kelly Rowland,3472799,68,https://open.spotify.com/artist/3AuMNF8rQAKOzjYppFNAoB
0tbeZu9lv8YEKSQ9tZSslu,Amber Mark,408045,56,https://open.spotify.com/artist/0tbeZu9lv8YEKSQ9tZSslu
4UYsrMSqpG1Sgj2TFesI41,BaBa,22371,35,https://open.spotify.com/artist/4UYsrMSqpG1Sgj2TFesI41
7tYKF4w9nC0nq9CsPZTHyP,SZA,17177142,89,https://open.spotify.com/artist/7tYKF4w9nC0nq9CsPZTHyP
6sFIWsNpZYqfjUpaCgueju,Carly Rae Jepsen,5007722,71,https://open.spotify.com/artist/6sFIWsNpZYqfjUpaCgueju
3fmMaLC5jjf2N4EC2kTx0u,Hermitude,257874,50,https://open.spotify.com/artist/3fmMaLC5jjf2N4EC2kTx0u
6PDLwWvgYNMfBRLqC1h5cJ,Buddy,236691,55,https://open.spotify.com/artist/6PDLwWvgYNMfBRLqC1h5cJ
07d5etnpjriczFBB8pxmRe,BJ The Chicago Kid,443566,59,https://open.spotify.com/artist/07d5etnpjriczFBB8pxmRe
4LXBFNxqvOcdBVpbgKn6op,iyla,111591,47,https://open.spotify.com/artist/4LXBFNxqvOcdBVpbgKn6op
1URnnhqYAYcrqrcwql10ft,21 Savage,16760379,92,https://open.spotify.com/artist/1URnnhqYAYcrqrcwql10ft
181bsRPaVXVlUKXrxwZfHK,Megan Thee Stallion,8450469,77,https://open.spotify.com/artist/181bsRPaVXVlUKXrxwZfHK
78rUTD7y6Cy67W1RVzYs7t,PinkPantheress,2920909,77,https://open.spotify.com/artist/78rUTD7y6Cy67W1RVzYs7t
07UJz804RJxqNvxFXC3h9H,Sam Gellaitry,137036,55,https://open.spotify.com/artist/07UJz804RJxqNvxFXC3h9H
2MPHBxznH1fj59jbOWY38u,Sudan Archives,242051,47,https://open.spotify.com/artist/2MPHBxznH1fj59jbOWY38u
2JfVCMa3FlvQRlLT5uH9zb,Nancy Wilson,213722,53,https://open.spotify.com/artist/2JfVCMa3FlvQRlLT5uH9zb
61677A13kBwbTfqECI65p8,DIXSON,16228,34,https://open.spotify.com/artist/61677A13kBwbTfqECI65p8
0NIIxcxNHmOoyBx03SfTCD,Tinashe,2677115,66,https://open.spotify.com/artist/0NIIxcxNHmOoyBx03SfTCD
4fpTMHe34LC5t3h5ztK8qu,The Carters,1619617,53,https://open.spotify.com/artist/4fpTMHe34LC5t3h5ztK8qu
3jk39CGeaaSO3FPKNx1RUx,Syd,568830,64,https://open.spotify.com/artist/3jk39CGeaaSO3FPKNx1RUx
7gSjFKpVmDgC2MMsnN8CYq,Jazmine Sullivan,2036056,61,https://open.spotify.com/artist/7gSjFKpVmDgC2MMsnN8CYq
1ooV8YZC1KbpEcrmI8WH0F,Yebba,462844,66,https://open.spotify.com/artist/1ooV8YZC1KbpEcrmI8WH0F
5FxD8fkQZ6KcsSYupDVoSO,Omar Apollo,931316,68,https://open.spotify.com/artist/5FxD8fkQZ6KcsSYupDVoSO
4wXchxfTTggLtzkoUhO86Q,Soccer Mommy,367203,51,https://open.spotify.com/artist/4wXchxfTTggLtzkoUhO86Q
7MoIc5s9KXolCBH1fy9kkw,Japanese Breakfast,677081,56,https://open.spotify.com/artist/7MoIc5s9KXolCBH1fy9kkw
0cGUm45nv7Z6M6qdXYQGTX,Kehlani,7445679,72,https://open.spotify.com/artist/0cGUm45nv7Z6M6qdXYQGTX
0Ek89uaJyo6NfWK22awFvI,VanJess,164620,46,https://open.spotify.com/artist/0Ek89uaJyo6NfWK22awFvI
7aFTOGFDEqDtJUCziLVsVC,Nao,643059,54,https://open.spotify.com/artist/7aFTOGFDEqDtJUCziLVsVC
4ClziihVpBeFXNyDH83Lde,UMI,978355,71,https://open.spotify.com/artist/4ClziihVpBeFXNyDH83Lde
0HthCchcL0kVLHTr113Vk1,mxmtoon,1887213,63,https://open.spotify.com/artist/0HthCchcL0kVLHTr113Vk1
4rljPSpCHQzUJMNOvmw1DL,Dana Williams,25764,47,https://open.spotify.com/artist/4rljPSpCHQzUJMNOvmw1DL
06Iig2bqY8mv98B1c9Iyo8,The Mary Onettes,17884,27,https://open.spotify.com/artist/06Iig2bqY8mv98B1c9Iyo8
4UpA1KitN1RgIZVyWDbZ0U,DOMi & JD BECK,157170,46,https://open.spotify.com/artist/4UpA1KitN1RgIZVyWDbZ0U
6tpaMMCs8X6o8j9H5OmWmT,Yaya Bey,77220,57,https://open.spotify.com/artist/6tpaMMCs8X6o8j9H5OmWmT
6l7R1jntPahGxwJt7Tky8h,Obongjayar,87111,62,https://open.spotify.com/artist/6l7R1jntPahGxwJt7Tky8h
6O5k8LLRfDK8v9jj1GazAQ,Nubya Garcia,100369,37,https://open.spotify.com/artist/6O5k8LLRfDK8v9jj1GazAQ
3PRli833wyTmzJrKQGNOKj,Terence Etc.,4845,18,https://open.spotify.com/artist/3PRli833wyTmzJrKQGNOKj
1vaQ6v3pOFxAIrFoPrAcom,Ari Lennox,735483,62,https://open.spotify.com/artist/1vaQ6v3pOFxAIrFoPrAcom
57LYzLEk2LcFghVwuWbcuS,Summer Walker,5947425,79,https://open.spotify.com/artist/57LYzLEk2LcFghVwuWbcuS
4596e2d3KmYzAeVenjCxfj,Free Nationals,275525,61,https://open.spotify.com/artist/4596e2d3KmYzAeVenjCxfj
2oZcMYiKpjaA2Et5mU3RPP,Chronixx,523019,59,https://open.spotify.com/artist/2oZcMYiKpjaA2Et5mU3RPP
4A2ptrgQSJtQrbfltEpoCR,Jst Ray,251,21,https://open.spotify.com/artist/4A2ptrgQSJtQrbfltEpoCR
74CcYmmNeHKe5PrZaISk8e,Hope Tala,161179,49,https://open.spotify.com/artist/74CcYmmNeHKe5PrZaISk8e
7ltDVBr6mKbRvohxheJ9h1,ROSALÍA,8082091,78,https://open.spotify.com/artist/7ltDVBr6mKbRvohxheJ9h1
1Xyo4u8uXC1ZmMpatF05PJ,The Weeknd,78224775,95,https://open.spotify.com/artist/1Xyo4u8uXC1ZmMpatF05PJ
3wws8s15DuuQWiG2xct414,Chris Crack,26225,41,https://open.spotify.com/artist/3wws8s15DuuQWiG2xct414
3sGyf3EDcvQ4PB9AGIg84M,OSHUN,144608,34,https://open.spotify.com/artist/3sGyf3EDcvQ4PB9AGIg84M
6atGQM99IrRfUefJFore1B,Junglepussy,181917,38,https://open.spotify.com/artist/6atGQM99IrRfUefJFore1B
3sHS70DMNgPxRqx2fUNrRA,QUIN,43642,43,https://open.spotify.com/artist/3sHS70DMNgPxRqx2fUNrRA
6qQANHDxlpq5OEz47UBzMJ,Aliah Sheffield,13168,31,https://open.spotify.com/artist/6qQANHDxlpq5OEz47UBzMJ
6YJmIS23jxjp6Edi2zTPzn,Ana Mazzotti,9692,34,https://open.spotify.com/artist/6YJmIS23jxjp6Edi2zTPzn
6nB0iY1cjSY1KyhYyuIIKH,FKA twigs,1192451,60,https://open.spotify.com/artist/6nB0iY1cjSY1KyhYyuIIKH
1anAI9P9iSzc9qzLv6AtHZ,Sure Sure,125396,50,https://open.spotify.com/artist/1anAI9P9iSzc9qzLv6AtHZ
1JspXUvEv3D9ddMeLNqYWj,flowerovlove,51722,48,https://open.spotify.com/artist/1JspXUvEv3D9ddMeLNqYWj
2wIVse2owClT7go1WT98tk,Missy Elliott,2374593,70,https://open.spotify.com/artist/2wIVse2owClT7go1WT98tk
581C5Qwl87TskfBEzuoisu,Cafuné,232842,65,https://open.spotify.com/artist/581C5Qwl87TskfBEzuoisu
3M3wTTCDwicRubwMyHyEDy,Shygirl,233130,55,https://open.spotify.com/artist/3M3wTTCDwicRubwMyHyEDy
2RqrWplViWHSGLzlhmDcbt,Yaeji,407757,50,https://open.spotify.com/artist/2RqrWplViWHSGLzlhmDcbt
3J0BpFVUc9LeOIVeN5uNhU,Lauren Jauregui,1282762,52,https://open.spotify.com/artist/3J0BpFVUc9LeOIVeN5uNhU
5SHgclK1ZpTdfdAmXW7J6s,The Last Dinner Party,152590,61,https://open.spotify.com/artist/5SHgclK1ZpTdfdAmXW7J6s
6PgkNi6EyAfgiKtFwAwvbH,Hailey Knox,93091,44,https://open.spotify.com/artist/6PgkNi6EyAfgiKtFwAwvbH
3uX1tstdmFJyxW9b5mSNlU,Automatic,54152,41,https://open.spotify.com/artist/3uX1tstdmFJyxW9b5mSNlU
2qnpHrOzdmOo1S4ox3j17x,Turnstile,498526,59,https://open.spotify.com/artist/2qnpHrOzdmOo1S4ox3j17x
65dGLGjkw3UbddUg2GKQoZ,BADBADNOTGOOD,730079,61,https://open.spotify.com/artist/65dGLGjkw3UbddUg2GKQoZ
6LEeAFiJF8OuPx747e1wxR,Blood Orange,831440,60,https://open.spotify.com/artist/6LEeAFiJF8OuPx747e1wxR
6xKRT9Uw0XOxNsmWX2vNBr,Dana and Alden,36947,47,https://open.spotify.com/artist/6xKRT9Uw0XOxNsmWX2vNBr
7nv9u1rH0xrKytpgKfDKfz,Cinya Khan,5048,32,https://open.spotify.com/artist/7nv9u1rH0xrKytpgKfDKfz
3MM3uKNdJbvefUael12dl3,Rochelle Jordan,48764,52,https://open.spotify.com/artist/3MM3uKNdJbvefUael12dl3
2kQnsbKnIiMahOetwlfcaS,Raveena,500878,54,https://open.spotify.com/artist/2kQnsbKnIiMahOetwlfcaS
4cUkGQyhLFqKHBtL58HYVp,Channel Tres,291849,61,https://open.spotify.com/artist/4cUkGQyhLFqKHBtL58HYVp
0DtXHIvJ8NWBg5pGvsgWnR,Leikeli47,264833,45,https://open.spotify.com/artist/0DtXHIvJ8NWBg5pGvsgWnR
3ycxRkcZ67ALN3GQJ57Vig,Masego,1276004,69,https://open.spotify.com/artist/3ycxRkcZ67ALN3GQJ57Vig
1A9o3Ljt67pFZ89YtPPL5X,Snoh Aalegra,1138696,65,https://open.spotify.com/artist/1A9o3Ljt67pFZ89YtPPL5X
4VA3EAvncrTucjTmrvd4GE,LION BABE,208923,45,https://open.spotify.com/artist/4VA3EAvncrTucjTmrvd4GE
21C9Dbg9CD3Dv8NaD7iW8e,BbyMutha,110877,34,https://open.spotify.com/artist/21C9Dbg9CD3Dv8NaD7iW8e
43UmVQp9qZILibJ5vHq21k,Austin Millz,114411,51,https://open.spotify.com/artist/43UmVQp9qZILibJ5vHq21k
5ITI6SEoUZMIXXkzCfr4oE,Aluna,71221,62,https://open.spotify.com/artist/5ITI6SEoUZMIXXkzCfr4oE
0dUYLC7DLjeS8gIh8cz2Pq,Jenevieve,159592,52,https://open.spotify.com/artist/0dUYLC7DLjeS8gIh8cz2Pq
2HVYZvpEGdadr91TCxyPW2,Benziboy,128,26,https://open.spotify.com/artist/2HVYZvpEGdadr91TCxyPW2
1ewyVtTZBqFYWIcepopRhp,Joey Purp,136615,47,https://open.spotify.com/artist/1ewyVtTZBqFYWIcepopRhp
58hqTaCiqGrMsNmmm3qL7w,Bree Runway,146479,48,https://open.spotify.com/artist/58hqTaCiqGrMsNmmm3qL7w
1MaWvJ5Y0Na24KMG79WxDU,Zenizen,1032,3,https://open.spotify.com/artist/1MaWvJ5Y0Na24KMG79WxDU
0Adbm5kzcPUxFybf9fhjgG,Coco & Breezy,16340,44,https://open.spotify.com/artist/0Adbm5kzcPUxFybf9fhjgG
5d6YpWfrSRRZBTgfLt0xcz,Tara Carosielli,19459,40,https://open.spotify.com/artist/5d6YpWfrSRRZBTgfLt0xcz
6I3MElirhT5t6Kf7p0hGk9,Duckwrth,442833,59,https://open.spotify.com/artist/6I3MElirhT5t6Kf7p0hGk9
6GaWtlUT3oavD9SEzhZrA1,Shaun Ross,5406,43,https://open.spotify.com/artist/6GaWtlUT3oavD9SEzhZrA1
5Q81rlcTFh3k6DQJXPdsot,Mura Masa,663397,60,https://open.spotify.com/artist/5Q81rlcTFh3k6DQJXPdsot
4dHH0sPGUjJcRXffp9nr1e,LEILAH,2479,34,https://open.spotify.com/artist/4dHH0sPGUjJcRXffp9nr1e
0SVz62vUjHKkbVOgoTK4Ze,Jordan Stephens,14375,36,https://open.spotify.com/artist/0SVz62vUjHKkbVOgoTK4Ze
2fOvE1l01YyORhYzwoaLCM,Miraa May,58856,48,https://open.spotify.com/artist/2fOvE1l01YyORhYzwoaLCM
7bcjgJLky9kVQ4GcrQTibn,Grace Kelly,19950,36,https://open.spotify.com/artist/7bcjgJLky9kVQ4GcrQTibn
5RTLRtXjbXI2lSXc6jxlAz,Ravyn Lenae,409069,53,https://open.spotify.com/artist/5RTLRtXjbXI2lSXc6jxlAz
3WGpXCj9YhhfX11TToZcXP,Troye Sivan,8095235,79,https://open.spotify.com/artist/3WGpXCj9YhhfX11TToZcXP
1HxfCTl07FhRiJN9jY9kX3,87dance,21293,33,https://open.spotify.com/artist/1HxfCTl07FhRiJN9jY9kX3
6Q7cg6qByDmYzJ6Xs4oTXC,quinn_,1267,11,https://open.spotify.com/artist/6Q7cg6qByDmYzJ6Xs4oTXC
25uiPmTg16RbhZWAqwLBy5,Charli XCX,3042883,74,https://open.spotify.com/artist/25uiPmTg16RbhZWAqwLBy5
2KEqzdPS7M5YwGmiuPTdr5,Rina Sawayama,1002096,59,https://open.spotify.com/artist/2KEqzdPS7M5YwGmiuPTdr5
4fd3n8zcAmsG2up1QWDNj5,Muzi,22427,36,https://open.spotify.com/artist/4fd3n8zcAmsG2up1QWDNj5
6HwxMgE895sejjGFin9Gvm,Samthing Soweto,714376,45,https://open.spotify.com/artist/6HwxMgE895sejjGFin9Gvm
22KyrgRdE2K6aB5wtZls3c,AG Club,114519,45,https://open.spotify.com/artist/22KyrgRdE2K6aB5wtZls3c
68kEuyFKyqrdQQLLsmiatm,Vince Staples,1824385,66,https://open.spotify.com/artist/68kEuyFKyqrdQQLLsmiatm
4kIwETcbpuFgRukE8o7Opx,Arlo Parks,587902,61,https://open.spotify.com/artist/4kIwETcbpuFgRukE8o7Opx
1ybINI1qPiFbwDXamRtwxD,Smino,893063,66,https://open.spotify.com/artist/1ybINI1qPiFbwDXamRtwxD
0Wwji82sLA0Hcvtuak3omb,AUDREY NUNA,202460,46,https://open.spotify.com/artist/0Wwji82sLA0Hcvtuak3omb
2LIk90788K0zvyj2JJVwkJ,Jack Harlow,3475159,85,https://open.spotify.com/artist/2LIk90788K0zvyj2JJVwkJ
7Hjbimq43OgxaBRpFXic4x,Saba,733476,61,https://open.spotify.com/artist/7Hjbimq43OgxaBRpFXic4x
2pgUIUzteEqbNGO4v7kiJB,Ru AREYOU,1951,13,https://open.spotify.com/artist/2pgUIUzteEqbNGO4v7kiJB
4lPl9gqgox3JDiaJ1yklKh,Tierra Whack,473978,57,https://open.spotify.com/artist/4lPl9gqgox3JDiaJ1yklKh
1YfEcTuGvBQ8xSD1f53UnK,Busta Rhymes,2636180,71,https://open.spotify.com/artist/1YfEcTuGvBQ8xSD1f53UnK
6cK3NBO6uP7hh0oyuVELFl,Saweetie,2059753,69,https://open.spotify.com/artist/6cK3NBO6uP7hh0oyuVELFl
3Y7RZ31TRPVadSFVy1o8os,H.E.R.,7173455,74,https://open.spotify.com/artist/3Y7RZ31TRPVadSFVy1o8os
64H8UqGLbJFHwKtGxiV8OP,THE ANXIETY,167779,58,https://open.spotify.com/artist/64H8UqGLbJFHwKtGxiV8OP
3rWZHrfrsPBxVy692yAIxF,WILLOW,2413634,70,https://open.spotify.com/artist/3rWZHrfrsPBxVy692yAIxF
1xoxekeb8jUVHKJB7m6bfg,Tyler Cole,30625,58,https://open.spotify.com/artist/1xoxekeb8jUVHKJB7m6bfg
6XS2GPyMwHEgAn0VspnhMf,Asha Puthli,16196,30,https://open.spotify.com/artist/6XS2GPyMwHEgAn0VspnhMf
0Eee47Sroig9UczLZGtyVn,TWEAKS,7046,35,https://open.spotify.com/artist/0Eee47Sroig9UczLZGtyVn
4c2ighP1wj8E5dVGJDCOiB,Kari Faux,130536,44,https://open.spotify.com/artist/4c2ighP1wj8E5dVGJDCOiB
7rXMvXRnWHaSwnVvPeUUfw,Gloria Groove,3030885,68,https://open.spotify.com/artist/7rXMvXRnWHaSwnVvPeUUfw
3aQeKQSyrW4qWr35idm0cy,T-Pain,4634760,77,https://open.spotify.com/artist/3aQeKQSyrW4qWr35idm0cy
6veh5zbFpm31XsPdjBgPER,BIA,545327,68,https://open.spotify.com/artist/6veh5zbFpm31XsPdjBgPER
3EaMWS6JZsJwBICEFUsWPR,Rakiyah,18288,26,https://open.spotify.com/artist/3EaMWS6JZsJwBICEFUsWPR
1cWyN6TA0n4j9JtqI0sOpt,TeaMarrr,130284,38,https://open.spotify.com/artist/1cWyN6TA0n4j9JtqI0sOpt
1OzwSkNJ5OCaMAgdnBFguj,Falana,12582,17,https://open.spotify.com/artist/1OzwSkNJ5OCaMAgdnBFguj
0IF46mUS8NXjgHabxk2MCM,Kelis,597465,62,https://open.spotify.com/artist/0IF46mUS8NXjgHabxk2MCM
6RIJu05yhEIYskbVgxmk3R,Angel,65087,42,https://open.spotify.com/artist/6RIJu05yhEIYskbVgxmk3R
16AILHA3N2C3ngRuR2FdfH,Saint Harison,68910,48,https://open.spotify.com/artist/16AILHA3N2C3ngRuR2FdfH
1Naqgo0HMRoumRP0e2MXD9,Tiana Major9,97601,48,https://open.spotify.com/artist/1Naqgo0HMRoumRP0e2MXD9
4qwGe91Bz9K2T8jXTZ815W,Janet Jackson,3809191,64,https://open.spotify.com/artist/4qwGe91Bz9K2T8jXTZ815W
1LFKKuzn302wp15dYH28id,Tammy Wynette,592236,52,https://open.spotify.com/artist/1LFKKuzn302wp15dYH28id
1FE0rls8gfQT3laAeRYNgl,Loretta Lynn,749745,55,https://open.spotify.com/artist/1FE0rls8gfQT3laAeRYNgl
7dNsHhGeGU5MV01r06O8gK,Patsy Cline,839905,59,https://open.spotify.com/artist/7dNsHhGeGU5MV01r06O8gK
6kACVPfCOnqzgfEF5ryl0x,Johnny Cash,6103580,73,https://open.spotify.com/artist/6kACVPfCOnqzgfEF5ryl0x
1sXbwvCQLGZnaH0Jp2HTVc,Linda Ronstadt,905405,61,https://open.spotify.com/artist/1sXbwvCQLGZnaH0Jp2HTVc
5s6TJEuHTr9GR894wc6VfP,Emmylou Harris,357045,58,https://open.spotify.com/artist/5s6TJEuHTr9GR894wc6VfP
0XKOBt59crntr7HQXXO8Yz,Brooks & Dunn,2794076,68,https://open.spotify.com/artist/0XKOBt59crntr7HQXXO8Yz
70kkdajctXSbqSMJbQO424,Kacey Musgraves,1276072,76,https://open.spotify.com/artist/70kkdajctXSbqSMJbQO424
7emRV8AluG3d4e5T0DZiK9,Loggins & Messina,485247,49,https://open.spotify.com/artist/7emRV8AluG3d4e5T0DZiK9
25IG9fa7cbdmCIy3OnuH57,The Chicks,1407713,65,https://open.spotify.com/artist/25IG9fa7cbdmCIy3OnuH57
5e4Dhzv426EvQe3aDb64jL,Shania Twain,3001875,72,https://open.spotify.com/artist/5e4Dhzv426EvQe3aDb64jL
6LqNN22kT3074XbTVUrhzX,Kesha,7702064,76,https://open.spotify.com/artist/6LqNN22kT3074XbTVUrhzX
6xvpfMjWTougrRRtK7iikz,Mason Ramsey,156546,45,https://open.spotify.com/artist/6xvpfMjWTougrRRtK7iikz
5J6L7N6B4nI1M5cwa29mQG,Alison Krauss,357172,59,https://open.spotify.com/artist/5J6L7N6B4nI1M5cwa29mQG
7EK1bQADBoqbYXnT4Cqv9w,John Denver,2069914,68,https://open.spotify.com/artist/7EK1bQADBoqbYXnT4Cqv9w
7dmeVSH4lJqxXU7C87dKIB,Tanya Tucker,656511,53,https://open.spotify.com/artist/7dmeVSH4lJqxXU7C87dKIB
36KsCCwgI0Dep97yVJWmkK,Monsieur Periné,587586,57,https://open.spotify.com/artist/36KsCCwgI0Dep97yVJWmkK
2Otnykd696YidQYfEGVmNq,Vicente Garcia,441561,60,https://open.spotify.com/artist/2Otnykd696YidQYfEGVmNq
4IVAbR2w4JJNJDDRFP3E83,6LACK,4585924,73,https://open.spotify.com/artist/4IVAbR2w4JJNJDDRFP3E83
5xuNBZoM7z1Vv8IQ6uM0p6,JoJo,2351515,61,https://open.spotify.com/artist/5xuNBZoM7z1Vv8IQ6uM0p6
04vj3iPUiVh5melWr0w3xT,Christine and the Queens,683818,56,https://open.spotify.com/artist/04vj3iPUiVh5melWr0w3xT
4Ge8xMJNwt6EEXOzVXju9a,Caroline Polachek,444990,61,https://open.spotify.com/artist/4Ge8xMJNwt6EEXOzVXju9a
4dpARuHxo51G3z768sgnrY,Adele,53602545,85,https://open.spotify.com/artist/4dpARuHxo51G3z768sgnrY
3PhoLpVuITZKcymswpck5b,Elton John,12786658,83,https://open.spotify.com/artist/3PhoLpVuITZKcymswpck5b
6n28c9qs9hNGriNa72b26u,PNAU,223411,71,https://open.spotify.com/artist/6n28c9qs9hNGriNa72b26u
1lYNHBChDDWC233o6ribbt,EASHA,67411,44,https://open.spotify.com/artist/1lYNHBChDDWC233o6ribbt
0du5cEVh5yTK9QJze8zA0C,Bruno Mars,53262893,88,https://open.spotify.com/artist/0du5cEVh5yTK9QJze8zA0C
6PvvGcCY2XtUcSRld1Wilr,Silk Sonic,856397,71,https://open.spotify.com/artist/6PvvGcCY2XtUcSRld1Wilr
6xdRb2GypJ7DqnWAI2mHGn,MUNA,362494,59,https://open.spotify.com/artist/6xdRb2GypJ7DqnWAI2mHGn
2AmfMGi3WZMxqFDHissIAe,The Aces,283912,49,https://open.spotify.com/artist/2AmfMGi3WZMxqFDHissIAe
42TFhl7WlMRXiNqzSrnzPL,Lou Reed,1767238,61,https://open.spotify.com/artist/42TFhl7WlMRXiNqzSrnzPL
3nuc29fYGlQbIrwh4yrNWd,Lake Street Dive,535197,60,https://open.spotify.com/artist/3nuc29fYGlQbIrwh4yrNWd
3A2jfQOLgo5rV4GYFHbEA2,Diane Warren,13920,39,https://open.spotify.com/artist/3A2jfQOLgo5rV4GYFHbEA2
3e7awlrlDSwF3iM0WBjGMp,Little Mix,11787114,73,https://open.spotify.com/artist/3e7awlrlDSwF3iM0WBjGMp
1FtBEIWAwvw5ymBen5GICR,Chlöe,410030,59,https://open.spotify.com/artist/1FtBEIWAwvw5ymBen5GICR
23KIrX6iPiVOkx60F4bjNq,PawPaw Rod,71227,51,https://open.spotify.com/artist/23KIrX6iPiVOkx60F4bjNq
2mvAbMVwkxiZWJXjorKpdK,Amorphous,16933,42,https://open.spotify.com/artist/2mvAbMVwkxiZWJXjorKpdK
4SqTiwOEdYrNayaGMkc7ia,LÉON,368215,57,https://open.spotify.com/artist/4SqTiwOEdYrNayaGMkc7ia
34A8vV1MCxGpA14KspqQuC,Sarah Kinsley,235833,50,https://open.spotify.com/artist/34A8vV1MCxGpA14KspqQuC
3Nrfpe0tUJi4K4DXYWgMUX,BTS,71773327,87,https://open.spotify.com/artist/3Nrfpe0tUJi4K4DXYWgMUX
7jVv8c5Fj3E9VhNjxT4snq,Lil Nas X,12456754,77,https://open.spotify.com/artist/7jVv8c5Fj3E9VhNjxT4snq
6S2OmqARrzebs0tKUEyXyp,Demi Lovato,26294230,77,https://open.spotify.com/artist/6S2OmqARrzebs0tKUEyXyp
0I5HubncQ8E1MFZOlPDY4J,Trinidad James,311120,54,https://open.spotify.com/artist/0I5HubncQ8E1MFZOlPDY4J
3Xt3RrJMFv5SZkCfUE8C1J,Kim Petras,1032264,75,https://open.spotify.com/artist/3Xt3RrJMFv5SZkCfUE8C1J
4XDi67ZENZcbfKnvMnTYsI,Jay Park,2052382,64,https://open.spotify.com/artist/4XDi67ZENZcbfKnvMnTYsI
4QM5QCHicznALtX885CnZC,Slayyyter,380570,57,https://open.spotify.com/artist/4QM5QCHicznALtX885CnZC
0AsThoR4KZSVktALiNcQwW,Chloe x Halle,2350151,54,https://open.spotify.com/artist/0AsThoR4KZSVktALiNcQwW
6niigcazB2JPcpasZfZvq1,박혜진 Park Hye Jin,108319,41,https://open.spotify.com/artist/6niigcazB2JPcpasZfZvq1
3tlXnStJ1fFhdScmQeLpuG,Brent Faiyaz,5376931,84,https://open.spotify.com/artist/3tlXnStJ1fFhdScmQeLpuG
4yJHrytMK7mqtKsXVGaBNg,Fana Hues,57148,58,https://open.spotify.com/artist/4yJHrytMK7mqtKsXVGaBNg
1EgCxqT8GgE5oXX3PkeGhq,Akintoye,147991,43,https://open.spotify.com/artist/1EgCxqT8GgE5oXX3PkeGhq
6nVcHLIgY5pE2YCl8ubca1,Jhayco,7274783,82,https://open.spotify.com/artist/6nVcHLIgY5pE2YCl8ubca1
4wrzxtBZw20ufDstKyTnnP,Rachel Chinouriri,132744,53,https://open.spotify.com/artist/4wrzxtBZw20ufDstKyTnnP
5pDY9dgZO8O1yNZDARb62q,ADÉ,11482,34,https://open.spotify.com/artist/5pDY9dgZO8O1yNZDARb62q
15GGbJKqC6w0VYyAJtjej6,Fatman Scoop,48168,58,https://open.spotify.com/artist/15GGbJKqC6w0VYyAJtjej6
4mErKO4g29SXtBwj4S80aB,rum.gold,71970,49,https://open.spotify.com/artist/4mErKO4g29SXtBwj4S80aB
4UodukR17NIQfNu5uaqm9B,Jamila Woods,221228,50,https://open.spotify.com/artist/4UodukR17NIQfNu5uaqm9B
5oOhM2DFWab8XhSdQiITry,Tycho,677616,55,https://open.spotify.com/artist/5oOhM2DFWab8XhSdQiITry
1jY7CSRj8HeID6uzTJUi8F,Steelix,2684,0,https://open.spotify.com/artist/1jY7CSRj8HeID6uzTJUi8F
5YZ5AExR68U3ZblH6HcO6B,Leven Kali,194165,54,https://open.spotify.com/artist/5YZ5AExR68U3ZblH6HcO6B
0oBsnAC3fzYkTHF3bkfNx6,Phony Ppl,277456,46,https://open.spotify.com/artist/0oBsnAC3fzYkTHF3bkfNx6
6d6ts87Fxm1EdULf4CaLw4,Wallice,57359,42,https://open.spotify.com/artist/6d6ts87Fxm1EdULf4CaLw4
0iqCNJHozJhcjPDoX1EJ6a,marinelli,9643,31,https://open.spotify.com/artist/0iqCNJHozJhcjPDoX1EJ6a
3Vl9fyKMIdLMswk8ai3mm9,Rebecca Black,134476,42,https://open.spotify.com/artist/3Vl9fyKMIdLMswk8ai3mm9
1LzWWI9v4UKdbBgz8fqi15,Tayla Parx,118205,41,https://open.spotify.com/artist/1LzWWI9v4UKdbBgz8fqi15
2AfU5LYBVCiCtuCCfM7uVX,Kota the Friend,632409,57,https://open.spotify.com/artist/2AfU5LYBVCiCtuCCfM7uVX
2AcUPzkVWo81vumdzeLLRN,Rhye,645253,60,https://open.spotify.com/artist/2AcUPzkVWo81vumdzeLLRN
3NKVm2Jedcf6ibJr6pMUVx,Jayda G,83807,51,https://open.spotify.com/artist/3NKVm2Jedcf6ibJr6pMUVx
4CmXLOB2gQfewLf8iTbNVp,Anjimile,15674,29,https://open.spotify.com/artist/4CmXLOB2gQfewLf8iTbNVp
5HdEsw8d1ZGm49Aw7GWTuD,Girls Rituals,30305,34,https://open.spotify.com/artist/5HdEsw8d1ZGm49Aw7GWTuD
1LeVJ5GPeYDOVUjxx1y7Rp,Unknown Mortal Orchestra,836019,60,https://open.spotify.com/artist/1LeVJ5GPeYDOVUjxx1y7Rp
17czHqI0Lwj2V3htvm8afG,Gavin Turek,34558,35,https://open.spotify.com/artist/17czHqI0Lwj2V3htvm8afG
5XenQ7XfcvQdfIbpLEFaKQ,GoldLink,874570,64,https://open.spotify.com/artist/5XenQ7XfcvQdfIbpLEFaKQ
4JqpJeNOhP6bAkolNMLwFg,Jean Deaux,160571,50,https://open.spotify.com/artist/4JqpJeNOhP6bAkolNMLwFg
6K4I1MPd7m8IztUdtrF4YU,Samuel T. Herring,16784,53,https://open.spotify.com/artist/6K4I1MPd7m8IztUdtrF4YU
2DGBzoOLcKLK3eWxFyugdB,Dua Saleh,91226,43,https://open.spotify.com/artist/2DGBzoOLcKLK3eWxFyugdB
62DmErcU7dqZbJaDqwsqzR,Popcaan,1017082,65,https://open.spotify.com/artist/62DmErcU7dqZbJaDqwsqzR
33Se8kMYeTPkeeM2LnsPF8,Alemeda,27218,37,https://open.spotify.com/artist/33Se8kMYeTPkeeM2LnsPF8
6fI10k7bFVFS76bHXdBof6,David Blazer,6853,38,https://open.spotify.com/artist/6fI10k7bFVFS76bHXdBof6
60b7IDlGflg5lgyfEGf9yB,Birocratic,50143,41,https://open.spotify.com/artist/60b7IDlGflg5lgyfEGf9yB
42gnrsSSKKNNmfAJ0o3oyN,Soul Food Horns,9075,49,https://open.spotify.com/artist/42gnrsSSKKNNmfAJ0o3oyN
1kh0AypxF3CxMMzmQyif2S,Rayana Jay,136008,54,https://open.spotify.com/artist/1kh0AypxF3CxMMzmQyif2S
4yYvor6Rq4fG82J1L47DYp,MICHELLE,94795,48,https://open.spotify.com/artist/4yYvor6Rq4fG82J1L47DYp
43JlwunhXm1oqdKyOa2Z9Y,Hiatus Kaiyote,596062,56,https://open.spotify.com/artist/43JlwunhXm1oqdKyOa2Z9Y
1tP3R35TdPW8BMwmTPOoVZ,Arthur Verocai,62966,45,https://open.spotify.com/artist/1tP3R35TdPW8BMwmTPOoVZ
6lOCVUQbb9wzuZQbZQV9zn,Cool Company,45218,45,https://open.spotify.com/artist/6lOCVUQbb9wzuZQbZQV9zn
5KtUig38eqxK2rOtHZnz0k,Jafunk,22835,48,https://open.spotify.com/artist/5KtUig38eqxK2rOtHZnz0k
5IWhRKmW8IDdeJfrx4Kl0E,Jackie's Boy,1704,24,https://open.spotify.com/artist/5IWhRKmW8IDdeJfrx4Kl0E
6sqiRzYTXxK2QixYmy3Ebz,Mogul,4013,22,https://open.spotify.com/artist/6sqiRzYTXxK2QixYmy3Ebz
4Otn2nALdNCTFUUExiskqw,Talia Goddess,8819,26,https://open.spotify.com/artist/4Otn2nALdNCTFUUExiskqw
7ypgj95aGInvJMJbMv78wB,Jade,34626,44,https://open.spotify.com/artist/7ypgj95aGInvJMJbMv78wB
5Ljgq0b8I3YkUwp3gtB1wm,little image,30864,40,https://open.spotify.com/artist/5Ljgq0b8I3YkUwp3gtB1wm
100sLnojEpcadRx4edEBA6,Zella Day,438874,54,https://open.spotify.com/artist/100sLnojEpcadRx4edEBA6
76bAuLD5jMIT1YDJ84KB8l,Topaz Jones,101097,42,https://open.spotify.com/artist/76bAuLD5jMIT1YDJ84KB8l
5nLYd9ST4Cnwy6NHaCxbj8,CeeLo Green,598808,65,https://open.spotify.com/artist/5nLYd9ST4Cnwy6NHaCxbj8
5Y5TRrQiqgUO4S36tzjIRZ,Timbaland,2726504,77,https://open.spotify.com/artist/5Y5TRrQiqgUO4S36tzjIRZ
3ScY9CQxNLQei8Umvpx5g6,Fat Joe,1734091,67,https://open.spotify.com/artist/3ScY9CQxNLQei8Umvpx5g6
1J2VVASYAamtQ3Bt8wGgA6,Ja Rule,1783222,69,https://open.spotify.com/artist/1J2VVASYAamtQ3Bt8wGgA6
5rkVyNGXEgeUqKkB5ccK83,Ashanti,2935825,70,https://open.spotify.com/artist/5rkVyNGXEgeUqKkB5ccK83
4A0TivfinfALCAMJqqjZIk,Funk Wav,12722,64,https://open.spotify.com/artist/4A0TivfinfALCAMJqqjZIk
6icQOAFXDZKsumw3YXyusw,Lil Yachty,9608216,79,https://open.spotify.com/artist/6icQOAFXDZKsumw3YXyusw
12trz2INGglrKMzLmg0y2C,Emotional Oranges,315523,56,https://open.spotify.com/artist/12trz2INGglrKMzLmg0y2C
6OqhFYFJDnBBHas02HopPT,Kero Kero Bonito,488871,54,https://open.spotify.com/artist/6OqhFYFJDnBBHas02HopPT
1xcMOgFUM1IYZE22YjCvsL,Tei Shi,180285,45,https://open.spotify.com/artist/1xcMOgFUM1IYZE22YjCvsL
2HPiMwJktBXqakN0hnON2R,Lous and The Yakuza,214002,53,https://open.spotify.com/artist/2HPiMwJktBXqakN0hnON2R
6PfSUFtkMVoDkx4MQkzOi3,100 gecs,588090,59,https://open.spotify.com/artist/6PfSUFtkMVoDkx4MQkzOi3
2OaHYHb2XcFPvqL3VsyPzU,Rico Nasty,1073787,62,https://open.spotify.com/artist/2OaHYHb2XcFPvqL3VsyPzU
5rw6jWzcS6bQimR39VPBXu,Abigail Barlow,112037,45,https://open.spotify.com/artist/5rw6jWzcS6bQimR39VPBXu
1l7ZsJRRS8wlW3WfJfPfNS,Christina Aguilera,7991543,77,https://open.spotify.com/artist/1l7ZsJRRS8wlW3WfJfPfNS
3IZrrNonYELubLPJmqOci2,Nancy Sinatra,435389,65,https://open.spotify.com/artist/3IZrrNonYELubLPJmqOci2
4GoD5FJCgC0lbzde7ly44M,Biig Piig,268934,58,https://open.spotify.com/artist/4GoD5FJCgC0lbzde7ly44M
4gtH8goYkYOaa6MxaOxISr,Ephraim Bugumba,14558,15,https://open.spotify.com/artist/4gtH8goYkYOaa6MxaOxISr
4SdIXLzfabqU61iK7SnKAU,G Flip,214835,57,https://open.spotify.com/artist/4SdIXLzfabqU61iK7SnKAU
006j2rer9tZJCYniu7SaWS,Peach PRC,175184,50,https://open.spotify.com/artist/006j2rer9tZJCYniu7SaWS
54KTsBl98buzGkELjGlnuU,Active Child,110897,36,https://open.spotify.com/artist/54KTsBl98buzGkELjGlnuU
4GmataFSHOSQWxuuUX57Bh,Jim-E Stack,33938,40,https://open.spotify.com/artist/4GmataFSHOSQWxuuUX57Bh
4iMO20EPodreIaEl8qW66y,Still Woozy,960924,67,https://open.spotify.com/artist/4iMO20EPodreIaEl8qW66y
7IfculRW2WXyzNQ8djX8WX,Erykah Badu,2813410,67,https://open.spotify.com/artist/7IfculRW2WXyzNQ8djX8WX
2YZyLoL8N0Wb9xBt1NhZWg,Kendrick Lamar,26721882,88,https://open.spotify.com/artist/2YZyLoL8N0Wb9xBt1NhZWg
4d53BMrRlQkrQMz5d59f2O,Mayer Hawthorne,288704,54,https://open.spotify.com/artist/4d53BMrRlQkrQMz5d59f2O
7Gf3LSwa5hh8Cjo60WhVjC,India.Arie,880740,54,https://open.spotify.com/artist/7Gf3LSwa5hh8Cjo60WhVjC
6TvjXbopXg71XRM9OZWqUc,Arin Ray,313059,53,https://open.spotify.com/artist/6TvjXbopXg71XRM9OZWqUc
7jZMxhsB8djyIbYmoiJSTs,Kiana Ledé,1652814,61,https://open.spotify.com/artist/7jZMxhsB8djyIbYmoiJSTs
0txgDz2yNToARuN2vD7SWD,Raedio,7652,41,https://open.spotify.com/artist/0txgDz2yNToARuN2vD7SWD
23zg3TcAtWQy7J6upgbUnj,USHER,10863683,80,https://open.spotify.com/artist/23zg3TcAtWQy7J6upgbUnj
6LuN9FCkKOj5PcnpouEgny,Khalid,16144764,82,https://open.spotify.com/artist/6LuN9FCkKOj5PcnpouEgny
3jS1qFuvkhaMC06NZQtNNI,Aysha Monet,553,5,https://open.spotify.com/artist/3jS1qFuvkhaMC06NZQtNNI
0wnYgCeP013HkKoOyC5V32,Allie X,852548,53,https://open.spotify.com/artist/0wnYgCeP013HkKoOyC5V32
2uYWxilOVlUdk4oV9DvwqK,Mitski,6690389,84,https://open.spotify.com/artist/2uYWxilOVlUdk4oV9DvwqK
2h93pZq0e7k5yf4dywlkpM,Frank Ocean,12836762,84,https://open.spotify.com/artist/2h93pZq0e7k5yf4dywlkpM
3mIj9lX2MWuHmhNCA7LSCW,The 1975,7046483,76,https://open.spotify.com/artist/3mIj9lX2MWuHmhNCA7LSCW
0GM7qgcRCORpGnfcN2tCiB,Tainy,1943688,78,https://open.spotify.com/artist/0GM7qgcRCORpGnfcN2tCiB
4mwXUEKaW4ftbncf9Hi58l,Tank,692290,55,https://open.spotify.com/artist/4mwXUEKaW4ftbncf9Hi58l
1ybAN3utgdoUL1MUCtH4QM,Tennis,294964,51,https://open.spotify.com/artist/1ybAN3utgdoUL1MUCtH4QM
6zvul52xwTWzilBZl6BUbT,Pixies,2804460,70,https://open.spotify.com/artist/6zvul52xwTWzilBZl6BUbT
5uuqghaOBgtv92jDyDveQl,Frances Forever,113653,47,https://open.spotify.com/artist/5uuqghaOBgtv92jDyDveQl
0t3QQl52F463sxGXb1ckhB,Betty Who,299112,49,https://open.spotify.com/artist/0t3QQl52F463sxGXb1ckhB
4ULO7IGI3M2bo0Ap7B9h8a,Teyana Taylor,1826879,61,https://open.spotify.com/artist/4ULO7IGI3M2bo0Ap7B9h8a
1UH80jhsYsFztK0anu2FNS,Zack Fox,157015,52,https://open.spotify.com/artist/1UH80jhsYsFztK0anu2FNS
1CoZyIx7UvdxT5c8UkMzHd,Jorja Smith,3346186,72,https://open.spotify.com/artist/1CoZyIx7UvdxT5c8UkMzHd
6jJ0s89eD6GaHleKKya26X,Katy Perry,31484819,84,https://open.spotify.com/artist/6jJ0s89eD6GaHleKKya26X
7hJcb9fa4alzcOq3EaNPoG,Snoop Dogg,10973348,81,https://open.spotify.com/artist/7hJcb9fa4alzcOq3EaNPoG
26dSoYclwsYLMAKD3tpOr4,Britney Spears,13697105,80,https://open.spotify.com/artist/26dSoYclwsYLMAKD3tpOr4
6wPhSqRtPu1UhRCDX5yaDJ,The Pussycat Dolls,5549017,68,https://open.spotify.com/artist/6wPhSqRtPu1UhRCDX5yaDJ
5TYxZTjIPqKM8K8NuP9woO,C. Tangana,2618364,72,https://open.spotify.com/artist/5TYxZTjIPqKM8K8NuP9woO
1HY2Jd0NmPuamShAr6KMms,Lady Gaga,29014836,84,https://open.spotify.com/artist/1HY2Jd0NmPuamShAr6KMms
3r17AfJCCUqC9Lf0OAc73G,Fergie,5653480,68,https://open.spotify.com/artist/3r17AfJCCUqC9Lf0OAc73G
085pc2PYOi8bGKj0PNjekA,will.i.am,4108774,72,https://open.spotify.com/artist/085pc2PYOi8bGKj0PNjekA
4lDBihdpMlOalxy1jkUbPl,Grey,74772,64,https://open.spotify.com/artist/4lDBihdpMlOalxy1jkUbPl
2NdeV5rLm47xAvogXrYhJX,Ciara,6408757,69,https://open.spotify.com/artist/2NdeV5rLm47xAvogXrYhJX
0hCNtLu0JehylgoiP8L4Gh,Nicki Minaj,30623939,88,https://open.spotify.com/artist/0hCNtLu0JehylgoiP8L4Gh
55Aa2cqylxrFIXC767Z865,Lil Wayne,14253672,85,https://open.spotify.com/artist/55Aa2cqylxrFIXC767Z865
7bXgB6jMjp9ATFy66eO08Z,Chris Brown,21012645,87,https://open.spotify.com/artist/7bXgB6jMjp9ATFy66eO08Z
5K4W6rqBFWDnAN6FQUkS6x,Kanye West,23293676,91,https://open.spotify.com/artist/5K4W6rqBFWDnAN6FQUkS6x
56oDRnqbIiwx4mymNEv7dS,Lizzo,5695914,71,https://open.spotify.com/artist/56oDRnqbIiwx4mymNEv7dS
4mPrHfhtQUBoHgTxkBieLY,VickeeLo,27093,36,https://open.spotify.com/artist/4mPrHfhtQUBoHgTxkBieLY
3nFkdlSjzX9mRTtwJOzDYB,JAY-Z,8831998,83,https://open.spotify.com/artist/3nFkdlSjzX9mRTtwJOzDYB
13y7CgLHjMVRMDqxdx0Xdo,Gucci Mane,5250137,76,https://open.spotify.com/artist/13y7CgLHjMVRMDqxdx0Xdo
3TQ9JTBI2n2hfo7aRONEYV,Sir Mix-A-Lot,614135,60,https://open.spotify.com/artist/3TQ9JTBI2n2hfo7aRONEYV
0c173mlxpT3dSFRgMO8XPh,Big Sean,11099086,75,https://open.spotify.com/artist/0c173mlxpT3dSFRgMO8XPh
6oMuImdp5ZcFhWP0ESe6mG,Migos,13656496,76,https://open.spotify.com/artist/6oMuImdp5ZcFhWP0ESe6mG
4O15NlyKLIASxsJ0PrXPfz,Lil Uzi Vert,16583915,85,https://open.spotify.com/artist/4O15NlyKLIASxsJ0PrXPfz
3WSK3JppX3N41XHVwQp7Gt,Steve Void,74835,56,https://open.spotify.com/artist/3WSK3JppX3N41XHVwQp7Gt
7gRhy3MIPHQo5CXYfWaw9I,Azealia Banks,1042100,61,https://open.spotify.com/artist/7gRhy3MIPHQo5CXYfWaw9I
4vUAD0POkGvO6J9c9hv6qR,Lazy Jay,11628,52,https://open.spotify.com/artist/4vUAD0POkGvO6J9c9hv6qR
73sIBHcqh3Z3NyqHKZ7FOL,Childish Gambino,12102628,79,https://open.spotify.com/artist/73sIBHcqh3Z3NyqHKZ7FOL
65CKKZilbcSKkAPC9a5Mvh,Oumou Sangaré,149572,45,https://open.spotify.com/artist/65CKKZilbcSKkAPC9a5Mvh
1sBkRIssrMs1AbVkOJbc7a,Rick Ross,7101286,76,https://open.spotify.com/artist/1sBkRIssrMs1AbVkOJbc7a
4LEiUm1SRbFMgfqnQTwUbQ,Bon Iver,3523706,76,https://open.spotify.com/artist/4LEiUm1SRbFMgfqnQTwUbQ
1bqxdqvUtPWZri43cKHac8,MAX,846315,65,https://open.spotify.com/artist/1bqxdqvUtPWZri43cKHac8
3ApUX1o6oSz321MMECyIYd,Quinn XCII,776361,62,https://open.spotify.com/artist/3ApUX1o6oSz321MMECyIYd
4WFtYn5RyU8VGPpPyW9Pxw,M-22,88640,46,https://open.spotify.com/artist/4WFtYn5RyU8VGPpPyW9Pxw
7wzaSKTsjE9HnuDuZTX452,Arlissa,102620,42,https://open.spotify.com/artist/7wzaSKTsjE9HnuDuZTX452
3hcs9uc56yIGFCSy9leWe7,Lil Durk,6961547,82,https://open.spotify.com/artist/3hcs9uc56yIGFCSy9leWe7
1pPmIToKXyGdsCF6LmqLmI,Rich The Kid,3212872,66,https://open.spotify.com/artist/1pPmIToKXyGdsCF6LmqLmI
37hAfseJWi0G3Scife12Il,City Girls,2482542,65,https://open.spotify.com/artist/37hAfseJWi0G3Scife12Il
0FtsMKmZEq8fBWqdSOWtqp,03 Greedo,457870,61,https://open.spotify.com/artist/0FtsMKmZEq8fBWqdSOWtqp
4d3yvTptO48nOYTPBcPFZC,Eve,1331740,66,https://open.spotify.com/artist/4d3yvTptO48nOYTPBcPFZC
1vfezMIyCr4XUdYRaKIKi3,Keyshia Cole,3758093,69,https://open.spotify.com/artist/1vfezMIyCr4XUdYRaKIKi3
1RyvyyTE3xzB2ZywiAwp0i,Future,15834955,89,https://open.spotify.com/artist/1RyvyyTE3xzB2ZywiAwp0i
0C8ZW7ezQVs4URX5aX7Kqx,Selena Gomez,47758040,82,https://open.spotify.com/artist/0C8ZW7ezQVs4URX5aX7Kqx
6PvScqSJuICxvoA3UDYPmu,JON VINYL,76318,47,https://open.spotify.com/artist/6PvScqSJuICxvoA3UDYPmu
1iNqsUDUraNWrj00bqssQG,Dreamville,618149,67,https://open.spotify.com/artist/1iNqsUDUraNWrj00bqssQG
6HCkJzbswOIc7Qc5TJ1n5l,JMSN,216467,46,https://open.spotify.com/artist/6HCkJzbswOIc7Qc5TJ1n5l
0YrtvWJMgSdVrk3SfNjTbx,Death Cab for Cutie,1498117,62,https://open.spotify.com/artist/0YrtvWJMgSdVrk3SfNjTbx
1btWGBz4Uu1HozTwb2Lm8A,Hippo Campus,617188,58,https://open.spotify.com/artist/1btWGBz4Uu1HozTwb2Lm8A
757aE44tKEUQEqRuT6GnEB,Roddy Ricch,10230575,76,https://open.spotify.com/artist/757aE44tKEUQEqRuT6GnEB
0YinUQ50QDB7ZxSCLyQ40k,Mustard,1143559,70,https://open.spotify.com/artist/0YinUQ50QDB7ZxSCLyQ40k
1i8SpTcr7yvPOmcqrbnVXY,Ozuna,37192883,85,https://open.spotify.com/artist/1i8SpTcr7yvPOmcqrbnVXY
2ggLigkDPs42gA1SWSqdoJ,Sum1,695,24,https://open.spotify.com/artist/2ggLigkDPs42gA1SWSqdoJ
6beUvFUlKliUYJdLOXNj9C,King Princess,1714050,57,https://open.spotify.com/artist/6beUvFUlKliUYJdLOXNj9C
2JyWXPbkqI5ZJa3gwqVa0c,Craig David,872391,62,https://open.spotify.com/artist/2JyWXPbkqI5ZJa3gwqVa0c
1W7FNibLa0O0b572tB2w7t,Pink Sweat$,1822644,66,https://open.spotify.com/artist/1W7FNibLa0O0b572tB2w7t
6tbjWDEIzxoDsBA1FuhfPW,Madonna,7467718,80,https://open.spotify.com/artist/6tbjWDEIzxoDsBA1FuhfPW
2X97ZAqRKRMYFIDqtvGgGc,Silk City,79618,53,https://open.spotify.com/artist/2X97ZAqRKRMYFIDqtvGgGc
5fMUXHkw8R8eOP2RNVYEZX,Diplo,2579417,76,https://open.spotify.com/artist/5fMUXHkw8R8eOP2RNVYEZX
3hv9jJF3adDNsBSIQDqcjp,Mark Ronson,1054560,73,https://open.spotify.com/artist/3hv9jJF3adDNsBSIQDqcjp
6Z4puj0KYgtcxJrVXKmvBX,Sharaya J,15945,33,https://open.spotify.com/artist/6Z4puj0KYgtcxJrVXKmvBX
5VptPtXbT0T4imW6GcobiW,Paco Versailles,31340,46,https://open.spotify.com/artist/5VptPtXbT0T4imW6GcobiW
3Uh1hwQUVJLK5Srk4PosCK,Alexandria Maillot,1320,15,https://open.spotify.com/artist/3Uh1hwQUVJLK5Srk4PosCK
2aGkysuC0eAfw83Yug6GRb,LALAKI,1029,11,https://open.spotify.com/artist/2aGkysuC0eAfw83Yug6GRb
1U0sIzpRtDkvu1hXXzxh60,Kelela,353932,54,https://open.spotify.com/artist/1U0sIzpRtDkvu1hXXzxh60
7HVlaChQbM9guWdiKMGxBq,Ms. Boogie,2201,25,https://open.spotify.com/artist/7HVlaChQbM9guWdiKMGxBq
76SlrtEaq2oViRXulxjfuM,cupcakKe,874042,55,https://open.spotify.com/artist/76SlrtEaq2oViRXulxjfuM
6lay1nwbE6hTx1jivysUAL,Princess Nokia,609406,57,https://open.spotify.com/artist/6lay1nwbE6hTx1jivysUAL
0huGjMyP507tBCARyzSkrv,Cordae,1999721,67,https://open.spotify.com/artist/0huGjMyP507tBCARyzSkrv
05oH07COxkXKIMt6mIPRee,Brandy,3493034,64,https://open.spotify.com/artist/05oH07COxkXKIMt6mIPRee
7GaxyUddsPok8BuhxN6OUW,James Brown,2104121,62,https://open.spotify.com/artist/7GaxyUddsPok8BuhxN6OUW
2uE66NiUti6Wpz90SD4eam,Fred Wesley,43892,43,https://open.spotify.com/artist/2uE66NiUti6Wpz90SD4eam
4lJHGi5dlJmWwFH0JKF6di,The J.B.'s,133241,51,https://open.spotify.com/artist/4lJHGi5dlJmWwFH0JKF6di
6eUKZXaKkcviH0Ku9w2n3V,Ed Sheeran,114604760,88,https://open.spotify.com/artist/6eUKZXaKkcviH0Ku9w2n3V
2qxJFvFYMEDqd7ui6kSAcq,Zedd,5929416,73,https://open.spotify.com/artist/2qxJFvFYMEDqd7ui6kSAcq
2org0PubBAxTvjVvLo9PJ0,Cailin Russo,32623,52,https://open.spotify.com/artist/2org0PubBAxTvjVvLo9PJ0
7HO5fOXE4gh3lzZn64tX2E,Mariah the Scientist,324607,67,https://open.spotify.com/artist/7HO5fOXE4gh3lzZn64tX2E
57vWImR43h4CaDao012Ofp,Steve Lacy,4172576,80,https://open.spotify.com/artist/57vWImR43h4CaDao012Ofp
3KedxarmBCyFBevnqQHy3P,Jessie Reyez,1382854,67,https://open.spotify.com/artist/3KedxarmBCyFBevnqQHy3P
6Ad91Jof8Niiw0lGLLi3NW,YUNGBLUD,2219631,68,https://open.spotify.com/artist/6Ad91Jof8Niiw0lGLLi3NW
3k3gbUT7bF0jYmFmAKBQtU,Dan Reynolds,37055,36,https://open.spotify.com/artist/3k3gbUT7bF0jYmFmAKBQtU
72tBkpT8Pj55CE2vdmPuzB,Shiftee,1121,10,https://open.spotify.com/artist/72tBkpT8Pj55CE2vdmPuzB
1y6hiqeSWkQrJYXkU5PvUk,Dai Burger,50839,23,https://open.spotify.com/artist/1y6hiqeSWkQrJYXkU5PvUk
32Gajp9lwbO3aGOVZ15IUK,Fly Kaison,29,8,https://open.spotify.com/artist/32Gajp9lwbO3aGOVZ15IUK
3pl23KkxEpDvK77RU5V7S9,Mari,922,8,https://open.spotify.com/artist/3pl23KkxEpDvK77RU5V7S9
11Kek6sBhAVaOiQBCkXDza,LION BABE,0,0,https://open.spotify.com/artist/11Kek6sBhAVaOiQBCkXDza
0pCNk4D3E2xtszsm6hMsWr,K.Flay,572185,63,https://open.spotify.com/artist/0pCNk4D3E2xtszsm6hMsWr
2nTjd2lNo1GVEfXM3bCnsh,The Teskey Brothers,662340,64,https://open.spotify.com/artist/2nTjd2lNo1GVEfXM3bCnsh
0h9smro0z3HqUbD94jotU8,Smokey Robinson,1232513,53,https://open.spotify.com/artist/0h9smro0z3HqUbD94jotU8
2gyv1akuIB9fQvXoGSPaJr,Big Freedia,105017,45,https://open.spotify.com/artist/2gyv1akuIB9fQvXoGSPaJr
0A0FS04o6zMoto8OKPsDwY,YG,3210132,72,https://open.spotify.com/artist/0A0FS04o6zMoto8OKPsDwY
4nDoRrQiYLoBzwC5BhVJzF,Camila Cabello,32332709,79,https://open.spotify.com/artist/4nDoRrQiYLoBzwC5BhVJzF
3kHVioJpVxlazAAKQ64pC1,Yuna,435480,54,https://open.spotify.com/artist/3kHVioJpVxlazAAKQ64pC1
6eXZu6O7nAUA5z6vLV8NKI,Little Simz,935635,61,https://open.spotify.com/artist/6eXZu6O7nAUA5z6vLV8NKI
5BhFZpE8kUGZJiKOsYjLQM,Yeek,224668,49,https://open.spotify.com/artist/5BhFZpE8kUGZJiKOsYjLQM
1Q2mS59tFYLm2KGFoCgWN4,Samm Henshaw,276856,52,https://open.spotify.com/artist/1Q2mS59tFYLm2KGFoCgWN4
5kJ3NDWOOVjlS2HFSYzjay,Saint Mela,6919,19,https://open.spotify.com/artist/5kJ3NDWOOVjlS2HFSYzjay
5oQRUesMFm1u1Mo0dXXUoe,Alisha Roney,3,0,https://open.spotify.com/artist/5oQRUesMFm1u1Mo0dXXUoe
6vfR5QRc3xca0KvpG8KZBE,Teedra Moses,186457,50,https://open.spotify.com/artist/6vfR5QRc3xca0KvpG8KZBE
0CkbPVBpOwwz9NPPglFKyq,RAY BLK,171408,43,https://open.spotify.com/artist/0CkbPVBpOwwz9NPPglFKyq
2auiVi8sUZo17dLy1HwrTU,Solange,2054772,59,https://open.spotify.com/artist/2auiVi8sUZo17dLy1HwrTU
31WyEEkINlANbj1wpgP702,Stacy Capers,447,2,https://open.spotify.com/artist/31WyEEkINlANbj1wpgP702
4j5EnP4t2lSKolLuQh1xvn,St. Beauty,34653,32,https://open.spotify.com/artist/4j5EnP4t2lSKolLuQh1xvn
09mMKy3FRsq47rbtjoGrb6,Leonce,100,1,https://open.spotify.com/artist/09mMKy3FRsq47rbtjoGrb6
5rDXcEIODl8TgGTgrntnjX,Rexx Life Raj,155969,49,https://open.spotify.com/artist/5rDXcEIODl8TgGTgrntnjX
2eam0iDomRHGBypaDQLwWI,Bleachers,678386,68,https://open.spotify.com/artist/2eam0iDomRHGBypaDQLwWI
0NHDcXTAcYVcMrM6TXC1i5,Solomon,13,0,https://open.spotify.com/artist/0NHDcXTAcYVcMrM6TXC1i5
6KvlPV9ixIAotRrbKHWZPl,Spies in Disguise,1205,22,https://open.spotify.com/artist/6KvlPV9ixIAotRrbKHWZPl
0Cp8WN4V8Tu4QJQwCN5Md4,BENEE,779584,63,https://open.spotify.com/artist/0Cp8WN4V8Tu4QJQwCN5Md4
494OPqLjjEhjKil1G6MWho,Kate Stewart,17393,34,https://open.spotify.com/artist/494OPqLjjEhjKil1G6MWho
0JeTRYMH7FoBiMcLXg1n8g,Full Crate,47586,50,https://open.spotify.com/artist/0JeTRYMH7FoBiMcLXg1n8g
6TfJcKCr5hFsYZkq2k1Pac,Jayd Ink,9393,25,https://open.spotify.com/artist/6TfJcKCr5hFsYZkq2k1Pac
0IVWeUVFPCMT7MmhvqmfUr,clear eyes,19359,30,https://open.spotify.com/artist/0IVWeUVFPCMT7MmhvqmfUr
76yeOnINtQSXyoEHbkYmtY,Drew Love,13078,47,https://open.spotify.com/artist/76yeOnINtQSXyoEHbkYmtY
5tth2a3v0sWwV1C7bApBdX,Lil' Kim,1692481,63,https://open.spotify.com/artist/5tth2a3v0sWwV1C7bApBdX
3DvdryKH4O95ZnsUZJKXpt,Maze,479448,48,https://open.spotify.com/artist/3DvdryKH4O95ZnsUZJKXpt
6rXycobs8wkWicUGLtmB0n,Frankie Beverly,57492,47,https://open.spotify.com/artist/6rXycobs8wkWicUGLtmB0n
5m7wCUhYhBh7A3A3YMxrbt,Queen Latifah,200867,51,https://open.spotify.com/artist/5m7wCUhYhBh7A3A3YMxrbt
06HL4z0CvFAxyc27GXpf02,Taylor Swift,100101203,100,https://open.spotify.com/artist/06HL4z0CvFAxyc27GXpf02
1Y8cdNmUJH7yBTd9yOvr5i,Destiny's Child,6919175,71,https://open.spotify.com/artist/1Y8cdNmUJH7yBTd9yOvr5i
41I5xI04kixwmonDBl0Sda,King Combs,104045,48,https://open.spotify.com/artist/41I5xI04kixwmonDBl0Sda
4r63FhuTkUYltbVAg5TQnk,DaBaby,11612961,79,https://open.spotify.com/artist/4r63FhuTkUYltbVAg5TQnk
67nwj3Y5sZQLl72VNUHEYE,Wale,4140154,69,https://open.spotify.com/artist/67nwj3Y5sZQLl72VNUHEYE
3KV3p5EY4AvKxOlhGHORLg,Jeremih,6549536,73,https://open.spotify.com/artist/3KV3p5EY4AvKxOlhGHORLg
5KKpBU5eC2tJDzf0wmlRp2,RAYE,1165473,79,https://open.spotify.com/artist/5KKpBU5eC2tJDzf0wmlRp2
520qA5VGL9iI0SbmEnTVNg,Maleek Berry,597532,53,https://open.spotify.com/artist/520qA5VGL9iI0SbmEnTVNg
24HNTbd7Y2qVOCyzIosYi9,Nana Rogues,4336,34,https://open.spotify.com/artist/24HNTbd7Y2qVOCyzIosYi9
7oMRcCu0OYSCtCyS3P37iC,Afro B,211594,52,https://open.spotify.com/artist/7oMRcCu0OYSCtCyS3P37iC
360IAlyVv4PCEVjgyMZrxK,Miguel,4921267,78,https://open.spotify.com/artist/360IAlyVv4PCEVjgyMZrxK
2Mu5NfyYm8n5iTomuKAEHl,Ms. Lauryn Hill,2694251,71,https://open.spotify.com/artist/2Mu5NfyYm8n5iTomuKAEHl
2ZRQcIgzPCVaT9XKhXZIzh,Gryffin,943586,66,https://open.spotify.com/artist/2ZRQcIgzPCVaT9XKhXZIzh
5UjifI1TYefXWn9GdqDOHl,Social House,149198,63,https://open.spotify.com/artist/5UjifI1TYefXWn9GdqDOHl
2wY79sveU1sp5g7SokKOiI,Sam Smith,23462867,83,https://open.spotify.com/artist/2wY79sveU1sp5g7SokKOiI
4o4tLTIJ3eWMFerz73atcT,Qveen Herby,585980,54,https://open.spotify.com/artist/4o4tLTIJ3eWMFerz73atcT
08v1r0jqDyvSo2LtSqHxcy,Reo Cragun,91427,45,https://open.spotify.com/artist/08v1r0jqDyvSo2LtSqHxcy
32IXja3Y6CPvnAtTHD2bWg,BLVK JVCK,20204,38,https://open.spotify.com/artist/32IXja3Y6CPvnAtTHD2bWg
30DhU7BDmF4PH0JVhu8ZRg,Sabrina Claudio,1647110,61,https://open.spotify.com/artist/30DhU7BDmF4PH0JVhu8ZRg
0PgYKqH7ohfAm9LFgWjpl8,ELIZA,155652,46,https://open.spotify.com/artist/0PgYKqH7ohfAm9LFgWjpl8
00FQb4jTyendYWaN8pK0wa,Lana Del Rey,31864917,90,https://open.spotify.com/artist/00FQb4jTyendYWaN8pK0wa
16rCzZOMQX7P8Kmn5YKexI,Mahalia,952164,61,https://open.spotify.com/artist/16rCzZOMQX7P8Kmn5YKexI
6zFYqv1mOsgBRQbae3JJ9e,Billy Joel,5676125,76,https://open.spotify.com/artist/6zFYqv1mOsgBRQbae3JJ9e
7wkquqt8snY30TIZKCHIdX,Siaira Shawn,4129,24,https://open.spotify.com/artist/7wkquqt8snY30TIZKCHIdX
29lbSb4ujaVH5pHnQjFT0G,Ola Gjeilo,47862,57,https://open.spotify.com/artist/29lbSb4ujaVH5pHnQjFT0G
2gsggkzM5R49q6jpPvazou,Jessie J,11613840,71,https://open.spotify.com/artist/2gsggkzM5R49q6jpPvazou
6qqNVTkY8uBg9cP3Jd7DAH,Billie Eilish,91155119,88,https://open.spotify.com/artist/6qqNVTkY8uBg9cP3Jd7DAH
7fw0E8WHdG3r9SuPBcGmWk,Sampa the Great,268752,47,https://open.spotify.com/artist/7fw0E8WHdG3r9SuPBcGmWk
5AYOUKvm3ZfyNiAFeWrBcN,thando,2471,20,https://open.spotify.com/artist/5AYOUKvm3ZfyNiAFeWrBcN
6QJmT08NkUDNTNQ1C01Hag,Krown,740,16,https://open.spotify.com/artist/6QJmT08NkUDNTNQ1C01Hag
4LLpKhyESsyAXpc4laK94U,Mac Miller,9996289,82,https://open.spotify.com/artist/4LLpKhyESsyAXpc4laK94U
4eArh1v6UwBbKkjdgHCned,Kate Bollinger,78482,52,https://open.spotify.com/artist/4eArh1v6UwBbKkjdgHCned
68tR0TsEKX89ID4fyBMgch,James Vickery,128850,49,https://open.spotify.com/artist/68tR0TsEKX89ID4fyBMgch
6tUJpYN2aYiXbzAcg0pIOo,Sinéad Harnett,508265,55,https://open.spotify.com/artist/6tUJpYN2aYiXbzAcg0pIOo
6UtYvUtXnmg5EtllDFlWp8,CHIKA,199334,42,https://open.spotify.com/artist/6UtYvUtXnmg5EtllDFlWp8
3rw1MKkbLTZw46AqC7gRpH,Femme It Forward,13467,27,https://open.spotify.com/artist/3rw1MKkbLTZw46AqC7gRpH
0oSGxfWSnnOXhD2fKuz2Gy,David Bowie,10126403,77,https://open.spotify.com/artist/0oSGxfWSnnOXhD2fKuz2Gy
2hUYKu1x0UZQXvzCmggvSn,Reneé Rapp,541771,74,https://open.spotify.com/artist/2hUYKu1x0UZQXvzCmggvSn
2zWVouasiK4lKkkC2vuQR3,Shira Small,4380,26,https://open.spotify.com/artist/2zWVouasiK4lKkkC2vuQR3
0wz0jO9anccPzH04N7FLBH,Low,253805,47,https://open.spotify.com/artist/0wz0jO9anccPzH04N7FLBH
2vm8GdHyrJh2O2MfbQFYG0,Ingrid Michaelson,793151,60,https://open.spotify.com/artist/2vm8GdHyrJh2O2MfbQFYG0
6jpOOrGFSWdHx6leHfU54n,"The Last Artful, Dodgr",16290,35,https://open.spotify.com/artist/6jpOOrGFSWdHx6leHfU54n
5X0dCi2aVnYEV27S8wgQdF,Nai Palm,122397,35,https://open.spotify.com/artist/5X0dCi2aVnYEV27S8wgQdF
5DD5GZd4ElmQTy9NleMvKJ,Tessa Violet,671620,52,https://open.spotify.com/artist/5DD5GZd4ElmQTy9NleMvKJ
59KQTERLpPa7M0F25fRH6V,Dinah Jane,432137,39,https://open.spotify.com/artist/59KQTERLpPa7M0F25fRH6V
7sgWBYtJpblXpJl2lU5WVs,Electric Guest,349822,53,https://open.spotify.com/artist/7sgWBYtJpblXpJl2lU5WVs
3LVPGE5jPPwtbGslx07YR0,Kishi Bashi,234784,49,https://open.spotify.com/artist/3LVPGE5jPPwtbGslx07YR0
0ZxZlO7oWCSYMXhehpyMvE,COIN,633193,60,https://open.spotify.com/artist/0ZxZlO7oWCSYMXhehpyMvE
303SwmjLibkh8OJH5xxZOM,Glowie,9492,25,https://open.spotify.com/artist/303SwmjLibkh8OJH5xxZOM
6CwfuxIqcltXDGjfZsMd9A,MARINA,5200751,72,https://open.spotify.com/artist/6CwfuxIqcltXDGjfZsMd9A
1MIVXf74SZHmTIp4V4paH4,Mabel,1947733,65,https://open.spotify.com/artist/1MIVXf74SZHmTIp4V4paH4
0lEssBAxQl2In4RpaB1C2Y,Talib Kweli,587217,53,https://open.spotify.com/artist/0lEssBAxQl2In4RpaB1C2Y
78OK71F2nNKI5nNw4BycWm,Timan Family Choir,111,30,https://open.spotify.com/artist/78OK71F2nNKI5nNw4BycWm
3WrFJ7ztbogyGnTHbHJFl2,The Beatles,26833139,84,https://open.spotify.com/artist/3WrFJ7ztbogyGnTHbHJFl2
6f96znq79wvlknKHHHhtTW,Jarreau Vandal,71108,43,https://open.spotify.com/artist/6f96znq79wvlknKHHHhtTW
7fqDRFkiuwzFDde1K0taVs,Shakka,83733,50,https://open.spotify.com/artist/7fqDRFkiuwzFDde1K0taVs
4NHQUGzhtTLFvgF5SZesLK,Tove Lo,3530563,72,https://open.spotify.com/artist/4NHQUGzhtTLFvgF5SZesLK
17lzZA2AlOHwCwFALHttmp,2 Chainz,8002405,75,https://open.spotify.com/artist/17lzZA2AlOHwCwFALHttmp
1lE6SEy8f84Zhjvp7r8yTD,Syleena Johnson,319000,64,https://open.spotify.com/artist/1lE6SEy8f84Zhjvp7r8yTD
053q0ukIDRgzwTr4vNSwab,Grimes,2228769,67,https://open.spotify.com/artist/053q0ukIDRgzwTr4vNSwab
3Ayl7mCk0nScecqOzvNp6s,Jimmy Eat World,1498256,67,https://open.spotify.com/artist/3Ayl7mCk0nScecqOzvNp6s
7xkAwz0bQTGDSbkofyQt3U,Belinda Carlisle,831767,60,https://open.spotify.com/artist/7xkAwz0bQTGDSbkofyQt3U
5WId4o5jdGVhptNU0uqKxu,St. Lucia,241353,45,https://open.spotify.com/artist/5WId4o5jdGVhptNU0uqKxu
2ExGrw6XpbtUAJHTLtUXUD,Stefflon Don,1177802,65,https://open.spotify.com/artist/2ExGrw6XpbtUAJHTLtUXUD
7HkdQ0gt53LP4zmHsL0nap,Ella Mai,5348665,68,https://open.spotify.com/artist/7HkdQ0gt53LP4zmHsL0nap
4QJrAwNc5j17E5N2PxpqGj,Olivia Nelson,18904,33,https://open.spotify.com/artist/4QJrAwNc5j17E5N2PxpqGj
7n2wHs1TKAczGzO7Dd2rGr,Shawn Mendes,42624826,82,https://open.spotify.com/artist/7n2wHs1TKAczGzO7Dd2rGr
2FXC3k01G6Gw61bmprjgqS,Hozier,6370172,82,https://open.spotify.com/artist/2FXC3k01G6Gw61bmprjgqS
3qnGvpP8Yth1AqSBMqON5x,Leon Bridges,1616558,71,https://open.spotify.com/artist/3qnGvpP8Yth1AqSBMqON5x
74XFHRwlV6OrjEM0A2NCMF,Paramore,8264913,77,https://open.spotify.com/artist/74XFHRwlV6OrjEM0A2NCMF
1dfeR4HaWDbWqFHLkxsg1d,Queen,49076623,84,https://open.spotify.com/artist/1dfeR4HaWDbWqFHLkxsg1d
4IvS1ZZ5nyiNMheybfx3Hf,The Coup,73769,37,https://open.spotify.com/artist/4IvS1ZZ5nyiNMheybfx3Hf
4y6J8jwRAwO4dssiSmN91R,Muddy Waters,1263142,54,https://open.spotify.com/artist/4y6J8jwRAwO4dssiSmN91R
1uR7zoLrSRI8bSL43OZ0GY,Ezra Furman,174933,45,https://open.spotify.com/artist/1uR7zoLrSRI8bSL43OZ0GY
5r1bdqzhgRoHC3YcCV6N5a,The Darkness,417481,56,https://open.spotify.com/artist/5r1bdqzhgRoHC3YcCV6N5a
0kObWap02DEg9EAJ3PBxzf,Starship,1019028,65,https://open.spotify.com/artist/0kObWap02DEg9EAJ3PBxzf
6IWDRzTxF8cEkf0dXYMSrb,jtbs,2129,26,https://open.spotify.com/artist/6IWDRzTxF8cEkf0dXYMSrb
6jlWj6y00bMQt8XoKuCjyZ,Emily King,197553,47,https://open.spotify.com/artist/6jlWj6y00bMQt8XoKuCjyZ
4hTL3jOgvZwOqegEZTOrCc,Col3trane,168028,50,https://open.spotify.com/artist/4hTL3jOgvZwOqegEZTOrCc
2ymLCgoeNHbhPDwMb3N3iQ,The Shindellas,7443,24,https://open.spotify.com/artist/2ymLCgoeNHbhPDwMb3N3iQ
5me0Irg2ANcsgc93uaYrpb,The Notorious B.I.G.,9738920,76,https://open.spotify.com/artist/5me0Irg2ANcsgc93uaYrpb
6nS5roXSAGhTGr34W6n7Et,Disclosure,2146080,71,https://open.spotify.com/artist/6nS5roXSAGhTGr34W6n7Et
6mcrZQmgzFGRWf7C0SObou,Frankie Valli & The Four Seasons,613876,62,https://open.spotify.com/artist/6mcrZQmgzFGRWf7C0SObou
5LuLeXlnT2jFxbx7Cg7j88,Ady Suleiman,99088,43,https://open.spotify.com/artist/5LuLeXlnT2jFxbx7Cg7j88
0EF0xdjRZNktbZ8Aoqf4Di,TĀLĀ,11388,17,https://open.spotify.com/artist/0EF0xdjRZNktbZ8Aoqf4Di
7JFinw4LobpCUjapyKvsjo,Sam Wills,75103,52,https://open.spotify.com/artist/7JFinw4LobpCUjapyKvsjo
2hPgGN4uhvXAxiXQBIXOmE,KIDS SEE GHOSTS,951182,59,https://open.spotify.com/artist/2hPgGN4uhvXAxiXQBIXOmE
52lBOxCxbJg0ttXEW9CQpW,Louis Prima,193612,58,https://open.spotify.com/artist/52lBOxCxbJg0ttXEW9CQpW
1Bl6wpkWCQ4KVgnASpvzzA,BROCKHAMPTON,2185997,64,https://open.spotify.com/artist/1Bl6wpkWCQ4KVgnASpvzzA
1anyVhU62p31KFi8MEzkbf,Chance the Rapper,5947726,72,https://open.spotify.com/artist/1anyVhU62p31KFi8MEzkbf
0hDjKSKjl1DC7ovYTDJHe8,Bruno Major,1311197,65,https://open.spotify.com/artist/0hDjKSKjl1DC7ovYTDJHe8
5xI4mPixKfrCCspATqbpy3,Eryn Allen Kane,81711,54,https://open.spotify.com/artist/5xI4mPixKfrCCspATqbpy3
5gsyao2Qm21EKylbVIuRQ3,11:11,278612,41,https://open.spotify.com/artist/5gsyao2Qm21EKylbVIuRQ3
6hfwwpXqZPRC9CsKI7qtv1,Alina Baraz,1380309,63,https://open.spotify.com/artist/6hfwwpXqZPRC9CsKI7qtv1
4QkSD9TRUnMtI8Fq1jXJJe,Snail Mail,379469,49,https://open.spotify.com/artist/4QkSD9TRUnMtI8Fq1jXJJe
09kXLeOXRyfNQMXRaDO4qA,Nilüfer Yanya,168965,45,https://open.spotify.com/artist/09kXLeOXRyfNQMXRaDO4qA
0utS63XytOEVN1EtzWhJpG,The Radio Dept.,149459,48,https://open.spotify.com/artist/0utS63XytOEVN1EtzWhJpG
4CvTDPKA6W06DRfBnZKrau,Thom Yorke,1019674,56,https://open.spotify.com/artist/4CvTDPKA6W06DRfBnZKrau
0EmUT6i9rTu9ZHy1Tl1iuX,Natalie Prass,49334,34,https://open.spotify.com/artist/0EmUT6i9rTu9ZHy1Tl1iuX
3UjPnt2nRmw10N58bBeNOg,Xavier Omär,429943,50,https://open.spotify.com/artist/3UjPnt2nRmw10N58bBeNOg
0WjtdWS6su0f3jrW9aqEHl,Berhana,203209,48,https://open.spotify.com/artist/0WjtdWS6su0f3jrW9aqEHl
2tAqnHDAgnGtjnlzyoa38L,Ama Lou,271325,44,https://open.spotify.com/artist/2tAqnHDAgnGtjnlzyoa38L
2ICR2m4hOBPhaYiZB3rnLW,Sonder,979399,70,https://open.spotify.com/artist/2ICR2m4hOBPhaYiZB3rnLW
24Cf1irKt7kcewb9OOkPum,Joyce Wrice,186473,49,https://open.spotify.com/artist/24Cf1irKt7kcewb9OOkPum
24EY6rZFOruUXOcoqxUW21,Kay Franklin,1763,21,https://open.spotify.com/artist/24EY6rZFOruUXOcoqxUW21
7e1ICztHM2Sc4JNLxeMXYl,dvsn,1220436,56,https://open.spotify.com/artist/7e1ICztHM2Sc4JNLxeMXYl
5M0lbkGluOPXLeFjApw8r8,DRAM,840230,58,https://open.spotify.com/artist/5M0lbkGluOPXLeFjApw8r8
44drVL4jbdo6T6llD5cMgx,McClenney,58690,34,https://open.spotify.com/artist/44drVL4jbdo6T6llD5cMgx
1EpyA68dKpjf7jXmQL88Hy,Noname,718950,55,https://open.spotify.com/artist/1EpyA68dKpjf7jXmQL88Hy
4jqFe1fd5uul2XSSxsRvbZ,Cam O'bi,17270,46,https://open.spotify.com/artist/4jqFe1fd5uul2XSSxsRvbZ
2PU4qFehXQF7WnlFsJpBiJ,Raury,200214,48,https://open.spotify.com/artist/2PU4qFehXQF7WnlFsJpBiJ
4TrraAsitQKl821DQY42cZ,Sigrid,692173,58,https://open.spotify.com/artist/4TrraAsitQKl821DQY42cZ
6mQfAAqZGBzIfrmlZCeaYT,Chaka Khan,1571569,61,https://open.spotify.com/artist/6mQfAAqZGBzIfrmlZCeaYT
7DkftpjbqLhwjlCUe567y9,Moe Moks,1562,32,https://open.spotify.com/artist/7DkftpjbqLhwjlCUe567y9
1lEBJGJgdoevi1Clv9CqLT,Branko,52003,40,https://open.spotify.com/artist/1lEBJGJgdoevi1Clv9CqLT
7e3FtKBIPLrIVm8g1FJMVg,Sango,195662,54,https://open.spotify.com/artist/7e3FtKBIPLrIVm8g1FJMVg
2BccVcXzmwMB2b2mDEPuQH,COSIMA,14090,25,https://open.spotify.com/artist/2BccVcXzmwMB2b2mDEPuQH
0Ns29jDBaYI2wbHvTR1B9j,Diamond White,27632,33,https://open.spotify.com/artist/0Ns29jDBaYI2wbHvTR1B9j
3UVRliakQfa1pMWIsNuiZ8,Musiq Soulchild,1122023,57,https://open.spotify.com/artist/3UVRliakQfa1pMWIsNuiZ8
4ScCswdRlyA23odg9thgIO,Jess Glynne,3028470,71,https://open.spotify.com/artist/4ScCswdRlyA23odg9thgIO
1tc4LrAlQ8EmlauDoAvpBa,Sammus,16549,21,https://open.spotify.com/artist/1tc4LrAlQ8EmlauDoAvpBa
0N41KJ4H6bkPAm2tx7VS8C,Anna Wise,70511,54,https://open.spotify.com/artist/0N41KJ4H6bkPAm2tx7VS8C
1Ss8sy3C3XXQgxYRwjDln8,Ralph,62805,42,https://open.spotify.com/artist/1Ss8sy3C3XXQgxYRwjDln8
49tQo2QULno7gxHutgccqF,LANY,5701408,72,https://open.spotify.com/artist/49tQo2QULno7gxHutgccqF
1mSJCvDX0W7Dn7S9C6vmvI,Anna of the North,213665,57,https://open.spotify.com/artist/1mSJCvDX0W7Dn7S9C6vmvI
6MDME20pz9RveH9rEXvrOM,Clean Bandit,5359704,73,https://open.spotify.com/artist/6MDME20pz9RveH9rEXvrOM
14rP13jdQNgQvuPA2AkBgm,Glades,83785,44,https://open.spotify.com/artist/14rP13jdQNgQvuPA2AkBgm
5WUlDfRSoLAfcVSX1WnrxN,Sia,27447096,85,https://open.spotify.com/artist/5WUlDfRSoLAfcVSX1WnrxN
1Cs0zKBU1kc0i8ypK3B9ai,David Guetta,25870674,87,https://open.spotify.com/artist/1Cs0zKBU1kc0i8ypK3B9ai
4D75GcNG95ebPtNvoNVXhz,AFROJACK,3942749,70,https://open.spotify.com/artist/4D75GcNG95ebPtNvoNVXhz
0kqRUwSJCCooeI3hNRsghY,Johnny Rain,82959,38,https://open.spotify.com/artist/0kqRUwSJCCooeI3hNRsghY
71Ug2zQHWlJFjNCK8swHfL,Diana Gordon,40396,31,https://open.spotify.com/artist/71Ug2zQHWlJFjNCK8swHfL
4fJsnm9CeDAPrwO4MAEToj,Dounia,123261,40,https://open.spotify.com/artist/4fJsnm9CeDAPrwO4MAEToj
2FovgCfOwN9iqbkCBlKFdT,Ellise,1673603,57,https://open.spotify.com/artist/2FovgCfOwN9iqbkCBlKFdT
41JNAYVuPs7zwJbQBQ6tec,Manatee Commune,22121,30,https://open.spotify.com/artist/41JNAYVuPs7zwJbQBQ6tec
2QSPrJfYeRXaltEEiriXN9,Tove Styrke,158356,47,https://open.spotify.com/artist/2QSPrJfYeRXaltEEiriXN9
20JZFwl6HVl6yg8a4H3ZqK,Panic! At The Disco,12047438,76,https://open.spotify.com/artist/20JZFwl6HVl6yg8a4H3ZqK
3tVQdUvClmAT7URs9V3rsp,Wizkid,4833127,77,https://open.spotify.com/artist/3tVQdUvClmAT7URs9V3rsp
0ce3UlXwNzZPkj78XYLE7V,Ayanis,11358,25,https://open.spotify.com/artist/0ce3UlXwNzZPkj78XYLE7V
6NnWCx7mer62qXytwEKZm9,Lorine Chia,46082,43,https://open.spotify.com/artist/6NnWCx7mer62qXytwEKZm9
0bdfiayQAKewqEvaU6rXCv,MØ,1447693,71,https://open.spotify.com/artist/0bdfiayQAKewqEvaU6rXCv
5QuBVnBPEzwYvFrgBbwpmU,Empress Of,124859,51,https://open.spotify.com/artist/5QuBVnBPEzwYvFrgBbwpmU
1vCT7fzQTHTmNNccy97dMp,Danéx,1036,12,https://open.spotify.com/artist/1vCT7fzQTHTmNNccy97dMp
7guDJrEfX3qb6FEbdPA5qi,Stevie Wonder,6329330,76,https://open.spotify.com/artist/7guDJrEfX3qb6FEbdPA5qi
2MuFzH1J5I6gGFYo2qhZmX,Ryn Weaver,227868,48,https://open.spotify.com/artist/2MuFzH1J5I6gGFYo2qhZmX
5QSx2vpiSchSeCwc0qmfNI,Who Is Fancy,36589,33,https://open.spotify.com/artist/5QSx2vpiSchSeCwc0qmfNI
5cKlE8f6b26h61Ml7m052Q,Haley Reinhart,325794,62,https://open.spotify.com/artist/5cKlE8f6b26h61Ml7m052Q
1zNqQNIdeOUZHb8zbZRFMX,Swae Lee,1992221,80,https://open.spotify.com/artist/1zNqQNIdeOUZHb8zbZRFMX
0pghUohLPptZWBasy2wmUx,THEY.,350668,52,https://open.spotify.com/artist/0pghUohLPptZWBasy2wmUx
3GeZ2hxlimcfZ7v3qxf5UT,Coca Vango,14772,28,https://open.spotify.com/artist/3GeZ2hxlimcfZ7v3qxf5UT
0XSz7OqyhKBKRq4ZU8WpAo,KAMILLE,16360,46,https://open.spotify.com/artist/0XSz7OqyhKBKRq4ZU8WpAo
6mK0vAO13gT8jWYANyoXAl,Young Franco,69533,49,https://open.spotify.com/artist/6mK0vAO13gT8jWYANyoXAl
3JmGsgVoGUN1Ro1jLfi7k1,Scrufizzer,23200,49,https://open.spotify.com/artist/3JmGsgVoGUN1Ro1jLfi7k1
1MXZ0hsGic96dWRDKwAwdr,Tyla Yaweh,540674,56,https://open.spotify.com/artist/1MXZ0hsGic96dWRDKwAwdr
0jUQSUOcM7lxVn5eVGTkzQ,Justine Skye,827488,66,https://open.spotify.com/artist/0jUQSUOcM7lxVn5eVGTkzQ
5Nf5yishRW9Ye174sJISkg,London On Da Track,66026,51,https://open.spotify.com/artist/5Nf5yishRW9Ye174sJISkg
02kJSzxNuaWGqwubyUba0Z,G-Eazy,5194865,75,https://open.spotify.com/artist/02kJSzxNuaWGqwubyUba0Z
3qBKjEOanahMxlRojwCzhI,Zacari,94316,67,https://open.spotify.com/artist/3qBKjEOanahMxlRojwCzhI
7wFDo161xYdeaiLz3KIHoM,Gallant,303790,50,https://open.spotify.com/artist/7wFDo161xYdeaiLz3KIHoM
2IEnjZsVDEPKUTxNinyqba,Tiffany Gouché,29649,44,https://open.spotify.com/artist/2IEnjZsVDEPKUTxNinyqba
1ShZZUjkbXCjhwrb18BA8I,Bryce Vine,499258,61,https://open.spotify.com/artist/1ShZZUjkbXCjhwrb18BA8I
3tQx1LPXbsYjE9VwN1Peaa,Marc E. Bassy,416041,57,https://open.spotify.com/artist/3tQx1LPXbsYjE9VwN1Peaa
3QTDHixorJelOLxoxcjqGx,SiR,942519,63,https://open.spotify.com/artist/3QTDHixorJelOLxoxcjqGx
2NqeFgy0ual6Abk5hd0xxi,Emma Blackery,65593,30,https://open.spotify.com/artist/2NqeFgy0ual6Abk5hd0xxi
6cdcTRFv0nFBQZPmTLWhRh,Amara La Negra,36365,27,https://open.spotify.com/artist/6cdcTRFv0nFBQZPmTLWhRh
2sfC2KuIzmNQEtVordUuqq,WESLEE,16985,31,https://open.spotify.com/artist/2sfC2KuIzmNQEtVordUuqq
2retT7MFwHDVTeGKDdybEx,K. Michelle,1733070,47,https://open.spotify.com/artist/2retT7MFwHDVTeGKDdybEx
0VRj0yCOv2FXJNP47XQnx5,Quavo,7159272,77,https://open.spotify.com/artist/0VRj0yCOv2FXJNP47XQnx5
0Y3agQaa6g2r0YmHPOO9rh,Davido,4266465,72,https://open.spotify.com/artist/0Y3agQaa6g2r0YmHPOO9rh
0SnSLcjKHdpYJaBLGA0TA4,Rachel Kerr,3878,15,https://open.spotify.com/artist/0SnSLcjKHdpYJaBLGA0TA4
5Y8eJDj37KhaEeqbVO7Ag1,PRETTYMUCH,1284003,55,https://open.spotify.com/artist/5Y8eJDj37KhaEeqbVO7Ag1
3nViOFa3kZW8OMSNOzwr98,Queen Naija,2974375,60,https://open.spotify.com/artist/3nViOFa3kZW8OMSNOzwr98
2Sqr0DXoaYABbjBo9HaMkM,Sara Bareilles,1919940,64,https://open.spotify.com/artist/2Sqr0DXoaYABbjBo9HaMkM
1mKtlPrXjWK6oIdk9cSOjs,Asiahn,243611,36,https://open.spotify.com/artist/1mKtlPrXjWK6oIdk9cSOjs
7nwUJBm0HE4ZxD3f5cy5ok,Aretha Franklin,3275342,70,https://open.spotify.com/artist/7nwUJBm0HE4ZxD3f5cy5ok
4AA8eXtzqh5ykxtafLaPOi,What So Not,308253,54,https://open.spotify.com/artist/4AA8eXtzqh5ykxtafLaPOi
5sWHDYs0csV6RS48xBl0tH,Two Feet,1928629,69,https://open.spotify.com/artist/5sWHDYs0csV6RS48xBl0tH
2Rf4X6m0oayCJhaJ5K63GQ,Nathan Sykes,457663,53,https://open.spotify.com/artist/2Rf4X6m0oayCJhaJ5K63GQ
21TinSsF5ytwsfdyz5VSVS,dodie,1046499,59,https://open.spotify.com/artist/21TinSsF5ytwsfdyz5VSVS
7z2avKuuiMAT4XZJFv8Rvh,Tom Walker,1141773,66,https://open.spotify.com/artist/7z2avKuuiMAT4XZJFv8Rvh
1cZQSpDsxgKIX2yW5OR9Ot,Lennon Stella,378084,61,https://open.spotify.com/artist/1cZQSpDsxgKIX2yW5OR9Ot
1o2NpYGqHiCq7FoiYdyd1x,Bea Miller,3137932,65,https://open.spotify.com/artist/1o2NpYGqHiCq7FoiYdyd1x
0ZED1XzwlLHW4ZaG4lOT6m,Julia Michaels,5069797,73,https://open.spotify.com/artist/0ZED1XzwlLHW4ZaG4lOT6m
6Xgp2XMz1fhVYe7i6yNAax,Trippie Redd,9286268,80,https://open.spotify.com/artist/6Xgp2XMz1fhVYe7i6yNAax
48nwxUvPJZkm8uPa7xMzmj,"Bobby ""Blue"" Bland",146210,50,https://open.spotify.com/artist/48nwxUvPJZkm8uPa7xMzmj
4ylR3zwA0zaapAu94fktwa,Macy Gray,648122,59,https://open.spotify.com/artist/4ylR3zwA0zaapAu94fktwa
6Z4JcgqrqgysyHIPRtDIHo,Baby Rose,67417,44,https://open.spotify.com/artist/6Z4JcgqrqgysyHIPRtDIHo
4vZBqD3QXrKiE3mZ6zHr22,duendita,38281,36,https://open.spotify.com/artist/4vZBqD3QXrKiE3mZ6zHr22
3dkbV4qihUeMsqN4vBGg93,Al Green,1903634,65,https://open.spotify.com/artist/3dkbV4qihUeMsqN4vBGg93
77SW9BnxLY8rJ0RciFqkHh,The Neighbourhood,15127096,83,https://open.spotify.com/artist/77SW9BnxLY8rJ0RciFqkHh
2joIhhX3Feq47H4QXVDOr3,RINI,750946,58,https://open.spotify.com/artist/2joIhhX3Feq47H4QXVDOr3
6t2Rja6dihuxH6Mrgyynp6,LIZ,123248,42,https://open.spotify.com/artist/6t2Rja6dihuxH6Mrgyynp6
5a2w2tgpLwv26BYJf2qYwu,SOPHIE,450792,49,https://open.spotify.com/artist/5a2w2tgpLwv26BYJf2qYwu
4oJsWKOJCNMfUbIpR2jk8Z,Tora-i,33909,36,https://open.spotify.com/artist/4oJsWKOJCNMfUbIpR2jk8Z
7G1GBhoKtEPnP86X2PvEYO,Nina Simone,2759410,68,https://open.spotify.com/artist/7G1GBhoKtEPnP86X2PvEYO
3Z9b1MnVKbJw8LpgQclsls,Sir Babygirl,15654,28,https://open.spotify.com/artist/3Z9b1MnVKbJw8LpgQclsls
3lDpdwM8KILepMHqBWUhIA,The Struts,369672,58,https://open.spotify.com/artist/3lDpdwM8KILepMHqBWUhIA
07YZf4WDAMNwqr4jfgOZ8y,Jason Derulo,11917183,77,https://open.spotify.com/artist/07YZf4WDAMNwqr4jfgOZ8y
4RSyJzf7ef6Iu2rnLdabNq,Willy William,234997,64,https://open.spotify.com/artist/4RSyJzf7ef6Iu2rnLdabNq
2FMOHE79X98yptp4RpPrt7,PJ Morton,254735,55,https://open.spotify.com/artist/2FMOHE79X98yptp4RpPrt7
35GL8Cu2GKTcHzKGi75xl5,Jennifer Hudson,1900568,60,https://open.spotify.com/artist/35GL8Cu2GKTcHzKGi75xl5
0nnBZ8FXWjG9wZgM2cpfeb,Leon Thomas,116712,54,https://open.spotify.com/artist/0nnBZ8FXWjG9wZgM2cpfeb
0owrNlxvcLL8KI0U5sYBUb,Louis York,9386,30,https://open.spotify.com/artist/0owrNlxvcLL8KI0U5sYBUb
2kxP07DLgs4xlWz8YHlvfh,NIKI,3480559,76,https://open.spotify.com/artist/2kxP07DLgs4xlWz8YHlvfh
1zNqDE7qDGCsyzJwohVaoX,Anne-Marie,11590527,78,https://open.spotify.com/artist/1zNqDE7qDGCsyzJwohVaoX
2M3vnW1p5w4uPRkLYTbvdB,Rusted Root,204397,56,https://open.spotify.com/artist/2M3vnW1p5w4uPRkLYTbvdB
5WRElKaZsn1tGnrgmJVAeO,Cam,278716,51,https://open.spotify.com/artist/5WRElKaZsn1tGnrgmJVAeO
0u2FHSq3ln94y5Q57xazwf,Keith Urban,5152390,68,https://open.spotify.com/artist/0u2FHSq3ln94y5Q57xazwf
0ojcq9LJQWMawQdFDw3M0L,Nico Segal,192449,43,https://open.spotify.com/artist/0ojcq9LJQWMawQdFDw3M0L
5rSXSAkZ67PYJSvpUpkOr7,Backstreet Boys,5492891,74,https://open.spotify.com/artist/5rSXSAkZ67PYJSvpUpkOr7
4STHEaNw4mPZ2tzheohgXB,Paul McCartney,4653921,73,https://open.spotify.com/artist/4STHEaNw4mPZ2tzheohgXB
2feDdbD5araYcm6JhFHHw7,Labrinth,3143321,77,https://open.spotify.com/artist/2feDdbD5araYcm6JhFHHw7
7dGJo4pcD2V6oG8kP0tJRR,Eminem,80896363,90,https://open.spotify.com/artist/7dGJo4pcD2V6oG8kP0tJRR
6ly2Z6h9dOerORbK1l2N8D,Coucheron,9586,41,https://open.spotify.com/artist/6ly2Z6h9dOerORbK1l2N8D
3ijd7T9kkzgvfx1az6Z3wj,Yungen,310871,44,https://open.spotify.com/artist/3ijd7T9kkzgvfx1az6Z3wj
60W5voThnCKW5p1iH3KjQZ,Keida,11633,20,https://open.spotify.com/artist/60W5voThnCKW5p1iH3KjQZ
1OFOShsIbhy1l5x73yuVyB,Shenseea,652388,61,https://open.spotify.com/artist/1OFOShsIbhy1l5x73yuVyB
4qBgvVog0wzW75IQ48mU7v,KYLE,1053584,61,https://open.spotify.com/artist/4qBgvVog0wzW75IQ48mU7v
6vXTefBL93Dj5IqAWq6OTv,French Montana,5259519,73,https://open.spotify.com/artist/6vXTefBL93Dj5IqAWq6OTv
0Hph7A15zcpBtLVMdQqJpw,IQ,38,0,https://open.spotify.com/artist/0Hph7A15zcpBtLVMdQqJpw
6BaMQ00pgw8OFbRa2VY8YN,Shaylissa Zhane,6,0,https://open.spotify.com/artist/6BaMQ00pgw8OFbRa2VY8YN
1CgbNAF3Stnz1Tpipu3xdO,Elujay,92175,42,https://open.spotify.com/artist/1CgbNAF3Stnz1Tpipu3xdO
2TLYSzGyVYkxAgYSCqUnQj,Jay Prince,142795,46,https://open.spotify.com/artist/2TLYSzGyVYkxAgYSCqUnQj
30AzZL0valZQ62OIQiFWvk,Beverley Knight,91517,42,https://open.spotify.com/artist/30AzZL0valZQ62OIQiFWvk
