track_id,playlist_id
7616W1uj1OqNPrCNJdUkCE,3MJhPqL2IgGs7gHEB2M35q
7616W1uj1OqNPrCNJdUkCE,3CblJq8QQQ0bb7vwJu8c3v
7616W1uj1OqNPrCNJdUkCE,3AAY8YicetRPlDAkibHLiS
7616W1uj1OqNPrCNJdUkCE,1dvqHhLNccePPBHq11TW7v
7616W1uj1OqNPrCNJdUkCE,0ofHAoxe9vBkTCp2UQIavz
7616W1uj1OqNPrCNJdUkCE,6OylYIXrIH2E3hgg7Dqz5M
7616W1uj1OqNPrCNJdUkCE,6EidGY4S6hkU6fwNdSSabg
7616W1uj1OqNPrCNJdUkCE,04CqLjewJiSAqM210vZAmT
7616W1uj1OqNPrCNJdUkCE,0Fl4eWzVaMUOdXcOrj6F1q
7616W1uj1OqNPrCNJdUkCE,4DByEumlGTZKSzuVEZ35eo
7616W1uj1OqNPrCNJdUkCE,62tGzw9OJOwDcjPBnMPCuj
7616W1uj1OqNPrCNJdUkCE,4yk0t3ZG8vkoligoo7iAQB
7616W1uj1OqNPrCNJdUkCE,6xkryXuiZU360Lngd4sx13
7616W1uj1OqNPrCNJdUkCE,0KlahhzNb98zyN83Vwae0l
7616W1uj1OqNPrCNJdUkCE,6ekoBPfdfnWhQ8oJveaZSk
7616W1uj1OqNPrCNJdUkCE,5EAbUR2kkfDOCWEcWcb7YG
7616W1uj1OqNPrCNJdUkCE,40bgBzGrYBURVjiQ4itEkh
7616W1uj1OqNPrCNJdUkCE,73RbfOTJIjHzi2pcVHjeHM
7616W1uj1OqNPrCNJdUkCE,5KZVbtDMFcurkynWsncKtr
7616W1uj1OqNPrCNJdUkCE,6IhkXHtj7tJg5waF4utfX0
7616W1uj1OqNPrCNJdUkCE,3unpulZnIiKRZ4MCymHfXx
7616W1uj1OqNPrCNJdUkCE,3HIdbLmJpg6aPULSgCBmNn
7616W1uj1OqNPrCNJdUkCE,5iDrSIUAbuajDctFTGRRiR
2t8JKWp4eao7XuhEWkg1Xr,7p6ZeiNtEHJKmc4YWBZELG
2t8JKWp4eao7XuhEWkg1Xr,0afr1dMXHf6ItlpIfjx9ne
2t8JKWp4eao7XuhEWkg1Xr,7kzag1RHJUYeY8i3KRrQKw
2t8JKWp4eao7XuhEWkg1Xr,4a7SbqcOes5LFRYYSUuh4f
2t8JKWp4eao7XuhEWkg1Xr,0gE63HwMeWgK30ONO4witM
1dHe1Oml8TlKnSQF5Bpks8,4uR2dgTCiFQUfL9iIM4YQa
1dHe1Oml8TlKnSQF5Bpks8,6lIob2DRkcnjrymZN1QqU7
1dHe1Oml8TlKnSQF5Bpks8,0bYg9bo50gSsH3LtXe2SQn
1dHe1Oml8TlKnSQF5Bpks8,2C4YYe2aqRXKdKmb2nbUVr
1dHe1Oml8TlKnSQF5Bpks8,4PS1e8f2LvuTFgUs1Cn3ON
1dHe1Oml8TlKnSQF5Bpks8,177bLiZAvMp5FSLQwb4iCm
1dHe1Oml8TlKnSQF5Bpks8,4v9WbaxW8HdjqfUiWYWsII
1dHe1Oml8TlKnSQF5Bpks8,6W65jVdn0JtttcvFN1KppC
1dHe1Oml8TlKnSQF5Bpks8,7enVhl0fuHvQ4ErXvAXYIH
1dHe1Oml8TlKnSQF5Bpks8,5umJVEAPT2SocCoB99ZoaH
1dHe1Oml8TlKnSQF5Bpks8,4ukUoXLuFzMixyZyabSGc4
1dHe1Oml8TlKnSQF5Bpks8,1vZKP9XURuqMp1SpXGnoyb
1dHe1Oml8TlKnSQF5Bpks8,4lcOoKiLjBddCcg9FkeIJL
1dHe1Oml8TlKnSQF5Bpks8,28fuXrmmF9dYWx25dMW9dP
1dHe1Oml8TlKnSQF5Bpks8,71azyw4EJDlGru5Uw6DGzT
1dHe1Oml8TlKnSQF5Bpks8,65IJQ0yXkKcS6zh5ZCJoPe
6vtxvjvAjzlxQEaR9lJFuO,0WbhjZjAX5jD3PXWz7FGL8
6vtxvjvAjzlxQEaR9lJFuO,7MQywXGHEev7JmwwIzMcao
6vtxvjvAjzlxQEaR9lJFuO,5ldINBZXmoh6qoAzwXl5wX
6vtxvjvAjzlxQEaR9lJFuO,6gdhHMWUv1pvkOHqCUGvCp
7oSUWbSNCt8Xlb6xGw63tE,0O6u0VJ46W86TxN9wgyqDj
7oSUWbSNCt8Xlb6xGw63tE,7fYRg3CEbk6rNCuzNzMT06
7oSUWbSNCt8Xlb6xGw63tE,2eAcey7KS6TmHulCNjxABW
7oSUWbSNCt8Xlb6xGw63tE,6eVM9lCmIqwGTUOoeH61Lu
7oSUWbSNCt8Xlb6xGw63tE,79nkN1EmB1B03uZi9DcS4w
7oSUWbSNCt8Xlb6xGw63tE,1qEmFfgcLObUfQm0j1W2CK
7oSUWbSNCt8Xlb6xGw63tE,1BkY0N8ChFk2mdLbAUu8ZK
7oSUWbSNCt8Xlb6xGw63tE,2PDgArI0p7UkeYgXWuqpmh
7oSUWbSNCt8Xlb6xGw63tE,2KukL7UlQ8TdvpaA7bY3ZJ
7oSUWbSNCt8Xlb6xGw63tE,4efHJDBcmhJYs8n9hJcVC8
7oSUWbSNCt8Xlb6xGw63tE,6a44RET0b0enJMb5PVQlr8
7oSUWbSNCt8Xlb6xGw63tE,28JBD8p18xNuOfyV7Cotdn
7oSUWbSNCt8Xlb6xGw63tE,3k3NWokhRRkEPhCzPmV8TW
7oSUWbSNCt8Xlb6xGw63tE,0F2gXzgbzLvK9LrS7yKS8Q
7oSUWbSNCt8Xlb6xGw63tE,6zlIN2RRLiNzitagYR44m0
7oSUWbSNCt8Xlb6xGw63tE,0whGWOBySGYL6ef1GZAnVy
7oSUWbSNCt8Xlb6xGw63tE,3aw9iWUQ3VrPQltgwvN9Xu
7oSUWbSNCt8Xlb6xGw63tE,1nmypDEMIhxlgvZViMUmoZ
7oSUWbSNCt8Xlb6xGw63tE,1tyGqOo8VRLDVQETLtMyDS
7oSUWbSNCt8Xlb6xGw63tE,1RAeuvRyRzCweAK3jUT0ZW
7oSUWbSNCt8Xlb6xGw63tE,0kE7VDZD71YhnuxjtSHmah
7oSUWbSNCt8Xlb6xGw63tE,67v2UHujFruxWrDmjPYxD6
7oSUWbSNCt8Xlb6xGw63tE,7cWLl1E5iMvqIVhpmtUp6k
7oSUWbSNCt8Xlb6xGw63tE,1Ox4v6gCBk0iOVtvshkXR3
7oSUWbSNCt8Xlb6xGw63tE,2wG9CUSBZaF15R2ohLAnoe
7oSUWbSNCt8Xlb6xGw63tE,561ANIxwuIDp8n8teVXQiJ
7oSUWbSNCt8Xlb6xGw63tE,0WuKc8V6cB4LmTRiNcfkun
7oSUWbSNCt8Xlb6xGw63tE,1DIFFX5zpjyxaJvA8YFEji
7oSUWbSNCt8Xlb6xGw63tE,5hHvFrMnwic82WwRLr4WY0
7oSUWbSNCt8Xlb6xGw63tE,1xzi1Jcr7mEi9K2RfzLOqS
7oSUWbSNCt8Xlb6xGw63tE,0z3YYobsavHguLTgqg5GC1
7oSUWbSNCt8Xlb6xGw63tE,6Ve9MNsl8OFg6rHd227bYh
7oSUWbSNCt8Xlb6xGw63tE,1w7cgGZR86yWz1pA2puVJD
7oSUWbSNCt8Xlb6xGw63tE,3ceTUPvI4JAuSwFWfeB7Ym
7oSUWbSNCt8Xlb6xGw63tE,1CcorUngVSo7k2GX8GLB53
7oSUWbSNCt8Xlb6xGw63tE,4YkN3JlceD5n2aMqL1kFnH
7oSUWbSNCt8Xlb6xGw63tE,1Fwppfa2qKDAETKveNFsHR
7oSUWbSNCt8Xlb6xGw63tE,36NukHQiatLeLFXI5eTP1L
7oSUWbSNCt8Xlb6xGw63tE,4imKIkVUzP2Qmf4QeMGrPQ
727rvT3B5GciIZDtAWNnZx,2hPNuVVSV1tqiD2uPlfehz
727rvT3B5GciIZDtAWNnZx,2qEyhtx20tSCSubM3JXhxu
727rvT3B5GciIZDtAWNnZx,3ci2NK0t5iNzLw2u3F4MbM
727rvT3B5GciIZDtAWNnZx,5SFssNXGjeOxdAnECfgttm
727rvT3B5GciIZDtAWNnZx,6TSe2k1OyUiNLEl5IBNrd7
727rvT3B5GciIZDtAWNnZx,35PUhhwZL4HhmuqgOeFcfg
727rvT3B5GciIZDtAWNnZx,5ksM8r8u4AjMwvtqUif9W1
727rvT3B5GciIZDtAWNnZx,501mFwKeLnybf8JO3XL66O
727rvT3B5GciIZDtAWNnZx,4Jsqi44IrfUjdigUfZiaqr
727rvT3B5GciIZDtAWNnZx,6TvFFmzVIM7dnKH07qUyQy
727rvT3B5GciIZDtAWNnZx,4tv72g5KnIy4XbyDBhEFgA
727rvT3B5GciIZDtAWNnZx,1IjeGPU5hqHlJpm00zObN7
727rvT3B5GciIZDtAWNnZx,6tJOpzHYBF6Ym2gmmQy9mE
727rvT3B5GciIZDtAWNnZx,0X9mvqR44xcw6oLo89kn92
727rvT3B5GciIZDtAWNnZx,1n0LyQMSyzATuosIp7n1JF
727rvT3B5GciIZDtAWNnZx,549pFmf9vrgy1GwASWySLM
727rvT3B5GciIZDtAWNnZx,3Fo54IlOlnwzMwGjjEqCzN
727rvT3B5GciIZDtAWNnZx,1Krmuryy2a0MG3SQDlxM0T
727rvT3B5GciIZDtAWNnZx,4kntTTVtSIfsTl1dEak3X7
727rvT3B5GciIZDtAWNnZx,6EsOT4Yq4BavQSJ4sEe9dw
727rvT3B5GciIZDtAWNnZx,254M0egb4N2rQHwJSzVZxR
727rvT3B5GciIZDtAWNnZx,7er6txk9aoO2u9WNy1zke1
727rvT3B5GciIZDtAWNnZx,1CbxG199T0fzfUV5EO7aPV
727rvT3B5GciIZDtAWNnZx,4dzbGvxqQ1DsF6m6RUlPwg
727rvT3B5GciIZDtAWNnZx,24CY4TWscXoyZRrmsQdiq1
727rvT3B5GciIZDtAWNnZx,30ae9cv36eD4Q6Zc8PVF8v
727rvT3B5GciIZDtAWNnZx,6Y46tOTRhkBamosyuWa6YX
727rvT3B5GciIZDtAWNnZx,3ubMIzyq9JX8V931EW6Rms
727rvT3B5GciIZDtAWNnZx,1gp2oWZSi4ucFCvJU763Uq
727rvT3B5GciIZDtAWNnZx,29HemHbSIVerWQQ1YNVzXU
727rvT3B5GciIZDtAWNnZx,3G74znHq1U8CqX67NaWEKk
727rvT3B5GciIZDtAWNnZx,1q61CgKSbNYxkKbkOYKblr
727rvT3B5GciIZDtAWNnZx,428Xi4otOjv9TwhVqxbB41
727rvT3B5GciIZDtAWNnZx,3fcX3E9l1gVnfKeWaEzHHv
727rvT3B5GciIZDtAWNnZx,0OUoJ1BbBrgU6rR4M32Nje
727rvT3B5GciIZDtAWNnZx,28H3wOEKsaEa8NBEYCLl4j
727rvT3B5GciIZDtAWNnZx,15TXFTdwGEEL4jH9erTRnK
727rvT3B5GciIZDtAWNnZx,5dEJc0rHuTVxtl1xljDbRv
727rvT3B5GciIZDtAWNnZx,7wLFR87wmkMR4OnwrJ77Z0
727rvT3B5GciIZDtAWNnZx,0VWDJgtqJZSxP6hDvBRZUa
727rvT3B5GciIZDtAWNnZx,7dW6aiHZG0A8xApW0Xg40G
727rvT3B5GciIZDtAWNnZx,2RHDabM5M1Anxs2H8tmspQ
727rvT3B5GciIZDtAWNnZx,3goUufQotOykzA3zLkPNyb
727rvT3B5GciIZDtAWNnZx,751srcHf5tUqcEa9pRCQwP
727rvT3B5GciIZDtAWNnZx,5expoVGQPvXuwBBFuNGqBd
727rvT3B5GciIZDtAWNnZx,5702raF31K9rvD6KZ6sCTo
727rvT3B5GciIZDtAWNnZx,2Xrc2SOmcCHi9Fx5PynXVe
727rvT3B5GciIZDtAWNnZx,2DocffKfDso8efpWPOYTvI
727rvT3B5GciIZDtAWNnZx,61h5rJ790Vov9ks2Vut5mo
727rvT3B5GciIZDtAWNnZx,3jtSXngSQ7DvjavyA8Z64x
727rvT3B5GciIZDtAWNnZx,5NBJHzOmBMLehn0zLgo6FT
0EMQRAvE8slM9p6qgBLouJ,4EGz4rN8kpKF5mx5i0HHm1
0EMQRAvE8slM9p6qgBLouJ,3oSsklj0Q1zDzJbV8iXtDL
0EMQRAvE8slM9p6qgBLouJ,2Kb5Sy93AE70esO90eJgdQ
0EMQRAvE8slM9p6qgBLouJ,7MGPr84RIWHL9Zz9xLHe93
0EMQRAvE8slM9p6qgBLouJ,4vNOj7chCamVcOTe1MjAAN
0EMQRAvE8slM9p6qgBLouJ,2eAcey7KS6TmHulCNjxABW
0EMQRAvE8slM9p6qgBLouJ,5PF2WtSZV4EtmGx4oER1zt
0EMQRAvE8slM9p6qgBLouJ,4efHJDBcmhJYs8n9hJcVC8
0EMQRAvE8slM9p6qgBLouJ,7fYRg3CEbk6rNCuzNzMT06
0EMQRAvE8slM9p6qgBLouJ,5wjbycoA8X9C0HKphtnSZC
0EMQRAvE8slM9p6qgBLouJ,5MA0iU2dyAFwWUzfyrk2di
0EMQRAvE8slM9p6qgBLouJ,5Dz6wdHlI45KAOBAfMSJRS
0EMQRAvE8slM9p6qgBLouJ,1UlkeNTAI6j9xon4RcEVT2
0EMQRAvE8slM9p6qgBLouJ,67v2UHujFruxWrDmjPYxD6
0EMQRAvE8slM9p6qgBLouJ,4MAADpR6MjelkaZqe3Mgnv
0EMQRAvE8slM9p6qgBLouJ,4pdGqhW6HzzsFP8Gi3vMn8
0EMQRAvE8slM9p6qgBLouJ,0lolsWqQe1StrLfvEtlLlt
0EMQRAvE8slM9p6qgBLouJ,1dHiSGzb9WFtDKnBFJs4KO
0EMQRAvE8slM9p6qgBLouJ,4wMdqBMvVKpNPpRFiBRiXO
0EMQRAvE8slM9p6qgBLouJ,4k0VOhFzawpzyopWO1B9bF
0EMQRAvE8slM9p6qgBLouJ,601A8voGjkcqINtX6PFIts
0EMQRAvE8slM9p6qgBLouJ,3QBbRbF51EwVKeECZ1Hwy0
0EMQRAvE8slM9p6qgBLouJ,1Wu9EjGPifgj9Mzm1P8C03
0EMQRAvE8slM9p6qgBLouJ,1MMywhwJKpbVZeDlBAzOAH
0EMQRAvE8slM9p6qgBLouJ,0MOFpFNTB8immc0cXindTo
0EMQRAvE8slM9p6qgBLouJ,1dvqHhLNccePPBHq11TW7v
0EMQRAvE8slM9p6qgBLouJ,610faOY46uYOBi3KXazpSj
1036jobAcvvPfjEkvmuRnp,5xNpOm8Dn0utyeFaW1FJqe
1036jobAcvvPfjEkvmuRnp,3qF5smMwZhj5b58neJnmKw
1036jobAcvvPfjEkvmuRnp,0JdpWcCa8hLSoENXxEZ4b6
1036jobAcvvPfjEkvmuRnp,50ZFpw2wS6ERvLmW8TINhq
1036jobAcvvPfjEkvmuRnp,4S4QJfBGGrC8jRIjJHf1Ka
1036jobAcvvPfjEkvmuRnp,3KqGK6a7S87kGLFYdDugPx
1036jobAcvvPfjEkvmuRnp,7C50hRx4Ao2DYHLBZZ6xh6
1036jobAcvvPfjEkvmuRnp,2ozAOPkM0rYqQweAhuXMry
1036jobAcvvPfjEkvmuRnp,7CH99b2i1TXS5P8UUyWtnM
1036jobAcvvPfjEkvmuRnp,0sT4slW2xWai3EwVSiuL9Y
1036jobAcvvPfjEkvmuRnp,7kGvCy8SWzrxhAyZxtSNdO
1036jobAcvvPfjEkvmuRnp,6rj48XPo5Gk9T7kXFYY93y
1036jobAcvvPfjEkvmuRnp,0GJChDESQJ6Yw7MHVz5j4P
1036jobAcvvPfjEkvmuRnp,2dQn5I17lUiQ8ZpjqMh3TU
1036jobAcvvPfjEkvmuRnp,01ukVTKa6DhejzNulpoG2t
1036jobAcvvPfjEkvmuRnp,6zpd3clOMPnCrroDBqrJU6
1036jobAcvvPfjEkvmuRnp,3KfKcViZxY8AbGlTw85OdF
1036jobAcvvPfjEkvmuRnp,08tdFfSLp50Wv6HIcfH9YP
1036jobAcvvPfjEkvmuRnp,6N5QUrxpUVOMJGCb4zeUr5
1036jobAcvvPfjEkvmuRnp,0mvKoOMnjfGtgTEUQAHWMs
1036jobAcvvPfjEkvmuRnp,0k2HFzw2iQENrU2oWtVJEb
1036jobAcvvPfjEkvmuRnp,1MVq0orlrDhMg4OSazRgr5
1036jobAcvvPfjEkvmuRnp,3FGj53xlCa43WHUQ4dDF6y
1036jobAcvvPfjEkvmuRnp,3UjkUgj9YDEfw0JHGVjsMt
1036jobAcvvPfjEkvmuRnp,59LmAQrsS5O64n90EaTQUf
1036jobAcvvPfjEkvmuRnp,4GobDRbKnfjrA3KX5LhOwS
1036jobAcvvPfjEkvmuRnp,0YA8QupyhYiJWDFvqzejpW
1036jobAcvvPfjEkvmuRnp,1dKe9VEGUSNfzn5MDvm6SJ
1036jobAcvvPfjEkvmuRnp,2nQF3xgFXtXVUlaQNiUARI
1036jobAcvvPfjEkvmuRnp,1aNiHxopNsQDGRCrrAw9FX
1036jobAcvvPfjEkvmuRnp,3XE2o2cDDT16Oq2fcM4sOe
1036jobAcvvPfjEkvmuRnp,1taBEywFZlZO7xiEEIyajF
1036jobAcvvPfjEkvmuRnp,3oSsklj0Q1zDzJbV8iXtDL
1036jobAcvvPfjEkvmuRnp,0UmAJi6GA97EVy9hlxT9ip
1036jobAcvvPfjEkvmuRnp,3yOaX3XEVAnTIyUHagBJvj
1036jobAcvvPfjEkvmuRnp,7tCmUu18EkTlGhGV2wmE7x
1036jobAcvvPfjEkvmuRnp,1reKt6v6yB94YFSgpdMGsh
1036jobAcvvPfjEkvmuRnp,0asd5fbnDIKKRdnYskMFDa
1036jobAcvvPfjEkvmuRnp,7MauSmUjqaucrNk7xtsHin
1036jobAcvvPfjEkvmuRnp,1Nds91TqWbDaVgPJPMr4fM
1036jobAcvvPfjEkvmuRnp,0z6aLSVOKcrq5UuCjzEw5z
1036jobAcvvPfjEkvmuRnp,2e4oIsOkGJNQ4Ab9sjOm52
1036jobAcvvPfjEkvmuRnp,7nnS3uqsyFDQLlcjkK7mAA
1036jobAcvvPfjEkvmuRnp,5chF5XlWWVZftPZYfwpwdv
1036jobAcvvPfjEkvmuRnp,763eurtqMMf49M7RZObn05
1036jobAcvvPfjEkvmuRnp,04jLDU4ctr7KwMX0n28WEZ
1036jobAcvvPfjEkvmuRnp,2qEyhtx20tSCSubM3JXhxu
1036jobAcvvPfjEkvmuRnp,0IMUFRaM2W3wKNM1CSQ4Zm
1036jobAcvvPfjEkvmuRnp,2avRIlZPDXdDOdPIgCcKq3
1036jobAcvvPfjEkvmuRnp,3zmkCbsIVTXH5LvQ5twitZ
1036jobAcvvPfjEkvmuRnp,6A6yKpsgFr4gIKd7gsfHhm
1036jobAcvvPfjEkvmuRnp,3e1C4xcn4REvbAa7M6VshF
17WbxPtKWQ4KMsbnJ3XIdB,3WhHjept5wDaNPsE7G4Zof
17WbxPtKWQ4KMsbnJ3XIdB,2aOufD9FiarF4jDaxo8B8c
17WbxPtKWQ4KMsbnJ3XIdB,01ukVTKa6DhejzNulpoG2t
17WbxPtKWQ4KMsbnJ3XIdB,39xVzbZDVYROIkoI0wJU7k
17WbxPtKWQ4KMsbnJ3XIdB,7hLyAxfA4obdEW8DXMsqpU
17WbxPtKWQ4KMsbnJ3XIdB,7h1kWdBH8pV84RNP2foaf5
17WbxPtKWQ4KMsbnJ3XIdB,4nY5F7ukzrGVRF2OxYoCPX
17WbxPtKWQ4KMsbnJ3XIdB,3tZs3nVjySLbL320lP4mvs
17WbxPtKWQ4KMsbnJ3XIdB,3ocupZmiN2ZqQjTVntVtLv
7wF2k0RncoFTTzwX0AamWk,1dDfNKasu3ETniVIYLAZNM
7wF2k0RncoFTTzwX0AamWk,6rQlfR31QLNCBrq0no1Qc2
7wF2k0RncoFTTzwX0AamWk,5fdhThPDe6jQQDqCyWrdAn
7wF2k0RncoFTTzwX0AamWk,343maiZvmnpCQEZC2nw66F
7wF2k0RncoFTTzwX0AamWk,4VX5F5jHoVO8g9SiEFzBTb
7wF2k0RncoFTTzwX0AamWk,1AEwUAbTx0ysdikUegUdQR
7wF2k0RncoFTTzwX0AamWk,6A8spBZpLjC8LBPRf2TgJD
7wF2k0RncoFTTzwX0AamWk,6oc3yOdUgjSK6ydBaOX1to
7wF2k0RncoFTTzwX0AamWk,7btqlweUDkc7ik9kl4XPak
7wF2k0RncoFTTzwX0AamWk,1i52oNIgbmyMDXJaM8LP9H
7wF2k0RncoFTTzwX0AamWk,0zUXyDr4tSc7iSfdX7Zjtd
7wF2k0RncoFTTzwX0AamWk,6fdVBAXMxv5vAABQCpOtI5
7wF2k0RncoFTTzwX0AamWk,0ITwTSwgsqcPtRBeNYe9yy
7wF2k0RncoFTTzwX0AamWk,2fDHuS1PTkHBbCWWZF1ph9
7wF2k0RncoFTTzwX0AamWk,27876bQcDNkZhWqvF0zfFN
7wF2k0RncoFTTzwX0AamWk,3lVPtkNFoIyPPGVdNri4VH
7wF2k0RncoFTTzwX0AamWk,2Asiem9O0YGuvvoAkz8aSq
7wF2k0RncoFTTzwX0AamWk,7E8nKMtXMqIQbvl1Ta9Ucw
7wF2k0RncoFTTzwX0AamWk,1V1tqCF60nsfTfZUENTF03
7wF2k0RncoFTTzwX0AamWk,1wgXZFadykcGX9W1olAOmp
7wF2k0RncoFTTzwX0AamWk,0ju1jP0cSPJ8tmojYBEI89
7wF2k0RncoFTTzwX0AamWk,5hviCr3lgg6LY6noG6DPKs
7wF2k0RncoFTTzwX0AamWk,0AkZjWYCMJ8wWiNex7LmkY
7wF2k0RncoFTTzwX0AamWk,7rqaqQurHzR5xHAhdm1gmM
7wF2k0RncoFTTzwX0AamWk,4UN6sBmFTt2IqxN3IRqJT3
7wF2k0RncoFTTzwX0AamWk,7tTElNyvXsfFcxDXIiH5cm
7wF2k0RncoFTTzwX0AamWk,6sxptembJVty4sNtcPMAVz
7wF2k0RncoFTTzwX0AamWk,60XKXfrjh0qhAHw4QfNO6j
7wF2k0RncoFTTzwX0AamWk,6EUxzQVdE6H7tPSdVfQY9Y
7wF2k0RncoFTTzwX0AamWk,3cqWSJzuxZCsglpaxWtosT
7wF2k0RncoFTTzwX0AamWk,1yrHbj1OW7ZKz9xbXWyWwJ
7wF2k0RncoFTTzwX0AamWk,1ne9wOtDF2jM6Cm8WBkaER
7wF2k0RncoFTTzwX0AamWk,7GH8qNOm2gEKryVUyVzkmt
77ybMmQpo88XwssNa0IqD4,4LeFqJu2fxnJdx0QFZ0jkc
77ybMmQpo88XwssNa0IqD4,0cYzTr1AcmvJcGUstkCKeW
77ybMmQpo88XwssNa0IqD4,0FiwMxsaV8SNBnjmZkHHra
77ybMmQpo88XwssNa0IqD4,6mnnWzRl1C6LABvoUar9tF
77ybMmQpo88XwssNa0IqD4,1fEkrXY5RLeVZ7kMDzGUVb
77ybMmQpo88XwssNa0IqD4,2JvWoj5bTklsb6fPzRfZ3x
77ybMmQpo88XwssNa0IqD4,3Kkjo3cT83cw09VJyrLNwX
77ybMmQpo88XwssNa0IqD4,3xJu5hrOU9OvFQSGLQiwQS
77ybMmQpo88XwssNa0IqD4,7rglLriMNBPAyuJOMGwi39
77ybMmQpo88XwssNa0IqD4,4Cz1StHxD06CZzr8NxvYfw
77ybMmQpo88XwssNa0IqD4,5wJ9sSG7NItwu34jMnyxqa
77ybMmQpo88XwssNa0IqD4,2t5ebbh0zWyTIe02d6kv8Y
77ybMmQpo88XwssNa0IqD4,6z9zXftDgpnyZYL2KiRTHZ
77ybMmQpo88XwssNa0IqD4,4iN16F8JtVxG2UTzp3avGl
77ybMmQpo88XwssNa0IqD4,6vFifFwgq4Z3csFE6zi9Fd
77ybMmQpo88XwssNa0IqD4,26ZCR1Zd74fvBJvH1o1rbx
77ybMmQpo88XwssNa0IqD4,2c6xRsQBv7pynuhYhWoHxo
77ybMmQpo88XwssNa0IqD4,09u787BYeYIGd2mFIJ505t
77ybMmQpo88XwssNa0IqD4,4BtdRTI0kyI2hfIcBF6QP3
77ybMmQpo88XwssNa0IqD4,7BDbyDs5FUmnh955RABFd7
77ybMmQpo88XwssNa0IqD4,5dXWFMwD7I7zXsInONVl0H
0za5GxzQcgrYV2f3r9Uqba,7yjum1B7kQ8gFWTP0cqKMu
0za5GxzQcgrYV2f3r9Uqba,6oObFjWTlkRZzY0hd38dHK
0za5GxzQcgrYV2f3r9Uqba,1IjeGPU5hqHlJpm00zObN7
0za5GxzQcgrYV2f3r9Uqba,17NlAopmbL9vdVKR8nSfbz
0za5GxzQcgrYV2f3r9Uqba,10sP6mykiMbeyA8jx2kUF0
0za5GxzQcgrYV2f3r9Uqba,2NDMLu8ZNrAsAsPAoW5VOx
0za5GxzQcgrYV2f3r9Uqba,1kSfwOauMxFm9cgYiNfsiL
0za5GxzQcgrYV2f3r9Uqba,5SixeLvPsYpk7qq9lo5xYg
0za5GxzQcgrYV2f3r9Uqba,1fr6WZfau4vNzDFfHYSJVT
0za5GxzQcgrYV2f3r9Uqba,64PsLB0bc1LJoZwogWO3ok
0za5GxzQcgrYV2f3r9Uqba,3PT3dmokgfqJSsZxv4Njw5
0za5GxzQcgrYV2f3r9Uqba,2stbjvpFujerfDUuUUPX7o
0za5GxzQcgrYV2f3r9Uqba,6ElfCM1XppU0YWkkFYh4s2
0za5GxzQcgrYV2f3r9Uqba,1jVjOcs7QeQZJXScbqvofI
0za5GxzQcgrYV2f3r9Uqba,2bydO0jZES9rBvSnPvYN5L
0za5GxzQcgrYV2f3r9Uqba,1KoXAHzunI8OY34GwmnIQV
0za5GxzQcgrYV2f3r9Uqba,3FpsFW7PcGAUki4siWcvVk
0za5GxzQcgrYV2f3r9Uqba,4M6XHrTc4RtdgKN9gzEAM6
0za5GxzQcgrYV2f3r9Uqba,4cTPtlhSo6NDdOe1fXzx1N
7rRXgqiVZyDdhdB2vB2isw,3VqeTFIvhxu3DIe4eZVzGq
7rRXgqiVZyDdhdB2vB2isw,0FFsgUoFibYISzMxuGS61W
7rRXgqiVZyDdhdB2vB2isw,0qoN5QNPMw6nbVJpG2uFT7
7rRXgqiVZyDdhdB2vB2isw,67BtfxlNbhBmCDR2L2l8qd
7rRXgqiVZyDdhdB2vB2isw,4yyX2Iu4xJjW9xMvBZKSBi
7rRXgqiVZyDdhdB2vB2isw,2VG8AgBiAMeohhwuPRvymx
7rRXgqiVZyDdhdB2vB2isw,7y3xU9vEC1s8DSuuoSYKih
7rRXgqiVZyDdhdB2vB2isw,2HolBGR6tpiWI80MXoV1dJ
7rRXgqiVZyDdhdB2vB2isw,3qGHAKgjQruzj6doKkyEb5
7rRXgqiVZyDdhdB2vB2isw,7syaIUvVikPrFHaMe0OB0U
7rRXgqiVZyDdhdB2vB2isw,2Kmc0lZsXIRb50ie9wN2Ei
7rRXgqiVZyDdhdB2vB2isw,1KFHD2MK0wQADYddeed7Qf
7rRXgqiVZyDdhdB2vB2isw,43e9tSxVoL8LEWd5oLkR1S
7rRXgqiVZyDdhdB2vB2isw,3EG9FJ0ToLfgnc1IG2Z1wz
7rRXgqiVZyDdhdB2vB2isw,4XkrlDVc8UQUvsyRsxvU0M
7rRXgqiVZyDdhdB2vB2isw,6mnnWzRl1C6LABvoUar9tF
7rRXgqiVZyDdhdB2vB2isw,7pU5FFg79WmfMpbc9w7aDr
7rRXgqiVZyDdhdB2vB2isw,17NlAopmbL9vdVKR8nSfbz
7lA7xRlf9FheHyjDcGThxu,6eKvp8MA5pIIDiksqdP3wO
7lA7xRlf9FheHyjDcGThxu,5fUzMvyRsUklP0Pdmsh9Mz
7lA7xRlf9FheHyjDcGThxu,6MCO8vZgq8xAu9lrfJyIti
7lA7xRlf9FheHyjDcGThxu,0J9g8SSKGDsCRu0xCs71IP
7lA7xRlf9FheHyjDcGThxu,6DXZiYUbrYgrVIhfX3U9Z2
7lA7xRlf9FheHyjDcGThxu,02nZeTbm2dRHisH6qsUM5E
7lA7xRlf9FheHyjDcGThxu,4Ef1QKChVVBQLt0wmTycUS
7lA7xRlf9FheHyjDcGThxu,7N0T6i3ZER3p3SYBzxMeCV
7lA7xRlf9FheHyjDcGThxu,6mnnWzRl1C6LABvoUar9tF
7lA7xRlf9FheHyjDcGThxu,4VyoOl99FlcemZr6WvzQed
7lA7xRlf9FheHyjDcGThxu,5O7ivZ60NXuzWi1Myvk0U2
7lA7xRlf9FheHyjDcGThxu,13z7RLPmgupzRwQY9NiTZU
7lA7xRlf9FheHyjDcGThxu,0zuFxcxxMGrmI9S64qaGc4
7lA7xRlf9FheHyjDcGThxu,77dndbiAibMrQEftceAjLr
7lA7xRlf9FheHyjDcGThxu,2MWzmWSgPB5UZ2sLskqfNA
7lA7xRlf9FheHyjDcGThxu,4vNOj7chCamVcOTe1MjAAN
7lA7xRlf9FheHyjDcGThxu,11Yft9qfxqdK9sURatUNZ1
7lA7xRlf9FheHyjDcGThxu,1RRlUJMxjp2FmkTExBT2T7
7lA7xRlf9FheHyjDcGThxu,7sUTbNjYpJkUhICiLEoYdf
7lA7xRlf9FheHyjDcGThxu,4GE0As8SVSjCMVYkRaaWwJ
7lA7xRlf9FheHyjDcGThxu,2mumZRgEobS03J546KQcMl
7lA7xRlf9FheHyjDcGThxu,4jlFQMGIn42SphX3hk2r8l
7lA7xRlf9FheHyjDcGThxu,2i40wZkiPAGIFudrGH99nx
7lA7xRlf9FheHyjDcGThxu,0CKEQRRvvvdcb7KMh493ky
7lA7xRlf9FheHyjDcGThxu,2xvaAfj3UwqdVBUT7Y4scx
7lA7xRlf9FheHyjDcGThxu,1HHIv96gVeVkoOBzQeH9d8
7lA7xRlf9FheHyjDcGThxu,0T7aTl1t15HKHfwep4nANV
7lA7xRlf9FheHyjDcGThxu,4cOVTA2GfYTHw99AJDQpHo
7lA7xRlf9FheHyjDcGThxu,7bvumLayTpnyN2fimH5xig
7lA7xRlf9FheHyjDcGThxu,1bFkegc1VrmfYl26qeTWAl
7lA7xRlf9FheHyjDcGThxu,5jl4mrAV1rEm384440ZAib
7lA7xRlf9FheHyjDcGThxu,6t90Z9XkdsHD8xMxro6KRP
7lA7xRlf9FheHyjDcGThxu,2ZDRA0S22sue6jpghf2qol
7lA7xRlf9FheHyjDcGThxu,1xNknVNOolLB4oQeEtNBX2
7lA7xRlf9FheHyjDcGThxu,2VG8AgBiAMeohhwuPRvymx
7lA7xRlf9FheHyjDcGThxu,1q7ZkjnhosfyZHx1CFnpJ6
7lA7xRlf9FheHyjDcGThxu,0rGp6w70CtMCJogErrCfNK
7lA7xRlf9FheHyjDcGThxu,33NsFLfr80OVXNzFgztYyx
7lA7xRlf9FheHyjDcGThxu,3EG9FJ0ToLfgnc1IG2Z1wz
7lA7xRlf9FheHyjDcGThxu,5QTdOvIF2ehBMZpSIIGzIo
7lA7xRlf9FheHyjDcGThxu,1IjeGPU5hqHlJpm00zObN7
7lA7xRlf9FheHyjDcGThxu,2bydO0jZES9rBvSnPvYN5L
7lA7xRlf9FheHyjDcGThxu,6sHgMLiwXXCbg2AbkzQAWK
7lA7xRlf9FheHyjDcGThxu,250MGnU6pKSOcH8asAXKRP
7lA7xRlf9FheHyjDcGThxu,3iGNoYKIabGohB9A0C7dKU
7lA7xRlf9FheHyjDcGThxu,6xq1EMT320v5qtjoSWZKpf
7lA7xRlf9FheHyjDcGThxu,7e4HYOAxgfWxcxOBEMAjSg
7lA7xRlf9FheHyjDcGThxu,29M1mAkW4VlxJ4noKN0RxY
7lA7xRlf9FheHyjDcGThxu,4Cz1StHxD06CZzr8NxvYfw
7lA7xRlf9FheHyjDcGThxu,6oW04c2E7lebl09WHsBAWO
7lA7xRlf9FheHyjDcGThxu,2WepYrq6xOaUBosjWVsA3w
7lA7xRlf9FheHyjDcGThxu,0dpyzcT3RMNNSd2xKBf35I
7lA7xRlf9FheHyjDcGThxu,6ElfCM1XppU0YWkkFYh4s2
7lA7xRlf9FheHyjDcGThxu,1jBKtzlwTVtCrScpiiHiKT
7lA7xRlf9FheHyjDcGThxu,1I40L32fTSSkBkPeArX9Ul
7lA7xRlf9FheHyjDcGThxu,3AwP1m76J9EXtotkxLr71B
7lA7xRlf9FheHyjDcGThxu,4dyAQ8PjbyInJYgTnTsIeX
7lA7xRlf9FheHyjDcGThxu,2DPNzd02j1SwHnz7a6YiYx
7lA7xRlf9FheHyjDcGThxu,3CPc0gyGl2iJGQJpnsmYxs
7lA7xRlf9FheHyjDcGThxu,3Am6nVgWd4pwO2hguNHqI7
7lA7xRlf9FheHyjDcGThxu,4oHghaXlFoXhq8SZHjvIYr
7lA7xRlf9FheHyjDcGThxu,4jvwn9ZXk0UKLBsC19uUVP
7lA7xRlf9FheHyjDcGThxu,42y2nvLMc5wLFWW8z6j97b
7lA7xRlf9FheHyjDcGThxu,27sBcXtgTBSJRdUxei1a7J
7lA7xRlf9FheHyjDcGThxu,01ukVTKa6DhejzNulpoG2t
7lA7xRlf9FheHyjDcGThxu,1aNiHxopNsQDGRCrrAw9FX
7lA7xRlf9FheHyjDcGThxu,3XE2o2cDDT16Oq2fcM4sOe
7lA7xRlf9FheHyjDcGThxu,39xVzbZDVYROIkoI0wJU7k
7lA7xRlf9FheHyjDcGThxu,4LRPiXqCikLlN15c3yImP7
7lA7xRlf9FheHyjDcGThxu,6s3UHVDqqqNHa1HyynG4VI
7lA7xRlf9FheHyjDcGThxu,2SlZsV3sXc69uhUNBQNgkD
7lA7xRlf9FheHyjDcGThxu,5CBEzaNEuv3OO32kZoXgOX
7lA7xRlf9FheHyjDcGThxu,1Fwppfa2qKDAETKveNFsHR
7lA7xRlf9FheHyjDcGThxu,36NukHQiatLeLFXI5eTP1L
7lA7xRlf9FheHyjDcGThxu,0hpsO7RHd5pQrUkzl2Psom
7lA7xRlf9FheHyjDcGThxu,0xM4e5ON4PcKCF1rnqLmR9
7lA7xRlf9FheHyjDcGThxu,0jf7jehC9YDd49ipvJDzFS
7lA7xRlf9FheHyjDcGThxu,2gdmSV6iZDVf8ETlD755Zf
7lA7xRlf9FheHyjDcGThxu,2Is9zrqsT5J8lmU7T43p4I
7lA7xRlf9FheHyjDcGThxu,7tsRp7QKUBp6hc9bth0h7x
7lA7xRlf9FheHyjDcGThxu,79SwVzOYeZANQKa8v9IM8I
7lA7xRlf9FheHyjDcGThxu,4MAADpR6MjelkaZqe3Mgnv
7lA7xRlf9FheHyjDcGThxu,5GKdWRbTtj6D6gKM9455j5
7lA7xRlf9FheHyjDcGThxu,7HQjy1O5WUmq9bcRTCl8H3
7lA7xRlf9FheHyjDcGThxu,7eQpbVg3tjHmtdOlAHxaTr
7lA7xRlf9FheHyjDcGThxu,4RLl6YFuMKbHOhg9twznvJ
7lA7xRlf9FheHyjDcGThxu,6plp1nJtm4Y3m87qmDCy61
7lA7xRlf9FheHyjDcGThxu,6EidGY4S6hkU6fwNdSSabg
6S6bEnjqM1KQwiVpLDTqmu,0sYfwwEy0UyNizk6na4zGm
6S6bEnjqM1KQwiVpLDTqmu,5kAm2Y5ygQtsVfE5dQQfGy
6S6bEnjqM1KQwiVpLDTqmu,3dj7ykQExcinPaNzvCzfnn
6S6bEnjqM1KQwiVpLDTqmu,3AaiEsiqHO2ylnnOdWninE
6S6bEnjqM1KQwiVpLDTqmu,4CwchvMNlpQSpQGKEK3sAw
6S6bEnjqM1KQwiVpLDTqmu,4NFD9ea0uH0MtoC30yNYE1
6S6bEnjqM1KQwiVpLDTqmu,6fT7QIf55thVWCZyEnaHk0
6S6bEnjqM1KQwiVpLDTqmu,4MlEFAvTGtsJw6CGvePq8H
6S6bEnjqM1KQwiVpLDTqmu,1sRQzflFI4OooCN1dQK9NG
6S6bEnjqM1KQwiVpLDTqmu,06nMeoeJumuAenz7XKhHYw
6S6bEnjqM1KQwiVpLDTqmu,1XUivd12LBHFanCqt0buaz
6S6bEnjqM1KQwiVpLDTqmu,2T93MtJuKMzcGRTR8fdizV
6S6bEnjqM1KQwiVpLDTqmu,6rCuplMDiFQVSca77OQocz
6S6bEnjqM1KQwiVpLDTqmu,6de7SulHCRCKdBknyvL0WC
6S6bEnjqM1KQwiVpLDTqmu,6iacLDB05P5i7uC1pSY7Wz
6S6bEnjqM1KQwiVpLDTqmu,2nwCO1PqpvyoFIvq3Vrj8N
6S6bEnjqM1KQwiVpLDTqmu,0BWBqb5XxraObLopqskk6D
6S6bEnjqM1KQwiVpLDTqmu,36abr8bUKgRjiMJcgFSE4u
6S6bEnjqM1KQwiVpLDTqmu,5Y5WLk0oI5MZSJMyK88upb
6S6bEnjqM1KQwiVpLDTqmu,6qCsKKS7Ol63SJW3LOIX5R
6S6bEnjqM1KQwiVpLDTqmu,1daDRI9ahBonbWD8YcxOIB
6S6bEnjqM1KQwiVpLDTqmu,02nZeTbm2dRHisH6qsUM5E
6S6bEnjqM1KQwiVpLDTqmu,4VyoOl99FlcemZr6WvzQed
6S6bEnjqM1KQwiVpLDTqmu,7N0T6i3ZER3p3SYBzxMeCV
6S6bEnjqM1KQwiVpLDTqmu,6IW4TUC3zHW4tpikDg1w7Y
6S6bEnjqM1KQwiVpLDTqmu,0ju1jP0cSPJ8tmojYBEI89
3uuuRYkkrXEFyde2dYXFKZ,3rahfnBg8S2nWnyoc3gCyy
3uuuRYkkrXEFyde2dYXFKZ,45S5WTQEGOB1VHr1Q4FuPl
3uuuRYkkrXEFyde2dYXFKZ,5IhzJOXNE7ki0IIJbZbnGq
3uuuRYkkrXEFyde2dYXFKZ,0C3sscH57PNeQ8dmY6xTIR
3uuuRYkkrXEFyde2dYXFKZ,5oZps6mYqU5s7A4WjUZggJ
3uuuRYkkrXEFyde2dYXFKZ,1xKNnjZkSyj2QbkqruJyCr
3uuuRYkkrXEFyde2dYXFKZ,1YrgbwVse66pH7ysXLlgO8
3uuuRYkkrXEFyde2dYXFKZ,1T14htJZadDgBUgFNgEGbz
3uuuRYkkrXEFyde2dYXFKZ,3hARuUtzTdUuWH1KiLJlSf
3uuuRYkkrXEFyde2dYXFKZ,3HW030T8eqPs8wpsgZqCGM
3uuuRYkkrXEFyde2dYXFKZ,1YaBa6DI8Suh02EtIZOpdM
3uuuRYkkrXEFyde2dYXFKZ,44gz3bzhdcGUFgA5oc1wSu
3uuuRYkkrXEFyde2dYXFKZ,263ekmHy4yJ3RqOqIc1JdL
3uuuRYkkrXEFyde2dYXFKZ,4J2NxCNqehE0MiZhbu97Jx
3uuuRYkkrXEFyde2dYXFKZ,0Ae8EusoCw7lIkpDycUHYl
3uuuRYkkrXEFyde2dYXFKZ,7wD8R6QWYJbp6eWrgrNkUH
3uuuRYkkrXEFyde2dYXFKZ,6mnnWzRl1C6LABvoUar9tF
3uuuRYkkrXEFyde2dYXFKZ,08W9Md8HXeJrx3omSQE2NF
3uuuRYkkrXEFyde2dYXFKZ,0QOwuZcnP5e7VEcYVb7CfH
3uuuRYkkrXEFyde2dYXFKZ,3dj7ykQExcinPaNzvCzfnn
3uuuRYkkrXEFyde2dYXFKZ,5kAm2Y5ygQtsVfE5dQQfGy
3uuuRYkkrXEFyde2dYXFKZ,4NFD9ea0uH0MtoC30yNYE1
6kWdP0eRlkOsHqTABZJKvq,1jVjOcs7QeQZJXScbqvofI
6kWdP0eRlkOsHqTABZJKvq,2YMXS10cLLTiJ8BLn9nasA
6kWdP0eRlkOsHqTABZJKvq,1OGw5MINK6xZgwcxHOzUbG
6kWdP0eRlkOsHqTABZJKvq,7KDRA6bQPhtvEuhGpaSrLN
6kWdP0eRlkOsHqTABZJKvq,2qhId6ko1ug9A0mw8BQJs8
6kWdP0eRlkOsHqTABZJKvq,20Befu2qTvZv19YMJinWL2
6kWdP0eRlkOsHqTABZJKvq,0gpYL1he4OGJxv42tT747l
6kWdP0eRlkOsHqTABZJKvq,6fT7QIf55thVWCZyEnaHk0
6kWdP0eRlkOsHqTABZJKvq,1b0ZeVYPZCDaAk4pT42pxy
6kWdP0eRlkOsHqTABZJKvq,6zVhdR5LvkPsSQRB51C6MR
6kWdP0eRlkOsHqTABZJKvq,1bRjwdtScY2eMe9uMmsOkG
6kWdP0eRlkOsHqTABZJKvq,2Mee0OQcf0X2059JwUd4Vj
6kWdP0eRlkOsHqTABZJKvq,0JLcFGzhW8cs2H6AwQFSzC
6kWdP0eRlkOsHqTABZJKvq,3TTMUI5dFcbeNSDTTDY9M8
6kWdP0eRlkOsHqTABZJKvq,7GGlr1GkWjre2lo69N0rVk
6kWdP0eRlkOsHqTABZJKvq,0qU3XhIH9xczYPUWV6OopS
6kWdP0eRlkOsHqTABZJKvq,2qzUpSVI4NnPyWxbXwumTj
6kWdP0eRlkOsHqTABZJKvq,5GXuUITCCWAG4h8ABnQ8ve
6kWdP0eRlkOsHqTABZJKvq,0hRRNHeSZv2x6pHCcXPAct
6kWdP0eRlkOsHqTABZJKvq,7DBcFt6GCDL49KjGbCdHPz
6kWdP0eRlkOsHqTABZJKvq,6WbTTAGKrQtCQvmc5BuYfh
0D1PW0JlyNpqMIF2eZyeAe,32tUYhAygMdx9XxFxxj3It
0D1PW0JlyNpqMIF2eZyeAe,1wiphSU5URcMkpMoGK5mFO
0D1PW0JlyNpqMIF2eZyeAe,62ljuuXo0zrcrtJnnOhfxT
0D1PW0JlyNpqMIF2eZyeAe,3tk5DaXxxUoV7b5nOdCDBv
0D1PW0JlyNpqMIF2eZyeAe,7GGlr1GkWjre2lo69N0rVk
0D1PW0JlyNpqMIF2eZyeAe,2yNCD3Hs8j30hVZoH6rD3n
0D1PW0JlyNpqMIF2eZyeAe,5JoV39MFYbvWZwJlxq2722
0D1PW0JlyNpqMIF2eZyeAe,7wrBKecywD6TUuHQl3wjmj
0D1PW0JlyNpqMIF2eZyeAe,2fpVvARsopfxhvNaUMwvS6
0D1PW0JlyNpqMIF2eZyeAe,7sTmKNOcJrx8wAnbXuLim1
0D1PW0JlyNpqMIF2eZyeAe,78buehylm7rkiZYgO92d4T
0D1PW0JlyNpqMIF2eZyeAe,0cs671lxX2eoDzr2KMuo3N
0D1PW0JlyNpqMIF2eZyeAe,1TWNKyNQOBfNUkWWs7FooF
0D1PW0JlyNpqMIF2eZyeAe,28MOE4pVk5uN3wBDGBacET
0D1PW0JlyNpqMIF2eZyeAe,1ApN1loxlt0rzRFc8iETw7
0D1PW0JlyNpqMIF2eZyeAe,3yhlH8lhTpS03d91kuwjpf
0D1PW0JlyNpqMIF2eZyeAe,5tfZ1uYrArdbDqiZ7z1aCE
0D1PW0JlyNpqMIF2eZyeAe,5v4GgrXPMghOnBBLmveLac
0D1PW0JlyNpqMIF2eZyeAe,6NPGVjQUXQxdESkXSWQuNK
0D1PW0JlyNpqMIF2eZyeAe,4ZZnMdc9bVc8QhErLxbOmS
0D1PW0JlyNpqMIF2eZyeAe,7DHRbYFWgTXzgJpsbFk8Fo
0D1PW0JlyNpqMIF2eZyeAe,1gV9BVSqekZsvYoJVqwSY8
0D1PW0JlyNpqMIF2eZyeAe,1bRjwdtScY2eMe9uMmsOkG
0D1PW0JlyNpqMIF2eZyeAe,1iGOI54dl6Ps1kYlSpPZzg
0D1PW0JlyNpqMIF2eZyeAe,4FZOSDwALdWxcGcRbwXWJ8
38PNbzdoDVxviGBU4bhGIS,55qBw1900pZKfXJ6Q9A2Lc
38PNbzdoDVxviGBU4bhGIS,6tS3XVuOyu10897O3ae7bi
38PNbzdoDVxviGBU4bhGIS,6I9VzXrHxO9rA9A5euc8Ak
38PNbzdoDVxviGBU4bhGIS,21pySLskKIKrhDziCX5ojQ
38PNbzdoDVxviGBU4bhGIS,1CrwI6m6zrG8AvOyvzpTHO
38PNbzdoDVxviGBU4bhGIS,0SiywuOBRcynK0uKGWdCnn
38PNbzdoDVxviGBU4bhGIS,1D066zixBwqFYqBhKgdPzp
38PNbzdoDVxviGBU4bhGIS,78qd8dvwea0Gosb6Fe6j3k
38PNbzdoDVxviGBU4bhGIS,0BWx2N8CosqHVKkofenY3R
38PNbzdoDVxviGBU4bhGIS,0rIAC4PXANcKmitJfoqmVm
38PNbzdoDVxviGBU4bhGIS,06eXJqVLAVynj9FvBFu4Dt
38PNbzdoDVxviGBU4bhGIS,46X0dXeliHXD73sxexJx7d
38PNbzdoDVxviGBU4bhGIS,0iYebKFUSfF72fUu2OW6ZT
38PNbzdoDVxviGBU4bhGIS,1oHNvJVbFkexQc0BpQp7Y4
38PNbzdoDVxviGBU4bhGIS,6r2BECwMgEoRb5yLfp0Hca
38PNbzdoDVxviGBU4bhGIS,5ka2ajep9OAvU5Sgduhiex
38PNbzdoDVxviGBU4bhGIS,34oB5r0lcN3fYWCs2uA1k5
38PNbzdoDVxviGBU4bhGIS,2gTYVoQCUh0QNUaFix01ld
38PNbzdoDVxviGBU4bhGIS,2gZUPNdnz5Y45eiGxpHGSc
38PNbzdoDVxviGBU4bhGIS,6h2wpo2pshM8QnAvRySEO0
38PNbzdoDVxviGBU4bhGIS,5KPKjcE2trO2hBWRzkb2Mo
38PNbzdoDVxviGBU4bhGIS,2jATUzETZL49e6SywauZKE
38PNbzdoDVxviGBU4bhGIS,6CYyxobulcKumfeV6e2I9g
38PNbzdoDVxviGBU4bhGIS,2QBpDW4JNnXagic6ebCtSX
38PNbzdoDVxviGBU4bhGIS,3jagJCUbdqhDSPuxP8cAqF
38PNbzdoDVxviGBU4bhGIS,0GLUBbX4daHJkT3RQHEOia
38PNbzdoDVxviGBU4bhGIS,2I6m7c5IfPR7za6B1im2X7
38PNbzdoDVxviGBU4bhGIS,1lcy01rheR0rAQbw1TWkq9
38PNbzdoDVxviGBU4bhGIS,6g0Orsxv6glTJCt4cHsRsQ
38PNbzdoDVxviGBU4bhGIS,4EivmOT13NMpNSfTKn9p4s
38PNbzdoDVxviGBU4bhGIS,1j6NZFHrpc09YmEZuSlmwf
38PNbzdoDVxviGBU4bhGIS,59DuHgV4Va0Drxx8FQg8Me
38PNbzdoDVxviGBU4bhGIS,7jRoWfRlLnGYEIEn4t4kbq
38PNbzdoDVxviGBU4bhGIS,4vvOv6MDFFPpEb1gwwb2ZD
38PNbzdoDVxviGBU4bhGIS,3rbNV2GI8Vtd8byhUtXZID
38PNbzdoDVxviGBU4bhGIS,1FvU97lrWOG2NRxErh6OZz
38PNbzdoDVxviGBU4bhGIS,6WrI0LAC5M1Rw2MnX2ZvEg
38PNbzdoDVxviGBU4bhGIS,2kJu14V7hbZw3I4K8L8SXb
38PNbzdoDVxviGBU4bhGIS,6MoedmXms6oNKZTDfEHTbm
38PNbzdoDVxviGBU4bhGIS,017PF4Q3l4DBUiWoXk4OWT
38PNbzdoDVxviGBU4bhGIS,55TGUs6WtyrnI1kohaucaS
38PNbzdoDVxviGBU4bhGIS,1TWNKyNQOBfNUkWWs7FooF
38PNbzdoDVxviGBU4bhGIS,43bYs8QkPdCdy5esfnmU1T
38PNbzdoDVxviGBU4bhGIS,6no1mklq4BJBg7KJ6Dly7N
38PNbzdoDVxviGBU4bhGIS,5cHpzOCrgpnjKuoFqOUIdw
38PNbzdoDVxviGBU4bhGIS,0qCLPgY9yoRdDrwoF73Hnq
38PNbzdoDVxviGBU4bhGIS,24ySl2hOPGCDcxBxFIqWBu
38PNbzdoDVxviGBU4bhGIS,7oqftogUN82Q7VNy2TmTJW
38PNbzdoDVxviGBU4bhGIS,1ZHYJ2Wwgxes4m8Ba88PeK
38PNbzdoDVxviGBU4bhGIS,3CidPLqWXqgesJlwYVJZdy
38PNbzdoDVxviGBU4bhGIS,2tOOcDDYkh0PSjr6GwPEAJ
38PNbzdoDVxviGBU4bhGIS,7jr3iPu4O4bTCVwLMbdU2i
38PNbzdoDVxviGBU4bhGIS,6WbTTAGKrQtCQvmc5BuYfh
38PNbzdoDVxviGBU4bhGIS,3GXGACK2mI72JpsgD6SrAm
38PNbzdoDVxviGBU4bhGIS,6b8Be6ljOzmkOmFslEb23P
38PNbzdoDVxviGBU4bhGIS,2MAyGB3UgAbbT1Fjc7b7aA
38PNbzdoDVxviGBU4bhGIS,6fmeXejj4CNkAQ78yao7oE
38PNbzdoDVxviGBU4bhGIS,2le8xbpMJ1aA0SpJZRMbRw
38PNbzdoDVxviGBU4bhGIS,13SM5WuEXuj5isI5j4lEE5
38PNbzdoDVxviGBU4bhGIS,5zQ00D9j9MkQbsd9qmenBa
38PNbzdoDVxviGBU4bhGIS,6Im9k8u9iIzKMrmV7BWtlF
38PNbzdoDVxviGBU4bhGIS,11a6GzsfPoLY1bVw3IFeMs
38PNbzdoDVxviGBU4bhGIS,2etHQJxIbV0soyPhelVs9Y
38PNbzdoDVxviGBU4bhGIS,37pqoamiQVw95UEiiE0viQ
38PNbzdoDVxviGBU4bhGIS,0ysIMlVNmEuXU6qudDc0vm
38PNbzdoDVxviGBU4bhGIS,5s1VKglR9uPZL6H3VVNK9P
38PNbzdoDVxviGBU4bhGIS,1iVS5CqbO8MirwvXndRltQ
38PNbzdoDVxviGBU4bhGIS,2sQH02O2HBCPJCztBrCWNa
38PNbzdoDVxviGBU4bhGIS,2Ty7EDf9XLYzEUqEIwJfDC
38PNbzdoDVxviGBU4bhGIS,28PeqNMnFfVQnXvXmyf88G
38PNbzdoDVxviGBU4bhGIS,1WkNwtNHY9HE3GiimSGCTb
38PNbzdoDVxviGBU4bhGIS,1OvuZX5eRq3KKDHZKxQyNX
38PNbzdoDVxviGBU4bhGIS,79npyDDCb3tyrj9qjxRAzx
38PNbzdoDVxviGBU4bhGIS,3sfydNh0QQAdnIAtDVG16H
38PNbzdoDVxviGBU4bhGIS,2b1MCbfwRZ1teOX1vSm4Xt
0pwXUfwxJp2koT7AkgZa02,3ucRKbRlikYHyoI17gfR0c
0pwXUfwxJp2koT7AkgZa02,6yL2kTsdVwYnGwPkKGtMd5
0pwXUfwxJp2koT7AkgZa02,0PQsrLxPbOBBwwmXCnGvcF
0pwXUfwxJp2koT7AkgZa02,2bR6LkOC10pZ3udHdZiENF
0pwXUfwxJp2koT7AkgZa02,11OwAR3GlBj9E35Cznf7Lj
0pwXUfwxJp2koT7AkgZa02,3eoNUm0LU9hATVVi9w4fM6
0pwXUfwxJp2koT7AkgZa02,7xsT7kghLDPnvfADCzPM0u
0pwXUfwxJp2koT7AkgZa02,2WdpN2wddjYW3y5YJhKwJy
0pwXUfwxJp2koT7AkgZa02,7kePNm3oqf5XqiGsrYUUZr
0pwXUfwxJp2koT7AkgZa02,5Qg1StPjfDnTY42zF7i02d
0pwXUfwxJp2koT7AkgZa02,6wNCdMW82LwJgFrnGqLhpJ
0pwXUfwxJp2koT7AkgZa02,1eMBtkX7Ae4WHoKyMRn4wQ
0pwXUfwxJp2koT7AkgZa02,2ViYduP7BscBX3XGMMdaOy
0pwXUfwxJp2koT7AkgZa02,1bk1e97WRD93cTjt47VFdz
0pwXUfwxJp2koT7AkgZa02,06scTb0zbkxYNgpAB3J9fN
0pwXUfwxJp2koT7AkgZa02,07KXEDMj78x68D884wgVEm
0pwXUfwxJp2koT7AkgZa02,78qd8dvwea0Gosb6Fe6j3k
0pwXUfwxJp2koT7AkgZa02,7BlBVFwvbWvcwNcUarQmjk
0pwXUfwxJp2koT7AkgZa02,23zJcKwLf5CeaKVbFhrWgF
0pwXUfwxJp2koT7AkgZa02,3ZwQCZ2LuYwuQ6R1p1CJ3w
0pwXUfwxJp2koT7AkgZa02,1B0BQaSRHxhI0AUlItY3LK
0pwXUfwxJp2koT7AkgZa02,2NuK1TBFJZMv5YqDhKgwLt
0pwXUfwxJp2koT7AkgZa02,1RRlUJMxjp2FmkTExBT2T7
0pwXUfwxJp2koT7AkgZa02,4zMmqb0pYwX6b0qc0slCoT
0pwXUfwxJp2koT7AkgZa02,4drDRt1eZner26CIXLGDVx
0pwXUfwxJp2koT7AkgZa02,6tcjcJFRSdkIlThUUP39mJ
0pwXUfwxJp2koT7AkgZa02,75dLEqanQTupF3dtP9exT5
0pwXUfwxJp2koT7AkgZa02,0gpYL1he4OGJxv42tT747l
0pwXUfwxJp2koT7AkgZa02,1ksODCBCw4UEuWC0yRHpPZ
0pwXUfwxJp2koT7AkgZa02,6YjRsyEcSOLKYIT5MIkKYT
0pwXUfwxJp2koT7AkgZa02,1SKRlqFgMVRcILCxhIMsoa
0pwXUfwxJp2koT7AkgZa02,3vaaVAhBwB0BunoAUIuyic
0pwXUfwxJp2koT7AkgZa02,1CrwI6m6zrG8AvOyvzpTHO
0pwXUfwxJp2koT7AkgZa02,19GNKzUEcHVZqXzV35V2dJ
0pwXUfwxJp2koT7AkgZa02,6fXsaYU6qPZeiVLUZcpZNl
0pwXUfwxJp2koT7AkgZa02,11xILcyUmIjr2XpM6mpEvA
0pwXUfwxJp2koT7AkgZa02,2qUZliZ9NHUYIAZqRNe6pZ
0pwXUfwxJp2koT7AkgZa02,03Qlgtvz9ux6lmzlv40BEZ
0pwXUfwxJp2koT7AkgZa02,034KyQEk7IhbLtniVhBErj
0pwXUfwxJp2koT7AkgZa02,5JoV39MFYbvWZwJlxq2722
1AY2w3s9BZQuvSfOhhTwDw,6EMWT7sZBvG0oxdh9KXbb4
1AY2w3s9BZQuvSfOhhTwDw,1ITsmuChPVC05ogvorAyVu
1AY2w3s9BZQuvSfOhhTwDw,3rmpb2RKPlbdbMjlc7SOlX
1AY2w3s9BZQuvSfOhhTwDw,6WrI0LAC5M1Rw2MnX2ZvEg
1AY2w3s9BZQuvSfOhhTwDw,4VginDwYTP2eaHJzO0QMjG
1AY2w3s9BZQuvSfOhhTwDw,0iYebKFUSfF72fUu2OW6ZT
1AY2w3s9BZQuvSfOhhTwDw,0rIAC4PXANcKmitJfoqmVm
1AY2w3s9BZQuvSfOhhTwDw,6ocbgoVGwYJhOv1GgI9NsF
1AY2w3s9BZQuvSfOhhTwDw,6f5TuB9WtbA1g49A4DcMQ4
1AY2w3s9BZQuvSfOhhTwDw,2tpIAmAq9orm1Owh5pja1w
1AY2w3s9BZQuvSfOhhTwDw,6yL2kTsdVwYnGwPkKGtMd5
1AY2w3s9BZQuvSfOhhTwDw,0WfKDYeUAoLA3vdvLKKWMW
1AY2w3s9BZQuvSfOhhTwDw,4Jvz8OW0kOa6RK23YPKMtj
1AY2w3s9BZQuvSfOhhTwDw,6B4oVElDIKRNcNUary0WG7
1AY2w3s9BZQuvSfOhhTwDw,5OCJzvD7sykQEKHH7qAC3C
1AY2w3s9BZQuvSfOhhTwDw,4cTm3Ev9bUvy4ChJjB1nhl
1AY2w3s9BZQuvSfOhhTwDw,017PF4Q3l4DBUiWoXk4OWT
1AY2w3s9BZQuvSfOhhTwDw,3e9HZxeyfWwjeyPAMmWSSQ
1AY2w3s9BZQuvSfOhhTwDw,3Dv1eDb0MEgF93GpLXlucZ
1AY2w3s9BZQuvSfOhhTwDw,76cy1WJvNGJTj78UqeA5zr
1AY2w3s9BZQuvSfOhhTwDw,28MOE4pVk5uN3wBDGBacET
1AY2w3s9BZQuvSfOhhTwDw,5gW5dSy3vXJxgzma4rQuzH
1AY2w3s9BZQuvSfOhhTwDw,5I7sGubUsKo4mVJpBoSVUr
1AY2w3s9BZQuvSfOhhTwDw,24ySl2hOPGCDcxBxFIqWBu
1AY2w3s9BZQuvSfOhhTwDw,44gz3bzhdcGUFgA5oc1wSu
1AY2w3s9BZQuvSfOhhTwDw,5v4GgrXPMghOnBBLmveLac
1AY2w3s9BZQuvSfOhhTwDw,2m6YdkDmaFssHJDJlhVlYu
1AY2w3s9BZQuvSfOhhTwDw,5N4erncE7kuUccm7zEmwzk
1AY2w3s9BZQuvSfOhhTwDw,6Im9k8u9iIzKMrmV7BWtlF
1AY2w3s9BZQuvSfOhhTwDw,4z0sS7hwnTZTRKZVahth6J
1AY2w3s9BZQuvSfOhhTwDw,7IOuCLt770D8v0u3SVaDeI
1AY2w3s9BZQuvSfOhhTwDw,2RCZhvj9bhe4f14caGBsYu
1AY2w3s9BZQuvSfOhhTwDw,1LoriJC05IrHIDwj3q0KC1
1AY2w3s9BZQuvSfOhhTwDw,5YeHLHDdQ4nKHk81XFWhCU
1AY2w3s9BZQuvSfOhhTwDw,6XkEw1h2Hq4fGnSm0JuSIs
1AY2w3s9BZQuvSfOhhTwDw,6DXZiYUbrYgrVIhfX3U9Z2
1AY2w3s9BZQuvSfOhhTwDw,2mumZRgEobS03J546KQcMl
1AY2w3s9BZQuvSfOhhTwDw,748mdHapucXQri7IAO8yFK
1AY2w3s9BZQuvSfOhhTwDw,0FFsgUoFibYISzMxuGS61W
1AY2w3s9BZQuvSfOhhTwDw,6dKYAtGciLRm8uOD1LiSVf
1AY2w3s9BZQuvSfOhhTwDw,7I7Dk8FOkZqhqZp9N2RKiP
1AY2w3s9BZQuvSfOhhTwDw,6dgUya35uo964z7GZXM07g
1AY2w3s9BZQuvSfOhhTwDw,4Wos0h9ECU2Z3oJMTQxpbc
1AY2w3s9BZQuvSfOhhTwDw,22sLuJYcvZOSoLLRYev1s5
1AY2w3s9BZQuvSfOhhTwDw,1ZPlNanZsJSPK5h9YZZFbZ
2JWLcrgVzA6fmso5dKdSPU,254bXAqt3zP6P50BdQvEsq
2JWLcrgVzA6fmso5dKdSPU,4OsS9xnVXR4dcOk9hPKtGM
2JWLcrgVzA6fmso5dKdSPU,1Tqq0PKIZTQDvxmqcft4ao
2JWLcrgVzA6fmso5dKdSPU,0IHTHmIxf0BLDXh6h8E2po
2JWLcrgVzA6fmso5dKdSPU,1gbN2eRl4SfFe0zF47bSpq
2JWLcrgVzA6fmso5dKdSPU,7ww6gTkfd21QU9CD8PG39m
2JWLcrgVzA6fmso5dKdSPU,1q5h9UkGVYVoec4ydU9P0d
2JWLcrgVzA6fmso5dKdSPU,4l21VaodybkZaNRqwzSBZl
2JWLcrgVzA6fmso5dKdSPU,5lw8Mgb4LyhriPIC86gV6e
2JWLcrgVzA6fmso5dKdSPU,70pZIQqQ37SrNCADx0FiPN
2JWLcrgVzA6fmso5dKdSPU,58iP9J86ksOPwbo0pWOafk
2JWLcrgVzA6fmso5dKdSPU,1WivaDTus6pTZQQLBQYDm3
2JWLcrgVzA6fmso5dKdSPU,3FHXUqaUer9o231Je1zxIN
2JWLcrgVzA6fmso5dKdSPU,5aUSEPNd3m5xliFK4pn5mU
2JWLcrgVzA6fmso5dKdSPU,7xgyHMFWayafh1Da3ptQDE
2JWLcrgVzA6fmso5dKdSPU,2sGW3oAAtVVz0hBLK33sol
2JWLcrgVzA6fmso5dKdSPU,1To829onYmL63wLNtU7Zm8
2JWLcrgVzA6fmso5dKdSPU,1PxE9RK6FBEp42F9QwzZyn
2JWLcrgVzA6fmso5dKdSPU,2plLJpUcYPFrl1sW2pMG63
2JWLcrgVzA6fmso5dKdSPU,4KzOYxD4qIkUtZV9ZYakGu
2JWLcrgVzA6fmso5dKdSPU,7k6X41t4EGuznhFVGwgcdH
2JWLcrgVzA6fmso5dKdSPU,6i4zvxq5P1SoMyiMa2bZEB
2JWLcrgVzA6fmso5dKdSPU,50MCdJc0nw3DMnzmIJkEwi
2JWLcrgVzA6fmso5dKdSPU,3TTMUI5dFcbeNSDTTDY9M8
2JWLcrgVzA6fmso5dKdSPU,3zx6dcYuKX7sYrI1TaDf4y
2JWLcrgVzA6fmso5dKdSPU,2t6D8lxWmrwROct43xWtIb
2JWLcrgVzA6fmso5dKdSPU,0BhvzFxq3FHiMdGcLiTphr
2JWLcrgVzA6fmso5dKdSPU,0S56ARhyAIZ5OzFX54H2pH
2JWLcrgVzA6fmso5dKdSPU,3Ex5RFJRUdpHcDOLXJOVLy
2JWLcrgVzA6fmso5dKdSPU,2rTnVB1bvwxHtaIl4uVu7f
2JWLcrgVzA6fmso5dKdSPU,4vUmTMuQqjdnvlZmAH61Qk
2JWLcrgVzA6fmso5dKdSPU,2WwwfnTUm4yUK8stRMPd7V
2JWLcrgVzA6fmso5dKdSPU,1P9KFw6u4vX7hbFcFZd1yL
2JWLcrgVzA6fmso5dKdSPU,10x9aHDFGk5aSbvAVlwJA3
2JWLcrgVzA6fmso5dKdSPU,7ge4qBkps7zEHSA8da5mdc
2JWLcrgVzA6fmso5dKdSPU,05a4pf6pLGNuIOR04EpqMM
2JWLcrgVzA6fmso5dKdSPU,6fT7QIf55thVWCZyEnaHk0
2JWLcrgVzA6fmso5dKdSPU,3iiL6merNpFNX1bny9sfvM
2JWLcrgVzA6fmso5dKdSPU,0IHxFUVeH6ym0pHVFmpJsj
2JWLcrgVzA6fmso5dKdSPU,5tyANFBiVbkA5FOKTUxGzb
2JWLcrgVzA6fmso5dKdSPU,3dg1WwsmAjzgF6tTHocYJj
2JWLcrgVzA6fmso5dKdSPU,2nXNbhgfRh5ipxlLuz4Uy7
2JWLcrgVzA6fmso5dKdSPU,4GFQyd3UcXi3kVyvvzqUy9
2JWLcrgVzA6fmso5dKdSPU,6RruDD5iWFRUUIBLo9XWtk
2JWLcrgVzA6fmso5dKdSPU,5h6ZrM8J03FX0wBS0YlpVC
2JWLcrgVzA6fmso5dKdSPU,11xtHDnCnn1QNszjA3YeuZ
2JWLcrgVzA6fmso5dKdSPU,2Rj9ZFu3qFzCWD0aQGjJXc
2JWLcrgVzA6fmso5dKdSPU,4LobILA7HwxG8Or8fU3Nbr
2JWLcrgVzA6fmso5dKdSPU,4jXCpZh4H0PRRPSHn1LX1i
2JWLcrgVzA6fmso5dKdSPU,1iu8BHYuPBWhsGagcPlode
2JWLcrgVzA6fmso5dKdSPU,6V6ZtK2NNXDV49GArw023q
2JWLcrgVzA6fmso5dKdSPU,5qbkxtdC4BvWdwmOXJwlH3
2JWLcrgVzA6fmso5dKdSPU,5K7x78NAL50rhfhm73ePNb
2JWLcrgVzA6fmso5dKdSPU,2RCUr24WkEe2r5Vv4oDKlN
2JWLcrgVzA6fmso5dKdSPU,3yzwm7D4VB6xbfnAWdxlXA
2JWLcrgVzA6fmso5dKdSPU,7xAE36UUNgyDJDIM4yiucY
2JWLcrgVzA6fmso5dKdSPU,4L5rU2BzP7NV1KrUVqHb8A
2JWLcrgVzA6fmso5dKdSPU,0v432gjxqGJfQb12VtPDfI
2JWLcrgVzA6fmso5dKdSPU,6IwHrSchYevIbzDD9XpvIl
2JWLcrgVzA6fmso5dKdSPU,3Dv1eDb0MEgF93GpLXlucZ
2JWLcrgVzA6fmso5dKdSPU,4EivmOT13NMpNSfTKn9p4s
2JWLcrgVzA6fmso5dKdSPU,2OAcH9SD8ehxuG0tWNe0cU
2JWLcrgVzA6fmso5dKdSPU,0VG8Blr4ReI5sPEqkEL95C
2JWLcrgVzA6fmso5dKdSPU,0HsOYWotxwbZbR8LXy3867
2JWLcrgVzA6fmso5dKdSPU,1RwwmiVtLAtPmxAqKVfwgG
2JWLcrgVzA6fmso5dKdSPU,6MoedmXms6oNKZTDfEHTbm
2JWLcrgVzA6fmso5dKdSPU,1e9oZCCiX42nJl0AcqriVo
2JWLcrgVzA6fmso5dKdSPU,5aJEh9Oqdz7PRLKTpH25pB
2JWLcrgVzA6fmso5dKdSPU,7Ffgp7DIow5wECYQyzEiTq
2JWLcrgVzA6fmso5dKdSPU,4elUB6bs5rrPbqlajs1oYp
2JWLcrgVzA6fmso5dKdSPU,0jtZ6v44V1yLNX6xkaAkgt
2JWLcrgVzA6fmso5dKdSPU,3HOwzZCW4jgwls1nX215Ie
2JWLcrgVzA6fmso5dKdSPU,23TPP1eeElFfvYVznskwCY
2JWLcrgVzA6fmso5dKdSPU,6ar34TXLtGB0e93mlKYhSZ
2JWLcrgVzA6fmso5dKdSPU,1esyt62pq02xPShuaK5OpA
2JWLcrgVzA6fmso5dKdSPU,3FeyKZZcU7ywuJ0LtFSuBO
2JWLcrgVzA6fmso5dKdSPU,3QzAOrNlsabgbMwlZt7TAY
2JWLcrgVzA6fmso5dKdSPU,1M4qEo4HE3PRaCOM7EXNJq
2JWLcrgVzA6fmso5dKdSPU,6cGLY5DlxOEWTnqptMNDSn
2JWLcrgVzA6fmso5dKdSPU,30QVousvHxslg00I7dNLU2
6AMwtmem1xWHTJYAJZmWnm,2RqZFOLOnzVmHUX7ZMcaES
6AMwtmem1xWHTJYAJZmWnm,7KFJ33pZ8E3yPT4yxde5aQ
6AMwtmem1xWHTJYAJZmWnm,1dscQo00s6AUF0YlbJwNx6
6AMwtmem1xWHTJYAJZmWnm,6iW5pbOAevzr1h2JfdJYpn
6AMwtmem1xWHTJYAJZmWnm,1BxfuPKGuaTgP7aM0Bbdwr
6AMwtmem1xWHTJYAJZmWnm,3s2MyU2YCwNNwcSokt0jXD
6AMwtmem1xWHTJYAJZmWnm,6VCeywT4JeawuZOUkQ1okx
6AMwtmem1xWHTJYAJZmWnm,1wFiq9y3RdqJnBeeg3C4XQ
6AMwtmem1xWHTJYAJZmWnm,0rbnYyj0Zq2pNJSzWqtf4g
6AMwtmem1xWHTJYAJZmWnm,0VEJDwMO26qNitqyDb47I0
6AMwtmem1xWHTJYAJZmWnm,6UFEJuDXQMWhL5UH5f9fUR
6AMwtmem1xWHTJYAJZmWnm,4LIbjDbLweGCrHVw8QbMSb
6AMwtmem1xWHTJYAJZmWnm,3hFG4jR5stnIQJDI64KlJY
6AMwtmem1xWHTJYAJZmWnm,3TXKwYk2H7hZQFB0j8z4yq
6AMwtmem1xWHTJYAJZmWnm,4CWp4i4SwWmBV3KOfs6Wdb
6AMwtmem1xWHTJYAJZmWnm,5nhG9nkIXaPA89Yd9BLOZU
6AMwtmem1xWHTJYAJZmWnm,4E0teOQQQwagLVvQ7VfYm1
6AMwtmem1xWHTJYAJZmWnm,6xagjcywpcyNFghafZPQJv
6AMwtmem1xWHTJYAJZmWnm,4TetU6pYWQdgJX5EG4uyYg
6AMwtmem1xWHTJYAJZmWnm,7F7EICFNicFVsAeqpeKkgD
6AMwtmem1xWHTJYAJZmWnm,0pn8Vl8oFmIp0r21Zwpb76
6AMwtmem1xWHTJYAJZmWnm,5aUSEPNd3m5xliFK4pn5mU
6AMwtmem1xWHTJYAJZmWnm,1q5h9UkGVYVoec4ydU9P0d
1ZjwfhcRLiaD9SI5q8l5F8,0uEp9E98JB5awlA084uaIg
1ZjwfhcRLiaD9SI5q8l5F8,0Aa3g9EQoPNt6PiKjaUeb7
1ZjwfhcRLiaD9SI5q8l5F8,4h6ViRoztTBpWcJ1zFT9Zg
1ZjwfhcRLiaD9SI5q8l5F8,1xWH8zYtDeS9mW1JJG23VZ
1ZjwfhcRLiaD9SI5q8l5F8,2j9YmQRxtjuVwb4XN95oT8
1ZjwfhcRLiaD9SI5q8l5F8,0Ryd8975WihbObpp5cPW1t
1ZjwfhcRLiaD9SI5q8l5F8,0rIAC4PXANcKmitJfoqmVm
1ZjwfhcRLiaD9SI5q8l5F8,4xmq2DFdbkwVqimOKQGZU7
1ZjwfhcRLiaD9SI5q8l5F8,4F8V44j8cbjHnXjfW2HruU
1ZjwfhcRLiaD9SI5q8l5F8,594trlRjNdTyYLwIlcDaJM
1ZjwfhcRLiaD9SI5q8l5F8,6b2RcmUt1g9N9mQ3CbjX2Y
1ZjwfhcRLiaD9SI5q8l5F8,4wkWWZDqc7lgqOUA70pHMw
1ZjwfhcRLiaD9SI5q8l5F8,6E44nO0qqQqfmXOhQPp0MM
1ZjwfhcRLiaD9SI5q8l5F8,3NYq7c5AIUiubPz9UZl82h
1ZjwfhcRLiaD9SI5q8l5F8,44ADyYoY5liaRa3EOAl4uf
1ZjwfhcRLiaD9SI5q8l5F8,0I5mUa3CZPcsrWwlUmTWkV
1ZjwfhcRLiaD9SI5q8l5F8,1eUH0fgwpJsxSMjndXmjoB
2BYrnCsgTsyPxq69Sl3KQF,4qkVALwOxCIEZ7I5gkZ3m4
2BYrnCsgTsyPxq69Sl3KQF,2VjXGuPVVxyhMgER3Uz2Fe
2BYrnCsgTsyPxq69Sl3KQF,7DNXWL3Go0Ke8Muv48WHYg
2BYrnCsgTsyPxq69Sl3KQF,0kas95RruYRVqrOb07rgkh
2BYrnCsgTsyPxq69Sl3KQF,6TC0snyor5XOJzP6dGxRkn
2BYrnCsgTsyPxq69Sl3KQF,34nMJtD8juawjxLdjx6Za2
2BYrnCsgTsyPxq69Sl3KQF,57Z0jiN8guMUcCIvdbM0aQ
2BYrnCsgTsyPxq69Sl3KQF,2Tuc96S4JToUiQSLW3aMec
2BYrnCsgTsyPxq69Sl3KQF,6euozmIGRL6aVin2ksJEJ2
2BYrnCsgTsyPxq69Sl3KQF,7pv80uUHfocFqfTytu1MVi
2BYrnCsgTsyPxq69Sl3KQF,0Aa3g9EQoPNt6PiKjaUeb7
2BYrnCsgTsyPxq69Sl3KQF,630Ug0XtmhhFvAKo0PNuEI
2BYrnCsgTsyPxq69Sl3KQF,3cQmqM0awej9iAESjhKrI9
2BYrnCsgTsyPxq69Sl3KQF,7kw7eF5H8qLQU0IxbT2gq6
2BYrnCsgTsyPxq69Sl3KQF,7oAuqs6akGnPU3Tb00ZmyM
2BYrnCsgTsyPxq69Sl3KQF,4F8V44j8cbjHnXjfW2HruU
2BYrnCsgTsyPxq69Sl3KQF,6E44nO0qqQqfmXOhQPp0MM
2BYrnCsgTsyPxq69Sl3KQF,3RIgHHpnFKj5Rni1shokDj
2BYrnCsgTsyPxq69Sl3KQF,3s2MyU2YCwNNwcSokt0jXD
2BYrnCsgTsyPxq69Sl3KQF,6BRHHJeS7JskR1pMvL3Mie
2BYrnCsgTsyPxq69Sl3KQF,1HiNWMc7vmFVM5mdwrNKnO
2BYrnCsgTsyPxq69Sl3KQF,3Mvd9KPeMf2YQa1MiQGKmV
2BYrnCsgTsyPxq69Sl3KQF,4U45aEWtQhrm8A5mxPaFZ7
2BYrnCsgTsyPxq69Sl3KQF,3m167vBQI5YLK0a1m6L6Y1
2BYrnCsgTsyPxq69Sl3KQF,1nHkITb6paB3pPADHYnkxH
2BYrnCsgTsyPxq69Sl3KQF,1zHmzN75pKHflokUGZh7sA
2BYrnCsgTsyPxq69Sl3KQF,2tOOcDDYkh0PSjr6GwPEAJ
2BYrnCsgTsyPxq69Sl3KQF,0tuCsPPi3LPX9W1zFX39vA
2BYrnCsgTsyPxq69Sl3KQF,5K7x78NAL50rhfhm73ePNb
2BYrnCsgTsyPxq69Sl3KQF,1eQBEelI2NCy7AUTerX0KS
2BYrnCsgTsyPxq69Sl3KQF,65lIGCfW59BxcEJnnIOCq3
2BYrnCsgTsyPxq69Sl3KQF,7wC5eZcFS1Q1BsQ35DU6H4
2BYrnCsgTsyPxq69Sl3KQF,6V6ZtK2NNXDV49GArw023q
2BYrnCsgTsyPxq69Sl3KQF,0Duevp5ytVdmRkCWFXQHwr
2BYrnCsgTsyPxq69Sl3KQF,1eki6HwhuOEOPfUU158B52
2BYrnCsgTsyPxq69Sl3KQF,2hwOoMtWPtTSSn6WHV7Vp5
2BYrnCsgTsyPxq69Sl3KQF,3qBg6BeHJlGgwl5aCa09EC
2BYrnCsgTsyPxq69Sl3KQF,15b731USHEGhasdbeJW6bi
2BYrnCsgTsyPxq69Sl3KQF,4KaiIuQH1EH65zWQgyWWaQ
2BYrnCsgTsyPxq69Sl3KQF,5JoV39MFYbvWZwJlxq2722
2BYrnCsgTsyPxq69Sl3KQF,1yUJK3qxPiFiPeAG2gLfuW
2BYrnCsgTsyPxq69Sl3KQF,0lnIJmgcUpEpe4AZACjayW
2BYrnCsgTsyPxq69Sl3KQF,1wiphSU5URcMkpMoGK5mFO
2BYrnCsgTsyPxq69Sl3KQF,4905P0tRcD8TkzrP8NZEzj
2BYrnCsgTsyPxq69Sl3KQF,1xKNnjZkSyj2QbkqruJyCr
2BYrnCsgTsyPxq69Sl3KQF,02nZeTbm2dRHisH6qsUM5E
2BYrnCsgTsyPxq69Sl3KQF,1xYk9EZpuwvuAvuLF4k9x3
2BYrnCsgTsyPxq69Sl3KQF,2GQgarmqDdzSvBezEkSEjY
2BYrnCsgTsyPxq69Sl3KQF,65JyCv3jVXSpkGaVyIMnbw
2BYrnCsgTsyPxq69Sl3KQF,40mf6LLHo3UzQfj0oG5WYs
2BYrnCsgTsyPxq69Sl3KQF,0gdOcxvPU37ADE7vPkgQsv
2BYrnCsgTsyPxq69Sl3KQF,5IPoibWQUBqKTqTlJ7FzpZ
2BYrnCsgTsyPxq69Sl3KQF,2Fxly6AusNFtTf8ZBaVWnh
2BYrnCsgTsyPxq69Sl3KQF,3aQem4jVGdhtg116TmJnHz
2BYrnCsgTsyPxq69Sl3KQF,0ajbF8tQsSRxswoY9ZFtOg
2BYrnCsgTsyPxq69Sl3KQF,02TtDZcUvEJGFJSJ6fTMfn
2BYrnCsgTsyPxq69Sl3KQF,5yrXolC7Un3peiFxwqbucn
2BYrnCsgTsyPxq69Sl3KQF,60KvZItTS7PpROovaNVQcy
2BYrnCsgTsyPxq69Sl3KQF,6GAVS2iuybWCP2oxMKufp1
3o5OKCZe0JV3r4jGy2cPWk,32HvwAnsqYRP4RtecuB4xJ
3o5OKCZe0JV3r4jGy2cPWk,4n02GblHZte3q5AzcLHlIK
3o5OKCZe0JV3r4jGy2cPWk,7mgWCXPKOWgOexqeYLGjeu
3o5OKCZe0JV3r4jGy2cPWk,6q7Tz67loOULIPEXo941hk
3o5OKCZe0JV3r4jGy2cPWk,3AhqhEO6SgFf7UevM80G2T
3o5OKCZe0JV3r4jGy2cPWk,39LmTF9RgyakzSYX8txrow
3o5OKCZe0JV3r4jGy2cPWk,3XBe0m5PQGQ3F7oXsWi5Lw
3o5OKCZe0JV3r4jGy2cPWk,4hh1lvWiUaLMOcVXhyK6TA
3o5OKCZe0JV3r4jGy2cPWk,3l8MLr9ihD4WxK9DPKcOwW
3o5OKCZe0JV3r4jGy2cPWk,1eMBtkX7Ae4WHoKyMRn4wQ
3o5OKCZe0JV3r4jGy2cPWk,7fQxCHokVeZEJqYxmhTyVv
3o5OKCZe0JV3r4jGy2cPWk,4djIFfof5TpbSGRZUpsTXq
3o5OKCZe0JV3r4jGy2cPWk,630Ug0XtmhhFvAKo0PNuEI
3o5OKCZe0JV3r4jGy2cPWk,4qkVALwOxCIEZ7I5gkZ3m4
3o5OKCZe0JV3r4jGy2cPWk,6dXVbkS1t7jQs3maRSM9pW
3o5OKCZe0JV3r4jGy2cPWk,7wCN8IwqrTQpwkcWH5sP4o
3o5OKCZe0JV3r4jGy2cPWk,1oTOzTm4u0AunZSlQpojhy
3o5OKCZe0JV3r4jGy2cPWk,4JSEMSiKPVcIEBQIlmGuI3
3o5OKCZe0JV3r4jGy2cPWk,6dykAIAUe10GWeNUs0Rsre
3o5OKCZe0JV3r4jGy2cPWk,7oqftogUN82Q7VNy2TmTJW
3o5OKCZe0JV3r4jGy2cPWk,5VOJXcC4WgPrcwAFcHFLJl
3o5OKCZe0JV3r4jGy2cPWk,6TC0snyor5XOJzP6dGxRkn
3o5OKCZe0JV3r4jGy2cPWk,043dDJ9u0PQ3ooAXMgcwOe
3o5OKCZe0JV3r4jGy2cPWk,6b2RcmUt1g9N9mQ3CbjX2Y
3o5OKCZe0JV3r4jGy2cPWk,34nMJtD8juawjxLdjx6Za2
3o5OKCZe0JV3r4jGy2cPWk,57Z0jiN8guMUcCIvdbM0aQ
3o5OKCZe0JV3r4jGy2cPWk,5EjNEaFiXpddlZglT4RoWi
3o5OKCZe0JV3r4jGy2cPWk,7wC5eZcFS1Q1BsQ35DU6H4
6qK8mDDxfik0TeQpTRlW7d,5VOJXcC4WgPrcwAFcHFLJl
6qK8mDDxfik0TeQpTRlW7d,368UaeqCCqT237KgIN8H5I
6qK8mDDxfik0TeQpTRlW7d,0qrsGYzpXIEbmdzgnwqTlx
6qK8mDDxfik0TeQpTRlW7d,7KIqSSebfTCniRi6kBQkxL
6qK8mDDxfik0TeQpTRlW7d,5YeHLHDdQ4nKHk81XFWhCU
6qK8mDDxfik0TeQpTRlW7d,2sNhYJ2ggd9BadlTXU3Mah
6qK8mDDxfik0TeQpTRlW7d,5hhF25sWnZvXhimOHLjTRE
6qK8mDDxfik0TeQpTRlW7d,7uP42ncMnsgL3adyj9px5c
6qK8mDDxfik0TeQpTRlW7d,1MuN3LGtM2tNsqH9qC47tG
6qK8mDDxfik0TeQpTRlW7d,380BNglcRoqztS0dvvmMUO
6qK8mDDxfik0TeQpTRlW7d,0odJDFQum47mQZ8cpwYlXZ
6qK8mDDxfik0TeQpTRlW7d,6diVKxDiYHC2ZOb7v90knh
6qK8mDDxfik0TeQpTRlW7d,49eeirITrqP3pJALseu6Ed
6qK8mDDxfik0TeQpTRlW7d,2YTblAt3gfs9F3DGYIv2nK
6qK8mDDxfik0TeQpTRlW7d,6cDPJqKw8PUBw5SigKszrL
6qK8mDDxfik0TeQpTRlW7d,6wFpWuVxpcYWXw7xzj0Wpt
6qK8mDDxfik0TeQpTRlW7d,7kG3DPhoPsltuT0vxENI6E
6qK8mDDxfik0TeQpTRlW7d,2ZdEU0Ys9frp2y0Z950jWR
6qK8mDDxfik0TeQpTRlW7d,69XN0XjxcMtUCrvOEd0KYd
6qK8mDDxfik0TeQpTRlW7d,11gPrIAQGSmQhngUpb0XC2
6qK8mDDxfik0TeQpTRlW7d,70SnF1RJLB3blEDBWjrig3
6qK8mDDxfik0TeQpTRlW7d,7CmsSwmE781TU53esN7BK0
6qK8mDDxfik0TeQpTRlW7d,1MfuskV4ODUp14C2dnyPgW
6qK8mDDxfik0TeQpTRlW7d,4QdjPwwCCq3ifWVHiRj3jx
6qK8mDDxfik0TeQpTRlW7d,1V4uZia23KCnh7BfTTsVMu
6qK8mDDxfik0TeQpTRlW7d,0PiSzbiHDBqNnNGjoQ8FX1
6qK8mDDxfik0TeQpTRlW7d,4GwUsrqd40O8ovybW7F5x8
6qK8mDDxfik0TeQpTRlW7d,2D3QYCDI7WrbSMbcIRRBdm
6qK8mDDxfik0TeQpTRlW7d,62s6W9MfRxhKBjQoLY8b6g
6qK8mDDxfik0TeQpTRlW7d,2Fxmhks0bxGSBdJ92vM42m
6qK8mDDxfik0TeQpTRlW7d,6aIAuKNU8JlVaTmoCYYN6U
6qK8mDDxfik0TeQpTRlW7d,6tsOcBnaKgzK22yEiqRh8P
6qK8mDDxfik0TeQpTRlW7d,3EFbnBUr70peMlk8g5XzT3
6qK8mDDxfik0TeQpTRlW7d,7Cmd1xEuyrUYtiLbbeBfgJ
6qK8mDDxfik0TeQpTRlW7d,65krgqLiZqW12PZAUQ9l2x
6qK8mDDxfik0TeQpTRlW7d,7wCN8IwqrTQpwkcWH5sP4o
6qK8mDDxfik0TeQpTRlW7d,1tzPSule9WZ9B8SujHv8fp
6qK8mDDxfik0TeQpTRlW7d,1R6VwZ8TuHRzxZUxe88n4I
6qK8mDDxfik0TeQpTRlW7d,4n02GblHZte3q5AzcLHlIK
6qK8mDDxfik0TeQpTRlW7d,7mgWCXPKOWgOexqeYLGjeu
6qK8mDDxfik0TeQpTRlW7d,2cYZpcIV39X48RnOFM7w2V
6qK8mDDxfik0TeQpTRlW7d,4CWp4i4SwWmBV3KOfs6Wdb
6qK8mDDxfik0TeQpTRlW7d,32HvwAnsqYRP4RtecuB4xJ
4TvsdXFBrUaCaX0TkIagOf,5nASGGi1QarKyMmGg2fhaB
4TvsdXFBrUaCaX0TkIagOf,79GsUxLyzxgnN4I1E11dtO
4TvsdXFBrUaCaX0TkIagOf,4CoM21pk8SxQh4L7ijqhRu
4TvsdXFBrUaCaX0TkIagOf,06EAtSDu3KSoi4fbA3ZjoB
4TvsdXFBrUaCaX0TkIagOf,2CnH4xbQYq0RmCzf4HjlQZ
4TvsdXFBrUaCaX0TkIagOf,39LmTF9RgyakzSYX8txrow
4TvsdXFBrUaCaX0TkIagOf,1TEL6MlSSVLSdhOSddidlJ
4TvsdXFBrUaCaX0TkIagOf,4uTvPEr01pjTbZgl7jcKBD
4TvsdXFBrUaCaX0TkIagOf,0ZPHHXmmW3nVoDBe3YUdmm
4TvsdXFBrUaCaX0TkIagOf,55h7vJchibLdUkxdlX3fK7
4TvsdXFBrUaCaX0TkIagOf,15vASgdsk0J4BrkZhVTxFG
4TvsdXFBrUaCaX0TkIagOf,0aersVHlGGXcHeRvHtuaSt
4TvsdXFBrUaCaX0TkIagOf,0KKkJNfGyhkQ5aFogxQAPU
4TvsdXFBrUaCaX0TkIagOf,4b7mLZQWsy0rLnrMtPA9fQ
4TvsdXFBrUaCaX0TkIagOf,0onslUNmSLDkuYaideYWir
4TvsdXFBrUaCaX0TkIagOf,5ppjtLheLgMk3jtZXnNjC4
4TvsdXFBrUaCaX0TkIagOf,5cE201rNvIkryS8N1dJ5nR
4TvsdXFBrUaCaX0TkIagOf,4cTm3Ev9bUvy4ChJjB1nhl
4TvsdXFBrUaCaX0TkIagOf,6f8dVDn1vWbWIfUouv9iJp
4TvsdXFBrUaCaX0TkIagOf,24Kh0nzBsFEenB80Ud1wSN
4TvsdXFBrUaCaX0TkIagOf,2YalDCU0tWxJfNdFPor3Rh
4TvsdXFBrUaCaX0TkIagOf,13zEyjK3DZm0YtZObaaS1O
4TvsdXFBrUaCaX0TkIagOf,6dAj7di0SClcosyapzeH9r
4TvsdXFBrUaCaX0TkIagOf,6X9bzNEsiGl82OkEs0xR6X
4TvsdXFBrUaCaX0TkIagOf,4squZv12LD9M8ooJfoVgZS
4TvsdXFBrUaCaX0TkIagOf,0gJ9wUs6cfnyZXN8U58vAx
4TvsdXFBrUaCaX0TkIagOf,2U2Z1IXnmJIvlknWizFykZ
4TvsdXFBrUaCaX0TkIagOf,6ET9kf9riLETWs9lePUEAI
4TvsdXFBrUaCaX0TkIagOf,79qxwHypONUt3AFq0WPpT9
4TvsdXFBrUaCaX0TkIagOf,0pMfPzdRiPAoSM9yWF4OcT
4TvsdXFBrUaCaX0TkIagOf,4vHVfwVi2CEc4r7P1Pr9iu
4TvsdXFBrUaCaX0TkIagOf,4CHyDw5J56I0x40MFk5f2V
4TvsdXFBrUaCaX0TkIagOf,4jwP0pxx7su04FYc6J12EQ
4TvsdXFBrUaCaX0TkIagOf,3S2LNcyJre3hvJbPTcoghO
4TvsdXFBrUaCaX0TkIagOf,79esEXlqqmq0GPz0xQSZTV
4TvsdXFBrUaCaX0TkIagOf,48EjSdYh8wz2gBxxqzrsLe
4TvsdXFBrUaCaX0TkIagOf,0UQSyryW2vxE88AVFSZs3T
4TvsdXFBrUaCaX0TkIagOf,2p4ARx5nk3b9Jh07ivQR1c
4TvsdXFBrUaCaX0TkIagOf,0kas95RruYRVqrOb07rgkh
4TvsdXFBrUaCaX0TkIagOf,1R1NwL3p27XZC9n5xpP8LE
4TvsdXFBrUaCaX0TkIagOf,2e9N4vHYVUwSwRorBzsZXE
4TvsdXFBrUaCaX0TkIagOf,4jM3c9KLTO9iZPm9A7neiL
4TvsdXFBrUaCaX0TkIagOf,7wfQfnNFGWLD0BzcDngCRg
4TvsdXFBrUaCaX0TkIagOf,6tsOcBnaKgzK22yEiqRh8P
4TvsdXFBrUaCaX0TkIagOf,40pjk9HXKCxFrsAhKwQKBJ
4TvsdXFBrUaCaX0TkIagOf,5e9TFTbltYBg2xThimr0rU
4TvsdXFBrUaCaX0TkIagOf,3xCsHloPBl211Yi4UEUUcm
4TvsdXFBrUaCaX0TkIagOf,5txoZyuAmtCfmDjUCEphWm
4TvsdXFBrUaCaX0TkIagOf,1nQRg9q9uwALGzouOX5OyQ
4TvsdXFBrUaCaX0TkIagOf,4VLViQtnHrWrDdDoigG3dR
4TvsdXFBrUaCaX0TkIagOf,4cHr9tKAv2sHQwj79tmCG8
4TvsdXFBrUaCaX0TkIagOf,0mBKv9DkYfQHjdMcw2jdyI
4TvsdXFBrUaCaX0TkIagOf,7H6ev70Weq6DdpZyyTmUXk
4TvsdXFBrUaCaX0TkIagOf,1a2Cu5apduD8mjOa7CV4fy
4TvsdXFBrUaCaX0TkIagOf,55qBw1900pZKfXJ6Q9A2Lc
4TvsdXFBrUaCaX0TkIagOf,4lCv7b86sLynZbXhfScfm2
4TvsdXFBrUaCaX0TkIagOf,3e9HZxeyfWwjeyPAMmWSSQ
4TvsdXFBrUaCaX0TkIagOf,1j8z4TTjJ1YOdoFEDwJTQa
4TvsdXFBrUaCaX0TkIagOf,7hQJA50XrCWABAu5v6QZ4i
4TvsdXFBrUaCaX0TkIagOf,7tFiyTwD0nx5a1eklYtX2J
4TvsdXFBrUaCaX0TkIagOf,0vzWVJoWUMTdPxUWhBdpYF
4TvsdXFBrUaCaX0TkIagOf,300YN8ebGB90nDuzgz0f3O
4TvsdXFBrUaCaX0TkIagOf,59CsbfwLNCAUGbBQV3Tki4
4TvsdXFBrUaCaX0TkIagOf,58PSYdY0GFg0LFb2PxYk4T
4TvsdXFBrUaCaX0TkIagOf,7lKhRwHEPeGBhKeCcyXKGC
4TvsdXFBrUaCaX0TkIagOf,3EFbnBUr70peMlk8g5XzT3
4TvsdXFBrUaCaX0TkIagOf,65krgqLiZqW12PZAUQ9l2x
4TvsdXFBrUaCaX0TkIagOf,1TDMcHymW5Fs187vZ36z6v
4TvsdXFBrUaCaX0TkIagOf,0EWJ1KT2q3RdbdQIUYqZsp
4TvsdXFBrUaCaX0TkIagOf,2VjXGuPVVxyhMgER3Uz2Fe
4TvsdXFBrUaCaX0TkIagOf,1CSQgn4dTVadTozLlAqbrV
4TvsdXFBrUaCaX0TkIagOf,0rIAC4PXANcKmitJfoqmVm
4TvsdXFBrUaCaX0TkIagOf,0uEp9E98JB5awlA084uaIg
4TvsdXFBrUaCaX0TkIagOf,594trlRjNdTyYLwIlcDaJM
4TvsdXFBrUaCaX0TkIagOf,4wkWWZDqc7lgqOUA70pHMw
4TvsdXFBrUaCaX0TkIagOf,6E44nO0qqQqfmXOhQPp0MM
4TvsdXFBrUaCaX0TkIagOf,0Oqc0kKFsQ6MhFOLBNZIGX
4TvsdXFBrUaCaX0TkIagOf,6lrQo6KAYvb92MGk6ZuZlt
4TvsdXFBrUaCaX0TkIagOf,44lusH2vzc4sRAwsooRhPh
4TvsdXFBrUaCaX0TkIagOf,0gu5B9dUOiLezdDjrLPCCV
4TvsdXFBrUaCaX0TkIagOf,4imKIkVUzP2Qmf4QeMGrPQ
4TvsdXFBrUaCaX0TkIagOf,2rCuBpIkHVtY16o0PRv2GS
4TvsdXFBrUaCaX0TkIagOf,756CJtQRFSxEx9jV4P9hpA
4TvsdXFBrUaCaX0TkIagOf,1KARZZIAZxCCiUpLD7Wv4D
4TvsdXFBrUaCaX0TkIagOf,4IablJ6SqVNGY4vrseyKxu
4TvsdXFBrUaCaX0TkIagOf,5eQtR62IZ8P8qZM2pSD9Ip
4TvsdXFBrUaCaX0TkIagOf,64DXA7SNEhMGA32MmVCNYo
4TvsdXFBrUaCaX0TkIagOf,0FeCO85RKW8fDRytwXof2x
4TvsdXFBrUaCaX0TkIagOf,30QVousvHxslg00I7dNLU2
4TvsdXFBrUaCaX0TkIagOf,5r8mGKhCDIVWb3AG4hm0l0
4TvsdXFBrUaCaX0TkIagOf,4drDRt1eZner26CIXLGDVx
4TvsdXFBrUaCaX0TkIagOf,1mnQiO568zXIrUncttTZGp
4TvsdXFBrUaCaX0TkIagOf,6Re2AwZUVlgBng04BZTauW
4TvsdXFBrUaCaX0TkIagOf,5vSekidwmZF63TXK7t4Yv5
4TvsdXFBrUaCaX0TkIagOf,6B4oVElDIKRNcNUary0WG7
4TvsdXFBrUaCaX0TkIagOf,3X7uFMzJrEE0sxn62qd8Ch
4TvsdXFBrUaCaX0TkIagOf,11xILcyUmIjr2XpM6mpEvA
4TvsdXFBrUaCaX0TkIagOf,5GFDrUTLGJix84sNhjCG0g
4TvsdXFBrUaCaX0TkIagOf,5JoV39MFYbvWZwJlxq2722
4TvsdXFBrUaCaX0TkIagOf,7btQ8AOjr6zXoGHEmxL5u5
2zuB9BDHoRfnn12DdA4lL3,2I88NEWpKrAPZuapXNV5G6
2zuB9BDHoRfnn12DdA4lL3,4jwP0pxx7su04FYc6J12EQ
2zuB9BDHoRfnn12DdA4lL3,3S2LNcyJre3hvJbPTcoghO
2zuB9BDHoRfnn12DdA4lL3,1qT4WewpOkOepuHixR5KzA
2zuB9BDHoRfnn12DdA4lL3,79esEXlqqmq0GPz0xQSZTV
2zuB9BDHoRfnn12DdA4lL3,48EjSdYh8wz2gBxxqzrsLe
2zuB9BDHoRfnn12DdA4lL3,1IlBPaXuM7Fl6tiH9CPQlQ
2zuB9BDHoRfnn12DdA4lL3,0UQSyryW2vxE88AVFSZs3T
2zuB9BDHoRfnn12DdA4lL3,2x5Frs6ts14U4MSLrQQlXg
2zuB9BDHoRfnn12DdA4lL3,4J3eFXXi2nQqF6MWLprnbR
2zuB9BDHoRfnn12DdA4lL3,2p4ARx5nk3b9Jh07ivQR1c
2zuB9BDHoRfnn12DdA4lL3,51OgULDnFW390Qk7nX0eQa
2zuB9BDHoRfnn12DdA4lL3,6oYZKdiM93sr0nKgBQADn2
2zuB9BDHoRfnn12DdA4lL3,75w3hkYlT7dH1IWXMqBdq9
2zuB9BDHoRfnn12DdA4lL3,0y60itmpH0aPKsFiGxmtnh
2zuB9BDHoRfnn12DdA4lL3,0kas95RruYRVqrOb07rgkh
2zuB9BDHoRfnn12DdA4lL3,6mbWdNBDGL4joR1EHRUZg1
2zuB9BDHoRfnn12DdA4lL3,1R1NwL3p27XZC9n5xpP8LE
2zuB9BDHoRfnn12DdA4lL3,5JptZmp8MP1eBkbQfPFX3r
2zuB9BDHoRfnn12DdA4lL3,2g8HN35AnVGIk7B8yMucww
2zuB9BDHoRfnn12DdA4lL3,2e9N4vHYVUwSwRorBzsZXE
2zuB9BDHoRfnn12DdA4lL3,4jM3c9KLTO9iZPm9A7neiL
2zuB9BDHoRfnn12DdA4lL3,0rTV5WefWd1J3OwIheTzxM
2zuB9BDHoRfnn12DdA4lL3,5in02YJDTkdfKDQjfsvxYp
2zuB9BDHoRfnn12DdA4lL3,4LRKHjC3WH5AKZSGZzlnGk
2zuB9BDHoRfnn12DdA4lL3,7wfQfnNFGWLD0BzcDngCRg
2zuB9BDHoRfnn12DdA4lL3,77vNrMpA7hpHjHyF3GgLCb
2zuB9BDHoRfnn12DdA4lL3,1TEL6MlSSVLSdhOSddidlJ
2zuB9BDHoRfnn12DdA4lL3,1i1ofxObE2LhvDk6mmm3Fo
2zuB9BDHoRfnn12DdA4lL3,5MjwNUe4SSzAzsHoBjlPOm
2zuB9BDHoRfnn12DdA4lL3,5bQFFBSfpYUcBATZBgE77q
2zuB9BDHoRfnn12DdA4lL3,64Fi8acR3lBbve1pQfbrPp
2zuB9BDHoRfnn12DdA4lL3,6qHUEAvjekE6XGzS41oCYc
2zuB9BDHoRfnn12DdA4lL3,6tsOcBnaKgzK22yEiqRh8P
2zuB9BDHoRfnn12DdA4lL3,3e9HZxeyfWwjeyPAMmWSSQ
2zuB9BDHoRfnn12DdA4lL3,1MuN3LGtM2tNsqH9qC47tG
2zuB9BDHoRfnn12DdA4lL3,380BNglcRoqztS0dvvmMUO
2zuB9BDHoRfnn12DdA4lL3,4b7tNHhZduIo9pqKAZ6xEI
2zuB9BDHoRfnn12DdA4lL3,0odJDFQum47mQZ8cpwYlXZ
2zuB9BDHoRfnn12DdA4lL3,6ls0cJiAaxVC50JL0cxO2z
2zuB9BDHoRfnn12DdA4lL3,5I7sGubUsKo4mVJpBoSVUr
2zuB9BDHoRfnn12DdA4lL3,6pRLJSrcskYSKYuKgJtDgD
2zuB9BDHoRfnn12DdA4lL3,7BZtzkbV48eu0sGKhHP7R9
2zuB9BDHoRfnn12DdA4lL3,4G6ZVCy1V2w0xjW2lbazNE
2zuB9BDHoRfnn12DdA4lL3,6diVKxDiYHC2ZOb7v90knh
2zuB9BDHoRfnn12DdA4lL3,49eeirITrqP3pJALseu6Ed
2zuB9BDHoRfnn12DdA4lL3,1ApN1loxlt0rzRFc8iETw7
5nZfizi0t1iysLHeYA4icc,6Nle9hKrkL1wQpwNfEkxjh
5nZfizi0t1iysLHeYA4icc,1TEL6MlSSVLSdhOSddidlJ
5nZfizi0t1iysLHeYA4icc,20r94xA0bsYNLtYSiOE6r3
5nZfizi0t1iysLHeYA4icc,4RVbK6cV0VqWdpCDcx3hiT
5nZfizi0t1iysLHeYA4icc,4kUZvXB3LC3an3HX6h0s17
5nZfizi0t1iysLHeYA4icc,6JyEh4kl9DLwmSAoNDRn5b
5nZfizi0t1iysLHeYA4icc,7oHkit3F3vimtsBbnZkU0G
5nZfizi0t1iysLHeYA4icc,4jHr4JxHaYgRIR0bXHJeAH
5nZfizi0t1iysLHeYA4icc,38HcgcQC4suvti0Sa0e5yc
5nZfizi0t1iysLHeYA4icc,6yHkPtl6UQ7RjtJLBPzbJw
5nZfizi0t1iysLHeYA4icc,0dWOFwdXrbBUYqD9DLsoyK
5nZfizi0t1iysLHeYA4icc,3EApebexZ7YqDIqw2EMTDh
5nZfizi0t1iysLHeYA4icc,5NijSs5dAwaIybq1GaRTIe
5nZfizi0t1iysLHeYA4icc,1rfGO3N4DPGodJLSSY9Re5
5nZfizi0t1iysLHeYA4icc,6PktsUMUtMAu8GRTmeH9Vy
5nZfizi0t1iysLHeYA4icc,48EjSdYh8wz2gBxxqzrsLe
5nZfizi0t1iysLHeYA4icc,2k9N4caeCIJLOWwWwssrEM
5nZfizi0t1iysLHeYA4icc,6x5BI1UbcFoxdnl8XlmzvF
5nZfizi0t1iysLHeYA4icc,3S2LNcyJre3hvJbPTcoghO
5nZfizi0t1iysLHeYA4icc,3ajnLvUV6cZiKtij8q0tzx
5nZfizi0t1iysLHeYA4icc,1IlBPaXuM7Fl6tiH9CPQlQ
5nZfizi0t1iysLHeYA4icc,57nReJa69S1lEJGYHLCKlx
5nZfizi0t1iysLHeYA4icc,0UQSyryW2vxE88AVFSZs3T
5nZfizi0t1iysLHeYA4icc,2x5Frs6ts14U4MSLrQQlXg
5nZfizi0t1iysLHeYA4icc,6O30uFqAaR5bAAbnUMTUoZ
5nZfizi0t1iysLHeYA4icc,4J3eFXXi2nQqF6MWLprnbR
5nZfizi0t1iysLHeYA4icc,2p4ARx5nk3b9Jh07ivQR1c
5nZfizi0t1iysLHeYA4icc,6oYZKdiM93sr0nKgBQADn2
5nZfizi0t1iysLHeYA4icc,51OgULDnFW390Qk7nX0eQa
5nZfizi0t1iysLHeYA4icc,3FeyKZZcU7ywuJ0LtFSuBO
5nZfizi0t1iysLHeYA4icc,4UADR6fNQfx4fxkiRQvSy2
5nZfizi0t1iysLHeYA4icc,75w3hkYlT7dH1IWXMqBdq9
5nZfizi0t1iysLHeYA4icc,0y60itmpH0aPKsFiGxmtnh
5nZfizi0t1iysLHeYA4icc,0kas95RruYRVqrOb07rgkh
5nZfizi0t1iysLHeYA4icc,6mbWdNBDGL4joR1EHRUZg1
5nZfizi0t1iysLHeYA4icc,1R1NwL3p27XZC9n5xpP8LE
5nZfizi0t1iysLHeYA4icc,1aOiivaj7Divv9q8SVyRUk
5nZfizi0t1iysLHeYA4icc,5JptZmp8MP1eBkbQfPFX3r
5nZfizi0t1iysLHeYA4icc,67H8U1DqJMTv9vCg7P95uR
5nZfizi0t1iysLHeYA4icc,180WImKPbvdUrboKUov5f4
5nZfizi0t1iysLHeYA4icc,6Qs4SXO9dwPj5GKvVOv8Ki
5nZfizi0t1iysLHeYA4icc,5cE201rNvIkryS8N1dJ5nR
5nZfizi0t1iysLHeYA4icc,7KAQYB6yA9t4MFe98I7o7a
5nZfizi0t1iysLHeYA4icc,2e9N4vHYVUwSwRorBzsZXE
5nZfizi0t1iysLHeYA4icc,0rTV5WefWd1J3OwIheTzxM
5nZfizi0t1iysLHeYA4icc,4jM3c9KLTO9iZPm9A7neiL
5nZfizi0t1iysLHeYA4icc,5in02YJDTkdfKDQjfsvxYp
5nZfizi0t1iysLHeYA4icc,6dJ6jS0YAYWiyKS5krG6Oo
5nZfizi0t1iysLHeYA4icc,1i1ofxObE2LhvDk6mmm3Fo
5nZfizi0t1iysLHeYA4icc,4LRKHjC3WH5AKZSGZzlnGk
5nZfizi0t1iysLHeYA4icc,7wfQfnNFGWLD0BzcDngCRg
5nZfizi0t1iysLHeYA4icc,77vNrMpA7hpHjHyF3GgLCb
5nZfizi0t1iysLHeYA4icc,1CrwI6m6zrG8AvOyvzpTHO
5nZfizi0t1iysLHeYA4icc,5JoV39MFYbvWZwJlxq2722
5nZfizi0t1iysLHeYA4icc,1RRlUJMxjp2FmkTExBT2T7
5nZfizi0t1iysLHeYA4icc,1yUJK3qxPiFiPeAG2gLfuW
4JCeb6PDZ7w5EgikfbESQj,67H8U1DqJMTv9vCg7P95uR
4JCeb6PDZ7w5EgikfbESQj,4UADR6fNQfx4fxkiRQvSy2
4JCeb6PDZ7w5EgikfbESQj,6bTn1ovliI0OkjUNkiMBJq
4JCeb6PDZ7w5EgikfbESQj,6brwAQ6P9ypRb7S8IvtYcx
4JCeb6PDZ7w5EgikfbESQj,6EkZJAZXSDW9hnhWI4AZR2
4JCeb6PDZ7w5EgikfbESQj,0rlfGg5Ym6J9AA97ah7voH
4JCeb6PDZ7w5EgikfbESQj,3FeyKZZcU7ywuJ0LtFSuBO
4JCeb6PDZ7w5EgikfbESQj,2l6S3j7imJtQ2N2nt1YHYE
4JCeb6PDZ7w5EgikfbESQj,1QC6VpD6q6TJrl30969QM9
4JCeb6PDZ7w5EgikfbESQj,0DQQRJ4sR3pxwom9L7D7QR
4JCeb6PDZ7w5EgikfbESQj,3t7wojJJqpSNCASv5wOe5I
4JCeb6PDZ7w5EgikfbESQj,3VeuvRWfJLSOzeVPrgi5MR
4JCeb6PDZ7w5EgikfbESQj,3wv9jIR1DAGxTRMm1kH6GL
4JCeb6PDZ7w5EgikfbESQj,1x1BKrrpq7CfOZPBeUsx16
4JCeb6PDZ7w5EgikfbESQj,51ogbY27rqVdV5o0lVuKAM
4JCeb6PDZ7w5EgikfbESQj,42QRyJd5x6e2TFR1S41g2p
4JCeb6PDZ7w5EgikfbESQj,3EtcFN5ZxXQYvUYWQGvKEo
4JCeb6PDZ7w5EgikfbESQj,1OLeA7zpNAHkHOzBwjYfy7
4JCeb6PDZ7w5EgikfbESQj,6x5BI1UbcFoxdnl8XlmzvF
4JCeb6PDZ7w5EgikfbESQj,3S2LNcyJre3hvJbPTcoghO
4JCeb6PDZ7w5EgikfbESQj,6AIte2Iej1QKlaofpjCzW1
4JCeb6PDZ7w5EgikfbESQj,7iDFuSWvN0DTNy3gxUwsBn
4JCeb6PDZ7w5EgikfbESQj,3PFaFVWq5wucLu6s4baj9D
4JCeb6PDZ7w5EgikfbESQj,75w3hkYlT7dH1IWXMqBdq9
4JCeb6PDZ7w5EgikfbESQj,1EtKsHkovR03mi5J5KeNIx
4JCeb6PDZ7w5EgikfbESQj,2ktg2oZDyFAX3iY1QNkXl5
4JCeb6PDZ7w5EgikfbESQj,7rWiafs8evbNtQQrTNE71e
4JCeb6PDZ7w5EgikfbESQj,2x5Frs6ts14U4MSLrQQlXg
4JCeb6PDZ7w5EgikfbESQj,5Bsyin9f7eK4aLH59jGwGy
4JCeb6PDZ7w5EgikfbESQj,6JvfBzqZmSiEG5MjM7OcSY
4JCeb6PDZ7w5EgikfbESQj,1oLSje4Ot5qRUq8FqYeXOl
4JCeb6PDZ7w5EgikfbESQj,3w3LyAknbXOnyppVCI1QeW
4JCeb6PDZ7w5EgikfbESQj,4NzMOnvSJVNKF7nw5NkXIP
4JCeb6PDZ7w5EgikfbESQj,180WImKPbvdUrboKUov5f4
4JCeb6PDZ7w5EgikfbESQj,0BWx2N8CosqHVKkofenY3R
4JCeb6PDZ7w5EgikfbESQj,1ni8ZTAY1GHXEFOGHl7fdg
4JCeb6PDZ7w5EgikfbESQj,1RGasjWLZ4qMN7wbtkLa3u
4JCeb6PDZ7w5EgikfbESQj,6vsV4D8BM6PioRr1UOx0n2
4JCeb6PDZ7w5EgikfbESQj,6uUyZC6Bhfj6Q29stciUz0
4JCeb6PDZ7w5EgikfbESQj,5LWKsMeXaYBoKzCHk8syQy
4JCeb6PDZ7w5EgikfbESQj,1oTOzTm4u0AunZSlQpojhy
4JCeb6PDZ7w5EgikfbESQj,6Qs4SXO9dwPj5GKvVOv8Ki
4JCeb6PDZ7w5EgikfbESQj,1KARZZIAZxCCiUpLD7Wv4D
4JCeb6PDZ7w5EgikfbESQj,2Q0JkTzFXrU2BbnQT7tzIR
4JCeb6PDZ7w5EgikfbESQj,6dZDfIx7HmSOp8S3dGA1xo
4JCeb6PDZ7w5EgikfbESQj,0UJQB3zM4ZtwndkjFQVJjK
4JCeb6PDZ7w5EgikfbESQj,4T652DlATVHe0jdLKaN3Bw
4JCeb6PDZ7w5EgikfbESQj,39LmTF9RgyakzSYX8txrow
4JCeb6PDZ7w5EgikfbESQj,4SPu0Ql902hTVXkBoNIYtq
4JCeb6PDZ7w5EgikfbESQj,27356GVuMPFWiJSZCragoM
4JCeb6PDZ7w5EgikfbESQj,1TEL6MlSSVLSdhOSddidlJ
4JCeb6PDZ7w5EgikfbESQj,7EQpvVujgytLVY8vKiDHAg
4JCeb6PDZ7w5EgikfbESQj,1R1NwL3p27XZC9n5xpP8LE
4JCeb6PDZ7w5EgikfbESQj,0ulct3cASnhGvaGhFIuIyZ
4JCeb6PDZ7w5EgikfbESQj,4k6hX9RKD096K1NCjjJZLc
4JCeb6PDZ7w5EgikfbESQj,1EGrDTfEuAiRzRdxlblpET
4JCeb6PDZ7w5EgikfbESQj,0kas95RruYRVqrOb07rgkh
4JCeb6PDZ7w5EgikfbESQj,0aSW5EMeNnQSMJQ8QN3zIW
4JCeb6PDZ7w5EgikfbESQj,4jM3c9KLTO9iZPm9A7neiL
4JCeb6PDZ7w5EgikfbESQj,4BOikd4oZjOYMde9AXfrTo
4JCeb6PDZ7w5EgikfbESQj,1ymEwygMMg5JwVAnh3C7yY
4JCeb6PDZ7w5EgikfbESQj,6mbWdNBDGL4joR1EHRUZg1
4JCeb6PDZ7w5EgikfbESQj,0y60itmpH0aPKsFiGxmtnh
0sAHygsyKzElFXzLcZYf0V,0onslUNmSLDkuYaideYWir
0sAHygsyKzElFXzLcZYf0V,0j77ikAaghcss4idQVcAXT
0sAHygsyKzElFXzLcZYf0V,3IipmAZjCwvxxh0CnaTrdz
0sAHygsyKzElFXzLcZYf0V,1aOiivaj7Divv9q8SVyRUk
0sAHygsyKzElFXzLcZYf0V,1yXJCN3eHFNzk58Looc7Bo
0sAHygsyKzElFXzLcZYf0V,3uF6eC9CN8q7FaK4DrYYwx
0sAHygsyKzElFXzLcZYf0V,1YHT1FZv5t3ZFLsVPuy6Rq
0sAHygsyKzElFXzLcZYf0V,0heVTeZw99vJl4QyJC0wyk
0sAHygsyKzElFXzLcZYf0V,4a925uZhSr6NAeD7RvgLhH
0sAHygsyKzElFXzLcZYf0V,23wuZgeX1oyJ43QYOTo9s7
0sAHygsyKzElFXzLcZYf0V,4cHr9tKAv2sHQwj79tmCG8
0sAHygsyKzElFXzLcZYf0V,6v0LVhxY8pgqhbsyPNFjg7
0sAHygsyKzElFXzLcZYf0V,67d8DiMwQJLwPRdKhVjmS4
0sAHygsyKzElFXzLcZYf0V,3moDgeKCXv4LKXpFxYlGR7
0sAHygsyKzElFXzLcZYf0V,2kMKmb60xVUIWW2Out8ypz
0sAHygsyKzElFXzLcZYf0V,6wrEnhx4sw0USAzbpWNiuH
0sAHygsyKzElFXzLcZYf0V,3ySU5vwQB33iGulwcUL9qQ
0sAHygsyKzElFXzLcZYf0V,0cNH1IsjBVRdeDcpwHAfve
0sAHygsyKzElFXzLcZYf0V,5tPVk414MNG1cNfGjJs1Jr
0sAHygsyKzElFXzLcZYf0V,6oI6rtHoaTRdNphL8OshxU
0sAHygsyKzElFXzLcZYf0V,6M1sRwraMMNUVCLUvo4e1B
0sAHygsyKzElFXzLcZYf0V,0TZLe9bk53zQpuq9cFK4YQ
0sAHygsyKzElFXzLcZYf0V,5LWKsMeXaYBoKzCHk8syQy
0sAHygsyKzElFXzLcZYf0V,1oTOzTm4u0AunZSlQpojhy
0sAHygsyKzElFXzLcZYf0V,2ludbmtPoyCPe2K08fAlFl
0sAHygsyKzElFXzLcZYf0V,5vgdeMt4uKUN2BeltZjoDh
0sAHygsyKzElFXzLcZYf0V,0NsYsNBlknJIJBDwQjPwvp
0sAHygsyKzElFXzLcZYf0V,7pYe0vDmQRJoqbkE6YWgHk
0sAHygsyKzElFXzLcZYf0V,7e4KQkp5ZR1gXCAalRjX6B
0sAHygsyKzElFXzLcZYf0V,6464bMSfD7yFD2BFDsavFL
0sAHygsyKzElFXzLcZYf0V,6aY6kcIDMvMvEaztn2ye4W
0sAHygsyKzElFXzLcZYf0V,180WImKPbvdUrboKUov5f4
0sAHygsyKzElFXzLcZYf0V,6Qs4SXO9dwPj5GKvVOv8Ki
0sAHygsyKzElFXzLcZYf0V,4KOU5bQ5zZVBnMBBDFEiOq
0sAHygsyKzElFXzLcZYf0V,1KARZZIAZxCCiUpLD7Wv4D
0sAHygsyKzElFXzLcZYf0V,1LaqQwmSqnRiNHH7B5Duvk
0sAHygsyKzElFXzLcZYf0V,65Jn5Qjcm56z4MgJlvxbuv
0sAHygsyKzElFXzLcZYf0V,5QF848yU0DEHXl7MNmH7Mm
0sAHygsyKzElFXzLcZYf0V,2YalDCU0tWxJfNdFPor3Rh
0sAHygsyKzElFXzLcZYf0V,5dXI2NV7X2c4anyLFbQdEX
0sAHygsyKzElFXzLcZYf0V,7bGDpMqs6dNzNXI3K6cfob
0sAHygsyKzElFXzLcZYf0V,0sZfuG1rArPovx9CdZ40vZ
0sAHygsyKzElFXzLcZYf0V,2Q0JkTzFXrU2BbnQT7tzIR
0sAHygsyKzElFXzLcZYf0V,1RGasjWLZ4qMN7wbtkLa3u
0sAHygsyKzElFXzLcZYf0V,7eB1V5LvAdxCc7brfGhRRo
0sAHygsyKzElFXzLcZYf0V,1ni8ZTAY1GHXEFOGHl7fdg
2TIspL1OM87MHwNnKw9Hzd,2fmCA13dwQQOGBIbIOWRiJ
2TIspL1OM87MHwNnKw9Hzd,1EXotCuzdXR34W1MoP6Um7
2TIspL1OM87MHwNnKw9Hzd,6r05pfZigq7Arg25pi2vRm
2TIspL1OM87MHwNnKw9Hzd,43tgC5pTYJpc5D3C9HRwEg
2TIspL1OM87MHwNnKw9Hzd,2fh3bZ8jZhMxOcfESE9nQY
2TIspL1OM87MHwNnKw9Hzd,6TzJLISIitIzn1WtjDY0Op
2TIspL1OM87MHwNnKw9Hzd,4h6Bde1AFeLDT5jFbxjXll
2TIspL1OM87MHwNnKw9Hzd,32nnGEfkEk3MUcxmUCcdud
2TIspL1OM87MHwNnKw9Hzd,4DyxpCYqN8EycTiP8DqCTe
2TIspL1OM87MHwNnKw9Hzd,2DMnO63xUhlsfiLiggO2Hu
2TIspL1OM87MHwNnKw9Hzd,1sopAWv0BToiOT2wAunyuV
2TIspL1OM87MHwNnKw9Hzd,3tyB3Y7sfc02VwtsnW3aCO
2TIspL1OM87MHwNnKw9Hzd,2mssuAa5xshIx2c06p1c2F
2TIspL1OM87MHwNnKw9Hzd,3DRG5CJplWKyNDc8z2It8T
2TIspL1OM87MHwNnKw9Hzd,5mpibPxO6AWUhl2RiHpOGe
2TIspL1OM87MHwNnKw9Hzd,3Phjn4zJ34ZiEVUngyccY5
2TIspL1OM87MHwNnKw9Hzd,3rGdqpn43JMpALFlC01OCE
2TIspL1OM87MHwNnKw9Hzd,1QhIQHKL8ItLUq2nTxvsC1
2TIspL1OM87MHwNnKw9Hzd,6CBLS6BxGCsbzKdSiKSxHC
2TIspL1OM87MHwNnKw9Hzd,6XsvMKhdzOctFhJ8M413KF
2TIspL1OM87MHwNnKw9Hzd,4X70hLzIDfY5T2BcsOcv6Q
2TIspL1OM87MHwNnKw9Hzd,2rPE9A1vEgShuZxxzR2tZH
2TIspL1OM87MHwNnKw9Hzd,6cFZ4PLC19taNlpl9pbGMf
2TIspL1OM87MHwNnKw9Hzd,3vqlZUIT3rEmLaYKDBfb4Q
2TIspL1OM87MHwNnKw9Hzd,0n2pjCIMKwHSXoYfEbYMfX
2TIspL1OM87MHwNnKw9Hzd,31c1V9xUONZYk78NE4Id8D
2TIspL1OM87MHwNnKw9Hzd,66wkCYWlXzSTQAfnsPBptt
2TIspL1OM87MHwNnKw9Hzd,4b7mLZQWsy0rLnrMtPA9fQ
2TIspL1OM87MHwNnKw9Hzd,07rJ9xLSbBKLwJHW73CApr
2TIspL1OM87MHwNnKw9Hzd,5OCJzvD7sykQEKHH7qAC3C
2TIspL1OM87MHwNnKw9Hzd,6f5TuB9WtbA1g49A4DcMQ4
2TIspL1OM87MHwNnKw9Hzd,5V6dktq2UGRgs3iGAeCVYH
2TIspL1OM87MHwNnKw9Hzd,1A6OTy97kk0mMdm78rHsm8
2TIspL1OM87MHwNnKw9Hzd,7jr3iPu4O4bTCVwLMbdU2i
2TIspL1OM87MHwNnKw9Hzd,1leK8yhFrHCLXnRvBeQcyy
2TIspL1OM87MHwNnKw9Hzd,6aY6kcIDMvMvEaztn2ye4W
2TIspL1OM87MHwNnKw9Hzd,3xoVN4HkuPVSnxx6cBZszW
2TIspL1OM87MHwNnKw9Hzd,2qHk6Nz5glNQrjW8Rhd5kv
2TIspL1OM87MHwNnKw9Hzd,4n02GblHZte3q5AzcLHlIK
2TIspL1OM87MHwNnKw9Hzd,68dd9CEzAUc4zeukKzMJP5
2TIspL1OM87MHwNnKw9Hzd,60vPqZFW2hJWGvT10zPLtW
2TIspL1OM87MHwNnKw9Hzd,7IOuCLt770D8v0u3SVaDeI
2TIspL1OM87MHwNnKw9Hzd,7KfHeaOXXwaUZAYHIRgWIi
2TIspL1OM87MHwNnKw9Hzd,3j6w635W6AKCxt98kZ3RIv
2TIspL1OM87MHwNnKw9Hzd,4OZSTQruTxGab0PPCktJzu
2TIspL1OM87MHwNnKw9Hzd,7Im9JRMR5HVp9PmHjCsv75
2TIspL1OM87MHwNnKw9Hzd,4qAPq3U8GkcKmU8lQcsKLD
2TIspL1OM87MHwNnKw9Hzd,01TreyTchXP0J1Mn6wcVHt
1xcvp1otQZsNxAj6zZAhzX,6PGoSes0D9eUDeeAafB2As
1xcvp1otQZsNxAj6zZAhzX,5N4erncE7kuUccm7zEmwzk
1xcvp1otQZsNxAj6zZAhzX,0heN9cMWnihHKO1Opk9krk
1xcvp1otQZsNxAj6zZAhzX,6qx5Oj3tfyvOYbaUq3e7YR
1xcvp1otQZsNxAj6zZAhzX,3psB8LAWdw813k9ZmLvjmZ
1xcvp1otQZsNxAj6zZAhzX,2Yer0p7uB2lVBUAtANuuQp
1xcvp1otQZsNxAj6zZAhzX,0OgGn1ofaj55l2PcihQQGV
1xcvp1otQZsNxAj6zZAhzX,3G9zeErd0kMx012kmYUrm7
1xcvp1otQZsNxAj6zZAhzX,6u1sN2DFrKZBDdkdb1L76X
1xcvp1otQZsNxAj6zZAhzX,2LHIwubgdCjbbBaoP9gkWB
1xcvp1otQZsNxAj6zZAhzX,44vRqc3avC18xRkKxOykYG
1xcvp1otQZsNxAj6zZAhzX,7JVfDagtyWy9bYsaf37H9K
1xcvp1otQZsNxAj6zZAhzX,1nMULe4EavfF8SZHQ3Pag9
1xcvp1otQZsNxAj6zZAhzX,5afUDcvcLUdt7Rn4FlSzIE
1xcvp1otQZsNxAj6zZAhzX,0PrWvpGA2x40gs53jche20
1xcvp1otQZsNxAj6zZAhzX,5IvdLxVB8gwwcgnEkXSSW2
1xcvp1otQZsNxAj6zZAhzX,3gFgp6Ofp808Kc2qLQiN5e
1xcvp1otQZsNxAj6zZAhzX,4tWCc7B1vWkmaVTDv1OS1q
1xcvp1otQZsNxAj6zZAhzX,7CKR3FcBqSsGcgce0ECe1z
1xcvp1otQZsNxAj6zZAhzX,19Fcrc0nJiwMKom00gS9SW
1xcvp1otQZsNxAj6zZAhzX,6SOZvJlUN1OxY3XLCZnur8
1xcvp1otQZsNxAj6zZAhzX,5vad0eq5x3f3rtRlo8GnL4
1xcvp1otQZsNxAj6zZAhzX,7hySbX6I73xmWGN9HERH3u
1xcvp1otQZsNxAj6zZAhzX,7DBcFt6GCDL49KjGbCdHPz
1xcvp1otQZsNxAj6zZAhzX,0HY3TAkkSFpPie38DG8wiB
1xcvp1otQZsNxAj6zZAhzX,38HMdlq9k1srDrQavwIFvY
1xcvp1otQZsNxAj6zZAhzX,1gnwGVoG7V08vMX3hyr90x
1xcvp1otQZsNxAj6zZAhzX,6IaieqiCVvsNvEt6Y7yOFa
1xcvp1otQZsNxAj6zZAhzX,5KDfDLEaGAQ2uyuzsWByVa
1xcvp1otQZsNxAj6zZAhzX,6rrTr2HEAzlpC4KWZxF3S1
1xcvp1otQZsNxAj6zZAhzX,1dxy88oPzmIN9QAyCNfXmW
1xcvp1otQZsNxAj6zZAhzX,0UJQB3zM4ZtwndkjFQVJjK
1xcvp1otQZsNxAj6zZAhzX,2CXGCL9R224qnBBrS9rUJw
1xcvp1otQZsNxAj6zZAhzX,0gJ9wUs6cfnyZXN8U58vAx
1xcvp1otQZsNxAj6zZAhzX,01JPQ87UHeGysPVwTqMJHK
1xcvp1otQZsNxAj6zZAhzX,5VqKdNoamMXrmRmqVmi9ke
1xcvp1otQZsNxAj6zZAhzX,3ZFekh9adaBDBxugiWwIJU
1xcvp1otQZsNxAj6zZAhzX,74ZGCsRTbnaNDg8cjWSdoR
1xcvp1otQZsNxAj6zZAhzX,5GNjiM8jZCgbqjHklAcT9e
1xcvp1otQZsNxAj6zZAhzX,6r05pfZigq7Arg25pi2vRm
1xcvp1otQZsNxAj6zZAhzX,43tgC5pTYJpc5D3C9HRwEg
1xcvp1otQZsNxAj6zZAhzX,1EXotCuzdXR34W1MoP6Um7
080mQkkq9vjctnQZWoeV7r,4lFfMRH0YH4pW5gczTDbNC
080mQkkq9vjctnQZWoeV7r,36YutBq4lokWfRAFXJ6qrF
080mQkkq9vjctnQZWoeV7r,2Uws5LNuLkvf9aR14UM3x2
080mQkkq9vjctnQZWoeV7r,5sulMp8BnWKlR9PqEH5G9M
080mQkkq9vjctnQZWoeV7r,3yH0lPt0VXEWayVtkiBELO
080mQkkq9vjctnQZWoeV7r,2Tuc96S4JToUiQSLW3aMec
080mQkkq9vjctnQZWoeV7r,33pMoOBpwJD9cF45ukuXaJ
080mQkkq9vjctnQZWoeV7r,2EcQY09CYgJ1qk6H1qZf8h
080mQkkq9vjctnQZWoeV7r,3NgCzSW98SsqBdpYcnm4kv
080mQkkq9vjctnQZWoeV7r,1ArLnG0bHaHPXqf08sEKM0
080mQkkq9vjctnQZWoeV7r,62IVsvOq7ZBi9rS1zf8jcV
080mQkkq9vjctnQZWoeV7r,2CsSaYUPI57QaeB90gwzGT
080mQkkq9vjctnQZWoeV7r,0Nt9OgNZ856RjKIPldNRf9
080mQkkq9vjctnQZWoeV7r,570ZDO2Lmh6NQChOU5xPUL
080mQkkq9vjctnQZWoeV7r,74ABBu8osxqmuFOAKcWWpG
080mQkkq9vjctnQZWoeV7r,5mymaL5wREERekNoPojzyG
080mQkkq9vjctnQZWoeV7r,3ZzKKSPEOIfaSqkZ0cwXtN
080mQkkq9vjctnQZWoeV7r,3ZFekh9adaBDBxugiWwIJU
080mQkkq9vjctnQZWoeV7r,2PKtScTQbkolbNL2JXOoxf
080mQkkq9vjctnQZWoeV7r,5SIe3gy33G2i0oMexandjR
080mQkkq9vjctnQZWoeV7r,5yrXolC7Un3peiFxwqbucn
080mQkkq9vjctnQZWoeV7r,2AZnaJ9MLerdNPS1BmmzZD
080mQkkq9vjctnQZWoeV7r,4E3afPSY5fUEelQS9ppL0e
080mQkkq9vjctnQZWoeV7r,63bo7NDoWdMFXufhsYOxwG
080mQkkq9vjctnQZWoeV7r,14JzyD6FlBD5z0wV5P07YI
080mQkkq9vjctnQZWoeV7r,2MKIadkPrRqaivpyn6cnI0
080mQkkq9vjctnQZWoeV7r,2FhTvTUcbTRIxvNmdpjtbw
080mQkkq9vjctnQZWoeV7r,7eB1V5LvAdxCc7brfGhRRo
080mQkkq9vjctnQZWoeV7r,2yUIjUh9zQCahXZ9dS7D5X
080mQkkq9vjctnQZWoeV7r,2vdBo4ALPYbHRUPKgtE5iC
080mQkkq9vjctnQZWoeV7r,6dykAIAUe10GWeNUs0Rsre
080mQkkq9vjctnQZWoeV7r,6brwAQ6P9ypRb7S8IvtYcx
080mQkkq9vjctnQZWoeV7r,2ktg2oZDyFAX3iY1QNkXl5
080mQkkq9vjctnQZWoeV7r,3ri08lx68DvAbQuqLuZoFM
080mQkkq9vjctnQZWoeV7r,0aSW5EMeNnQSMJQ8QN3zIW
080mQkkq9vjctnQZWoeV7r,18Zr5WWu7X9LVool3pJRum
080mQkkq9vjctnQZWoeV7r,0UJQB3zM4ZtwndkjFQVJjK
080mQkkq9vjctnQZWoeV7r,4k6hX9RKD096K1NCjjJZLc
080mQkkq9vjctnQZWoeV7r,67H8U1DqJMTv9vCg7P95uR
080mQkkq9vjctnQZWoeV7r,4wiACE1Lc7PNBglGoA6Ura
080mQkkq9vjctnQZWoeV7r,6dJ6jS0YAYWiyKS5krG6Oo
080mQkkq9vjctnQZWoeV7r,7cLm450e9XaPrEZTSTsfwU
080mQkkq9vjctnQZWoeV7r,19woxaSpjOefa2JnAOoqW5
080mQkkq9vjctnQZWoeV7r,4h6ViRoztTBpWcJ1zFT9Zg
080mQkkq9vjctnQZWoeV7r,2OvV4NjEBRE9v8Oo7QeUCq
080mQkkq9vjctnQZWoeV7r,4qYHnP5AmKzXbJhciPV8si
080mQkkq9vjctnQZWoeV7r,3EFbnBUr70peMlk8g5XzT3
080mQkkq9vjctnQZWoeV7r,6nRvgo4ySezQKD1D7NIqAu
080mQkkq9vjctnQZWoeV7r,3BQHpFgAp4l80e1XslIjNI
080mQkkq9vjctnQZWoeV7r,6X9bzNEsiGl82OkEs0xR6X
080mQkkq9vjctnQZWoeV7r,0zXXqCxifU2u8jfW2r4POb
080mQkkq9vjctnQZWoeV7r,5g6FCPU1r3C88vUsFtat16
080mQkkq9vjctnQZWoeV7r,6yLX8QnxlnEqZfs3YKCfjF
080mQkkq9vjctnQZWoeV7r,3fMKnwiByu9yfeD5ISn9Et
080mQkkq9vjctnQZWoeV7r,6UYbfl9DezNycg2DCNcGQO
080mQkkq9vjctnQZWoeV7r,2Cu5ExXidcoE4vF5hIYict
080mQkkq9vjctnQZWoeV7r,62V7d5KxK1FHRMnjlHSr9A
080mQkkq9vjctnQZWoeV7r,10vkYRKw6Jjr7try1ir50G
080mQkkq9vjctnQZWoeV7r,2AwCsgb9YMkjfe471IOEvf
080mQkkq9vjctnQZWoeV7r,1HfMVBKM75vxSfsQ5VefZ5
080mQkkq9vjctnQZWoeV7r,2RQAG0wQt35UzAPEyVJFWN
080mQkkq9vjctnQZWoeV7r,2FNPJWVdGxYhWaotd6rULS
080mQkkq9vjctnQZWoeV7r,0Nt3UdaA4KrHEUSNwq9nCI
080mQkkq9vjctnQZWoeV7r,2JonPpQM16rCfa8ZFrBemE
080mQkkq9vjctnQZWoeV7r,7oyZBFN3b4fwWocws5NBcY
080mQkkq9vjctnQZWoeV7r,4OtHGdb0KqEbaWb6edUnR9
080mQkkq9vjctnQZWoeV7r,2WdpN2wddjYW3y5YJhKwJy
080mQkkq9vjctnQZWoeV7r,4zMmqb0pYwX6b0qc0slCoT
080mQkkq9vjctnQZWoeV7r,1ZMiCix7XSAbfAJlEZWMCp
080mQkkq9vjctnQZWoeV7r,49PA9bPJb2lQPrxA4myVV5
080mQkkq9vjctnQZWoeV7r,3LRbalLzZcuvSR6jVnqclh
080mQkkq9vjctnQZWoeV7r,7EOFeooPThcksfYYeeeLO5
080mQkkq9vjctnQZWoeV7r,7nKiLyUUSbNUwaoMBzBeQO
080mQkkq9vjctnQZWoeV7r,3PqfIzjdXFkes2nqnJZVyL
080mQkkq9vjctnQZWoeV7r,5Y1Hn0tt4w9QpTls6ukPRT
080mQkkq9vjctnQZWoeV7r,1x9ahz0ALGHgbN9wwDjmre
080mQkkq9vjctnQZWoeV7r,4PPsTW4dnB1W18QGT168XA
6qmu2lDbKyedeAfNMgJqFp,1xWH8zYtDeS9mW1JJG23VZ
6qmu2lDbKyedeAfNMgJqFp,6euozmIGRL6aVin2ksJEJ2
6qmu2lDbKyedeAfNMgJqFp,0pMfPzdRiPAoSM9yWF4OcT
6qmu2lDbKyedeAfNMgJqFp,3zEKbhms2GDJQXaOLZZjAH
6qmu2lDbKyedeAfNMgJqFp,6Hgh47WXVKtXN5zGOu0hjI
6qmu2lDbKyedeAfNMgJqFp,6j4w8O8gEseBUZTOo8vYMK
6qmu2lDbKyedeAfNMgJqFp,4TZdeM7zelZGz6JPrXSEZ1
6qmu2lDbKyedeAfNMgJqFp,6lsniCxgY5bSJLKrhX1qSN
6qmu2lDbKyedeAfNMgJqFp,5Xn4IyTtW6FUGIUyWjbUHG
6qmu2lDbKyedeAfNMgJqFp,6Poyf51k7W3NKnsGwAI90B
6qmu2lDbKyedeAfNMgJqFp,6iOvnACn4ChlAw4lWUU4dd
6qmu2lDbKyedeAfNMgJqFp,5N4erncE7kuUccm7zEmwzk
6qmu2lDbKyedeAfNMgJqFp,5aRZk9oWIYUB5alrTs8TTV
6qmu2lDbKyedeAfNMgJqFp,0xIUsG9UrBgOOMtnRhpbG3
6qmu2lDbKyedeAfNMgJqFp,3ht2PBKbkqSJ0XEkQuNHnZ
6qmu2lDbKyedeAfNMgJqFp,228WTI8Os2uIgVJrMVO026
6qmu2lDbKyedeAfNMgJqFp,65OzTXP2Atva3eOmfKpKOP
6qmu2lDbKyedeAfNMgJqFp,3yH0lPt0VXEWayVtkiBELO
6qmu2lDbKyedeAfNMgJqFp,0heN9cMWnihHKO1Opk9krk
6qmu2lDbKyedeAfNMgJqFp,3MBHhhVQiGLX28NolyIdY1
6qmu2lDbKyedeAfNMgJqFp,6qx5Oj3tfyvOYbaUq3e7YR
6qmu2lDbKyedeAfNMgJqFp,5DrPVWMUapjGznorkXTi24
6qmu2lDbKyedeAfNMgJqFp,2Uws5LNuLkvf9aR14UM3x2
6qmu2lDbKyedeAfNMgJqFp,3psB8LAWdw813k9ZmLvjmZ
6qmu2lDbKyedeAfNMgJqFp,2Yer0p7uB2lVBUAtANuuQp
6qmu2lDbKyedeAfNMgJqFp,0OgGn1ofaj55l2PcihQQGV
6qmu2lDbKyedeAfNMgJqFp,3G9zeErd0kMx012kmYUrm7
6qmu2lDbKyedeAfNMgJqFp,6u1sN2DFrKZBDdkdb1L76X
6qmu2lDbKyedeAfNMgJqFp,6qBjkG0b9r7tuVDFl68uiT
6qmu2lDbKyedeAfNMgJqFp,2LHIwubgdCjbbBaoP9gkWB
6qmu2lDbKyedeAfNMgJqFp,41zXlQxzTi6cGAjpOXyLYH
6qmu2lDbKyedeAfNMgJqFp,3bCvljgYCvhAKyAYS8wdz3
6qmu2lDbKyedeAfNMgJqFp,44vRqc3avC18xRkKxOykYG
6qmu2lDbKyedeAfNMgJqFp,7JVfDagtyWy9bYsaf37H9K
6qmu2lDbKyedeAfNMgJqFp,1nMULe4EavfF8SZHQ3Pag9
6qmu2lDbKyedeAfNMgJqFp,5afUDcvcLUdt7Rn4FlSzIE
6qmu2lDbKyedeAfNMgJqFp,0PrWvpGA2x40gs53jche20
6qmu2lDbKyedeAfNMgJqFp,5IvdLxVB8gwwcgnEkXSSW2
6qmu2lDbKyedeAfNMgJqFp,3gFgp6Ofp808Kc2qLQiN5e
6qmu2lDbKyedeAfNMgJqFp,4tWCc7B1vWkmaVTDv1OS1q
1cr7eqLR0NHaTXXtd1O1Mc,0rHNvTGmo3JRb3PgGvWles
1cr7eqLR0NHaTXXtd1O1Mc,4HCcvFdHfwR2u3WPPPVRv6
1cr7eqLR0NHaTXXtd1O1Mc,5YUw6twdoSVpfEnMB0FGqL
1cr7eqLR0NHaTXXtd1O1Mc,4Pbg79cTBu4vgSphoyNq3j
1cr7eqLR0NHaTXXtd1O1Mc,6hs3SDnbO3f6VQuPO4KBEb
1cr7eqLR0NHaTXXtd1O1Mc,2iPo6qr1P0xQDWgbLCAJ7t
1cr7eqLR0NHaTXXtd1O1Mc,2hAbbp7lGnXsfbj3INaAIA
1cr7eqLR0NHaTXXtd1O1Mc,5uQzUkYzaz3SiT0XtnxFPw
1cr7eqLR0NHaTXXtd1O1Mc,52qH79XktzCUPkN0dlRbUs
1cr7eqLR0NHaTXXtd1O1Mc,5FTCKvxzqy72ceS4Ujux4N
1cr7eqLR0NHaTXXtd1O1Mc,6tATRoq8sbvKFHzvMncBc3
1cr7eqLR0NHaTXXtd1O1Mc,5JptZmp8MP1eBkbQfPFX3r
1cr7eqLR0NHaTXXtd1O1Mc,6fTdcGsjxlAD9PSkoPaLMX
1cr7eqLR0NHaTXXtd1O1Mc,3AVE9qpiII7fyKjENTN8YI
1cr7eqLR0NHaTXXtd1O1Mc,5ppjtLheLgMk3jtZXnNjC4
1cr7eqLR0NHaTXXtd1O1Mc,7noud145AHZGg74vpWOsCa
1cr7eqLR0NHaTXXtd1O1Mc,79Mjfhh393dZdAsTvUFDR6
1cr7eqLR0NHaTXXtd1O1Mc,0OnfGJsCc1m9utfUYqid6O
1cr7eqLR0NHaTXXtd1O1Mc,3XRosKfSgFSDIb6YVpApIl
1cr7eqLR0NHaTXXtd1O1Mc,51uSdHnscXteAHobjelq6G
1cr7eqLR0NHaTXXtd1O1Mc,6ktyYQc64vYADA2hoatSmp
1cr7eqLR0NHaTXXtd1O1Mc,3LHYmz86DxGInsRp3wiiW5
1cr7eqLR0NHaTXXtd1O1Mc,0rmMciOccq9HDXeKOfkABd
1cr7eqLR0NHaTXXtd1O1Mc,78TTtXnFQPzwqlbtbwqN0y
1cr7eqLR0NHaTXXtd1O1Mc,4mLkiFppf8Xvem6BSY34qw
1cr7eqLR0NHaTXXtd1O1Mc,1xWH8zYtDeS9mW1JJG23VZ
1cr7eqLR0NHaTXXtd1O1Mc,5YeHLHDdQ4nKHk81XFWhCU
1cr7eqLR0NHaTXXtd1O1Mc,7sPbp28sThpD4opAhQsMTx
1cr7eqLR0NHaTXXtd1O1Mc,4vlnIIEJCooktVkmXtpjgZ
1cr7eqLR0NHaTXXtd1O1Mc,6euozmIGRL6aVin2ksJEJ2
1cr7eqLR0NHaTXXtd1O1Mc,228WTI8Os2uIgVJrMVO026
1cr7eqLR0NHaTXXtd1O1Mc,2U2Z1IXnmJIvlknWizFykZ
1cr7eqLR0NHaTXXtd1O1Mc,0pMfPzdRiPAoSM9yWF4OcT
1cr7eqLR0NHaTXXtd1O1Mc,38TgLPNHsPzgqri5G4SPun
1cr7eqLR0NHaTXXtd1O1Mc,3zEKbhms2GDJQXaOLZZjAH
1cr7eqLR0NHaTXXtd1O1Mc,6Hgh47WXVKtXN5zGOu0hjI
4rDaZ14XZTH8EMFoMMrreN,40pjk9HXKCxFrsAhKwQKBJ
4rDaZ14XZTH8EMFoMMrreN,72Dd7GCaepMi8ktuXxmSZF
4rDaZ14XZTH8EMFoMMrreN,7n4V3coGLROMnCLNXz8JJe
4rDaZ14XZTH8EMFoMMrreN,4VLViQtnHrWrDdDoigG3dR
4rDaZ14XZTH8EMFoMMrreN,2CnH4xbQYq0RmCzf4HjlQZ
4rDaZ14XZTH8EMFoMMrreN,6iacLDB05P5i7uC1pSY7Wz
4rDaZ14XZTH8EMFoMMrreN,389hKTL3ZBPPWP3VuXfEyv
4rDaZ14XZTH8EMFoMMrreN,4qQj5RXJk7zaz5EUIgs5y1
4rDaZ14XZTH8EMFoMMrreN,7Ec5VCqrysMwRe9tFH61jK
4rDaZ14XZTH8EMFoMMrreN,10EdIGnkizaN7v1uYljTd7
4rDaZ14XZTH8EMFoMMrreN,76ZI8PbCa0QIactv5Hkkhg
4rDaZ14XZTH8EMFoMMrreN,083Qf6hn6sFL6xiOHlZUyn
4rDaZ14XZTH8EMFoMMrreN,4F1yvJfQ7gJkrcgFJQDjOr
4rDaZ14XZTH8EMFoMMrreN,66YmH1Yfutdry1xN3mYune
4rDaZ14XZTH8EMFoMMrreN,6XddLa3bdlJJQC6sImufdH
4rDaZ14XZTH8EMFoMMrreN,36YutBq4lokWfRAFXJ6qrF
4rDaZ14XZTH8EMFoMMrreN,4jwP0pxx7su04FYc6J12EQ
4rDaZ14XZTH8EMFoMMrreN,0NTMtAO2BV4tnGvw9EgBVq
4rDaZ14XZTH8EMFoMMrreN,1GAHIJ5a6AFbIW5yjrGdAz
4rDaZ14XZTH8EMFoMMrreN,1Omt5bfz1tZUCqd26HxbS0
4rDaZ14XZTH8EMFoMMrreN,0226tvCDy7lC9FouuAPGFT
4rDaZ14XZTH8EMFoMMrreN,4A5xudYbdebL4Wl5pEjWPl
4rDaZ14XZTH8EMFoMMrreN,5e9TFTbltYBg2xThimr0rU
4rDaZ14XZTH8EMFoMMrreN,13Gt4A1ZbYkZbfdQsjKGR6
4rDaZ14XZTH8EMFoMMrreN,7gkWXbAxIYuvtOpcN3p9GJ
4rDaZ14XZTH8EMFoMMrreN,4j3GWI86JvSaF0BLdmgcfF
4rDaZ14XZTH8EMFoMMrreN,6VpN3fL6LBIeAbRpGlJCII
4rDaZ14XZTH8EMFoMMrreN,2dqg6jHb6ubKaXi4GbnYi0
4rDaZ14XZTH8EMFoMMrreN,5TVlcZRCVoJVi9OaDvGxEB
4rDaZ14XZTH8EMFoMMrreN,44vRqc3avC18xRkKxOykYG
4rDaZ14XZTH8EMFoMMrreN,7sk73N1SgNZweS3ozl3NXs
4rDaZ14XZTH8EMFoMMrreN,3xCsHloPBl211Yi4UEUUcm
4rDaZ14XZTH8EMFoMMrreN,5IUJbyH662qUfyjvI8hWWb
6lkjPwb4TnvqCzZPYkOt3k,40pjk9HXKCxFrsAhKwQKBJ
6lkjPwb4TnvqCzZPYkOt3k,6Cw5g0NsXqcyTUlsouIZYk
6lkjPwb4TnvqCzZPYkOt3k,1OgtE18YQgR19wPupF4wnc
6lkjPwb4TnvqCzZPYkOt3k,19woxaSpjOefa2JnAOoqW5
6lkjPwb4TnvqCzZPYkOt3k,6kPJZM97LwdG9QIsT7khp6
6lkjPwb4TnvqCzZPYkOt3k,5DrACadFfJMMQCCS02Px0a
6lkjPwb4TnvqCzZPYkOt3k,2fXwCWkh6YG5zU1IyvQrbs
6lkjPwb4TnvqCzZPYkOt3k,5QTdOvIF2ehBMZpSIIGzIo
6lkjPwb4TnvqCzZPYkOt3k,18W92Zm1KjLCbUIszOhpkD
6lkjPwb4TnvqCzZPYkOt3k,2OWKDTonST8HNko3dBlPPp
6lkjPwb4TnvqCzZPYkOt3k,558HRGwvWjbk9nmbIoGsKn
6lkjPwb4TnvqCzZPYkOt3k,083Qf6hn6sFL6xiOHlZUyn
6lkjPwb4TnvqCzZPYkOt3k,3Dwq1oiOFys6Sxr5SslmXw
6lkjPwb4TnvqCzZPYkOt3k,5kRPPEWFJIMox5qIkQkiz5
6lkjPwb4TnvqCzZPYkOt3k,5Lbsc65org0b85kNsPkluY
6lkjPwb4TnvqCzZPYkOt3k,33SNO8AaciGbNaQFkxvPrW
6lkjPwb4TnvqCzZPYkOt3k,5LABCxgmP7DATATIJXOh6n
6lkjPwb4TnvqCzZPYkOt3k,33bURv895AN4FkBvgFo2dx
6lkjPwb4TnvqCzZPYkOt3k,1IF5UcqRO42D12vYwceOY6
6lkjPwb4TnvqCzZPYkOt3k,4YutJsNwBBInE8vemufpQ8
6lkjPwb4TnvqCzZPYkOt3k,5nFyaoBWwwMJ9fv33tZ2MB
6lkjPwb4TnvqCzZPYkOt3k,6iacLDB05P5i7uC1pSY7Wz
7ycj6lfTytcWumumzW3fuv,7Fg342AJtNsIDdwCfX0paC
7ycj6lfTytcWumumzW3fuv,4j2j3xpRf4tEJx9kRTw0nk
7ycj6lfTytcWumumzW3fuv,6hPG9EjJ2NwmWvIzndbPzK
7ycj6lfTytcWumumzW3fuv,6IaieqiCVvsNvEt6Y7yOFa
7ycj6lfTytcWumumzW3fuv,5nASGGi1QarKyMmGg2fhaB
7ycj6lfTytcWumumzW3fuv,5jPoHxIRB1X5QUsL60x8F1
7ycj6lfTytcWumumzW3fuv,5Vm7wZwQYskBsfvTyulGWT
7ycj6lfTytcWumumzW3fuv,1W6wxOOYyJyyok8fqYSZ3m
7ycj6lfTytcWumumzW3fuv,5IUJbyH662qUfyjvI8hWWb
7ycj6lfTytcWumumzW3fuv,1tAoLzNNXRabfHHzSqdk3R
7ycj6lfTytcWumumzW3fuv,79GsUxLyzxgnN4I1E11dtO
7ycj6lfTytcWumumzW3fuv,1cTZMwcBJT0Ka3UJPXOeeN
7ycj6lfTytcWumumzW3fuv,6MP5WAK2U7gKWldflqhPCr
7ycj6lfTytcWumumzW3fuv,4CoM21pk8SxQh4L7ijqhRu
7ycj6lfTytcWumumzW3fuv,7bN8Qvpq6xkI08wXCq1A1R
7ycj6lfTytcWumumzW3fuv,4E3FwGMzfnpG5TScXYUiaZ
7ycj6lfTytcWumumzW3fuv,4KtAeSxfNSWFrJCergMHpz
7ycj6lfTytcWumumzW3fuv,5OpiyfqaQLdtwHd3SfembH
7ycj6lfTytcWumumzW3fuv,2EznBGrlmx9wBeYgyDojsA
7ycj6lfTytcWumumzW3fuv,3nzx5fX3LM6YDPyuBe2ynK
7ycj6lfTytcWumumzW3fuv,1hSOt9IeshMkuKP9ri4hOf
7ycj6lfTytcWumumzW3fuv,74sfJjVq74bYkxMQoOhH3r
7ycj6lfTytcWumumzW3fuv,28mC5c6RrsxPlNX0yckfSG
7ycj6lfTytcWumumzW3fuv,0UJmSMFB05CyY3dTps6g2c
7ycj6lfTytcWumumzW3fuv,4JXXyXK12F0LGuYyxI1DGv
7ycj6lfTytcWumumzW3fuv,5CDrDzan4wRW3Dj4LD6meH
7ycj6lfTytcWumumzW3fuv,06EAtSDu3KSoi4fbA3ZjoB
7ycj6lfTytcWumumzW3fuv,3UdqRifYD8RRa4Ekc7DNOU
7ycj6lfTytcWumumzW3fuv,4qexD6ObR5nzpFJNpvQxIr
7ycj6lfTytcWumumzW3fuv,083Qf6hn6sFL6xiOHlZUyn
7ycj6lfTytcWumumzW3fuv,0jjHmmFPqKM6nI8EIAxgYB
7ycj6lfTytcWumumzW3fuv,5KHiwPWItRUP3Z4Cut6dHg
7ycj6lfTytcWumumzW3fuv,407qAIie8sIEgquKD1AAd2
7ycj6lfTytcWumumzW3fuv,1Omt5bfz1tZUCqd26HxbS0
7ycj6lfTytcWumumzW3fuv,1sfTdlWfcFdI7NfmcfZPii
7ycj6lfTytcWumumzW3fuv,7bg7YfErUZJ2eyYzNVEti1
7ycj6lfTytcWumumzW3fuv,72Dd7GCaepMi8ktuXxmSZF
7ycj6lfTytcWumumzW3fuv,40pjk9HXKCxFrsAhKwQKBJ
7ycj6lfTytcWumumzW3fuv,2R4O7MgIrN35QXnyLKMFVl
7ycj6lfTytcWumumzW3fuv,7JSixgF6zx9HroDMRnjn7p
7ycj6lfTytcWumumzW3fuv,4VLViQtnHrWrDdDoigG3dR
7ycj6lfTytcWumumzW3fuv,5uVAeAn8eplSUydrWU3ci9
7ycj6lfTytcWumumzW3fuv,1LaqQwmSqnRiNHH7B5Duvk
7ycj6lfTytcWumumzW3fuv,65Jn5Qjcm56z4MgJlvxbuv
7ycj6lfTytcWumumzW3fuv,6tATRoq8sbvKFHzvMncBc3
7ycj6lfTytcWumumzW3fuv,7d56WYqFkqL7y9V7PnMj7W
7ycj6lfTytcWumumzW3fuv,1Tpumw7gWMPujKYoMXHI6I
7ycj6lfTytcWumumzW3fuv,2CnH4xbQYq0RmCzf4HjlQZ
7ycj6lfTytcWumumzW3fuv,35zxgTnwaPoPD8JI9gi6v0
7ycj6lfTytcWumumzW3fuv,1KSc4Xzia9zHCnfxedX3JY
7ycj6lfTytcWumumzW3fuv,4fKy2IhALYKY88boXpCHz0
7ycj6lfTytcWumumzW3fuv,0Le7CGCuX9Vth13xdCgDCe
